Fitter report for DE2_115_D8M_RTL
Wed Sep 09 23:48:34 2026
Quartus Prime Version 18.1.0 Build 625 09/12/2018 SJ Lite Edition


---------------------
; Table of Contents ;
---------------------
  1. Legal Notice
  2. Fitter Summary
  3. Fitter Settings
  4. Parallel Compilation
  5. Ignored Assignments
  6. Incremental Compilation Preservation Summary
  7. Incremental Compilation Partition Settings
  8. Incremental Compilation Placement Preservation
  9. Pin-Out File
 10. Fitter Resource Usage Summary
 11. Fitter Partition Statistics
 12. Input Pins
 13. Output Pins
 14. Bidir Pins
 15. Dual Purpose and Dedicated Pins
 16. I/O Bank Usage
 17. All Package Pins
 18. PLL Summary
 19. PLL Usage
 20. I/O Assignment Warnings
 21. Fitter Resource Utilization by Entity
 22. Delay Chain Summary
 23. Pad To Core Delay Chain Fanout
 24. Control Signals
 25. Global & Other Fast Signals
 26. Non-Global High Fan-Out Signals
 27. Fitter RAM Summary
 28. Routing Usage Summary
 29. LAB Logic Elements
 30. LAB-wide Signals
 31. LAB Signals Sourced
 32. LAB Signals Sourced Out
 33. LAB Distinct Inputs
 34. I/O Rules Summary
 35. I/O Rules Details
 36. I/O Rules Matrix
 37. Fitter Device Options
 38. Operating Settings and Conditions
 39. Estimated Delay Added for Hold Timing Summary
 40. Estimated Delay Added for Hold Timing Details
 41. Fitter Messages
 42. Fitter Suppressed Messages



----------------
; Legal Notice ;
----------------
Copyright (C) 2018  Intel Corporation. All rights reserved.
Your use of Intel Corporation's design tools, logic functions 
and other software and tools, and its AMPP partner logic 
functions, and any output files from any of the foregoing 
(including device programming or simulation files), and any 
associated documentation or information are expressly subject 
to the terms and conditions of the Intel Program License 
Subscription Agreement, the Intel Quartus Prime License Agreement,
the Intel FPGA IP License Agreement, or other applicable license
agreement, including, without limitation, that your use is for
the sole purpose of programming logic devices manufactured by
Intel and sold by Intel or its authorized distributors.  Please
refer to the applicable agreement for further details.



+----------------------------------------------------------------------------------+
; Fitter Summary                                                                   ;
+------------------------------------+---------------------------------------------+
; Fitter Status                      ; Successful - Wed Sep 09 23:48:34 2026       ;
; Quartus Prime Version              ; 18.1.0 Build 625 09/12/2018 SJ Lite Edition ;
; Revision Name                      ; DE2_115_D8M_RTL                             ;
; Top-level Entity Name              ; DE2_115_D8M_RTL                             ;
; Family                             ; Cyclone IV E                                ;
; Device                             ; EP4CE115F29C7                               ;
; Timing Models                      ; Final                                       ;
; Total logic elements               ; 3,974 / 114,480 ( 3 % )                     ;
;     Total combinational functions  ; 2,429 / 114,480 ( 2 % )                     ;
;     Dedicated logic registers      ; 2,961 / 114,480 ( 3 % )                     ;
; Total registers                    ; 2961                                        ;
; Total pins                         ; 217 / 529 ( 41 % )                          ;
; Total virtual pins                 ; 0                                           ;
; Total memory bits                  ; 901,120 / 3,981,312 ( 23 % )                ;
; Embedded Multiplier 9-bit elements ; 0 / 532 ( 0 % )                             ;
; Total PLLs                         ; 3 / 4 ( 75 % )                              ;
+------------------------------------+---------------------------------------------+


+----------------------------------------------------------------------------------------------------------------------------------------------------+
; Fitter Settings                                                                                                                                    ;
+--------------------------------------------------------------------+---------------------------------------+---------------------------------------+
; Option                                                             ; Setting                               ; Default Value                         ;
+--------------------------------------------------------------------+---------------------------------------+---------------------------------------+
; Device                                                             ; EP4CE115F29C7                         ;                                       ;
; Minimum Core Junction Temperature                                  ; 0                                     ;                                       ;
; Maximum Core Junction Temperature                                  ; 85                                    ;                                       ;
; Fit Attempts to Skip                                               ; 0                                     ; 0.0                                   ;
; Device I/O Standard                                                ; 3.3-V LVTTL                           ;                                       ;
; Use smart compilation                                              ; Off                                   ; Off                                   ;
; Enable parallel Assembler and Timing Analyzer during compilation   ; On                                    ; On                                    ;
; Enable compact report table                                        ; Off                                   ; Off                                   ;
; Auto Merge PLLs                                                    ; On                                    ; On                                    ;
; Router Timing Optimization Level                                   ; Normal                                ; Normal                                ;
; Perform Clocking Topology Analysis During Routing                  ; Off                                   ; Off                                   ;
; Placement Effort Multiplier                                        ; 1.0                                   ; 1.0                                   ;
; Router Effort Multiplier                                           ; 1.0                                   ; 1.0                                   ;
; Optimize Hold Timing                                               ; All Paths                             ; All Paths                             ;
; Optimize Multi-Corner Timing                                       ; On                                    ; On                                    ;
; Power Optimization During Fitting                                  ; Normal compilation                    ; Normal compilation                    ;
; SSN Optimization                                                   ; Off                                   ; Off                                   ;
; Optimize Timing                                                    ; Normal compilation                    ; Normal compilation                    ;
; Optimize Timing for ECOs                                           ; Off                                   ; Off                                   ;
; Regenerate Full Fit Report During ECO Compiles                     ; Off                                   ; Off                                   ;
; Optimize IOC Register Placement for Timing                         ; Normal                                ; Normal                                ;
; Limit to One Fitting Attempt                                       ; Off                                   ; Off                                   ;
; Final Placement Optimizations                                      ; Automatically                         ; Automatically                         ;
; Fitter Aggressive Routability Optimizations                        ; Automatically                         ; Automatically                         ;
; Fitter Initial Placement Seed                                      ; 1                                     ; 1                                     ;
; Periphery to Core Placement and Routing Optimization               ; Off                                   ; Off                                   ;
; PCI I/O                                                            ; Off                                   ; Off                                   ;
; Weak Pull-Up Resistor                                              ; Off                                   ; Off                                   ;
; Enable Bus-Hold Circuitry                                          ; Off                                   ; Off                                   ;
; Auto Packed Registers                                              ; Auto                                  ; Auto                                  ;
; Auto Delay Chains                                                  ; On                                    ; On                                    ;
; Auto Delay Chains for High Fanout Input Pins                       ; Off                                   ; Off                                   ;
; Allow Single-ended Buffer for Differential-XSTL Input              ; Off                                   ; Off                                   ;
; Treat Bidirectional Pin as Output Pin                              ; Off                                   ; Off                                   ;
; Perform Physical Synthesis for Combinational Logic for Fitting     ; Off                                   ; Off                                   ;
; Perform Physical Synthesis for Combinational Logic for Performance ; Off                                   ; Off                                   ;
; Perform Register Duplication for Performance                       ; Off                                   ; Off                                   ;
; Perform Logic to Memory Mapping for Fitting                        ; Off                                   ; Off                                   ;
; Perform Register Retiming for Performance                          ; Off                                   ; Off                                   ;
; Perform Asynchronous Signal Pipelining                             ; Off                                   ; Off                                   ;
; Fitter Effort                                                      ; Auto Fit                              ; Auto Fit                              ;
; Physical Synthesis Effort Level                                    ; Normal                                ; Normal                                ;
; Logic Cell Insertion - Logic Duplication                           ; Auto                                  ; Auto                                  ;
; Auto Register Duplication                                          ; Auto                                  ; Auto                                  ;
; Auto Global Clock                                                  ; On                                    ; On                                    ;
; Auto Global Register Control Signals                               ; On                                    ; On                                    ;
; Reserve all unused pins                                            ; As input tri-stated with weak pull-up ; As input tri-stated with weak pull-up ;
; Synchronizer Identification                                        ; Auto                                  ; Auto                                  ;
; Enable Beneficial Skew Optimization                                ; On                                    ; On                                    ;
; Optimize Design for Metastability                                  ; On                                    ; On                                    ;
; Force Fitter to Avoid Periphery Placement Warnings                 ; Off                                   ; Off                                   ;
; Enable input tri-state on active configuration pins in user mode   ; Off                                   ; Off                                   ;
+--------------------------------------------------------------------+---------------------------------------+---------------------------------------+


+------------------------------------------+
; Parallel Compilation                     ;
+----------------------------+-------------+
; Processors                 ; Number      ;
+----------------------------+-------------+
; Number detected on machine ; 4           ;
; Maximum allowed            ; 2           ;
;                            ;             ;
; Average used               ; 1.03        ;
; Maximum used               ; 2           ;
;                            ;             ;
; Usage by Processor         ; % Time Used ;
;     Processor 1            ; 100.0%      ;
;     Processor 2            ;   2.8%      ;
+----------------------------+-------------+


+--------------------------------------------------------------------------------------------------+
; Ignored Assignments                                                                              ;
+--------------+-----------------+--------------+-----------------+---------------+----------------+
; Name         ; Ignored Entity  ; Ignored From ; Ignored To      ; Ignored Value ; Ignored Source ;
+--------------+-----------------+--------------+-----------------+---------------+----------------+
; Location     ;                 ;              ; CAMERA_I2C_SCL  ; PIN_AG22      ; QSF Assignment ;
; Location     ;                 ;              ; CAMERA_I2C_SDA  ; PIN_AE24      ; QSF Assignment ;
; Location     ;                 ;              ; CAMERA_PWDN_n   ; PIN_AE25      ; QSF Assignment ;
; Location     ;                 ;              ; MIPI_CS_n       ; PIN_AD25      ; QSF Assignment ;
; Location     ;                 ;              ; MIPI_I2C_SCL    ; PIN_AE20      ; QSF Assignment ;
; Location     ;                 ;              ; MIPI_I2C_SDA    ; PIN_AG23      ; QSF Assignment ;
; Location     ;                 ;              ; MIPI_MCLK       ; PIN_AH22      ; QSF Assignment ;
; Location     ;                 ;              ; MIPI_PIXEL_CLK  ; PIN_AC15      ; QSF Assignment ;
; Location     ;                 ;              ; MIPI_PIXEL_D[0] ; PIN_Y17       ; QSF Assignment ;
; Location     ;                 ;              ; MIPI_PIXEL_D[1] ; PIN_AC21      ; QSF Assignment ;
; Location     ;                 ;              ; MIPI_PIXEL_D[2] ; PIN_Y16       ; QSF Assignment ;
; Location     ;                 ;              ; MIPI_PIXEL_D[3] ; PIN_AD21      ; QSF Assignment ;
; Location     ;                 ;              ; MIPI_PIXEL_D[4] ; PIN_AE16      ; QSF Assignment ;
; Location     ;                 ;              ; MIPI_PIXEL_D[5] ; PIN_AD15      ; QSF Assignment ;
; Location     ;                 ;              ; MIPI_PIXEL_D[6] ; PIN_AE15      ; QSF Assignment ;
; Location     ;                 ;              ; MIPI_PIXEL_D[7] ; PIN_AC19      ; QSF Assignment ;
; Location     ;                 ;              ; MIPI_PIXEL_D[8] ; PIN_AF16      ; QSF Assignment ;
; Location     ;                 ;              ; MIPI_PIXEL_D[9] ; PIN_AD19      ; QSF Assignment ;
; Location     ;                 ;              ; MIPI_PIXEL_HS   ; PIN_AG25      ; QSF Assignment ;
; Location     ;                 ;              ; MIPI_PIXEL_VS   ; PIN_AF22      ; QSF Assignment ;
; Location     ;                 ;              ; MIPI_REFCLK     ; PIN_AE22      ; QSF Assignment ;
; Location     ;                 ;              ; MIPI_RESET_n    ; PIN_AH25      ; QSF Assignment ;
; I/O Standard ; DE2_115_D8M_RTL ;              ; CAMERA_I2C_SCL  ; 3.3-V LVTTL   ; QSF Assignment ;
; I/O Standard ; DE2_115_D8M_RTL ;              ; CAMERA_I2C_SDA  ; 3.3-V LVTTL   ; QSF Assignment ;
; I/O Standard ; DE2_115_D8M_RTL ;              ; CAMERA_PWDN_n   ; 3.3-V LVTTL   ; QSF Assignment ;
; I/O Standard ; DE2_115_D8M_RTL ;              ; MIPI_CS_n       ; 3.3-V LVTTL   ; QSF Assignment ;
; I/O Standard ; DE2_115_D8M_RTL ;              ; MIPI_I2C_SCL    ; 3.3-V LVTTL   ; QSF Assignment ;
; I/O Standard ; DE2_115_D8M_RTL ;              ; MIPI_I2C_SDA    ; 3.3-V LVTTL   ; QSF Assignment ;
; I/O Standard ; DE2_115_D8M_RTL ;              ; MIPI_MCLK       ; 3.3-V LVTTL   ; QSF Assignment ;
; I/O Standard ; DE2_115_D8M_RTL ;              ; MIPI_PIXEL_CLK  ; 3.3-V LVTTL   ; QSF Assignment ;
; I/O Standard ; DE2_115_D8M_RTL ;              ; MIPI_PIXEL_D[0] ; 3.3-V LVTTL   ; QSF Assignment ;
; I/O Standard ; DE2_115_D8M_RTL ;              ; MIPI_PIXEL_D[1] ; 3.3-V LVTTL   ; QSF Assignment ;
; I/O Standard ; DE2_115_D8M_RTL ;              ; MIPI_PIXEL_D[2] ; 3.3-V LVTTL   ; QSF Assignment ;
; I/O Standard ; DE2_115_D8M_RTL ;              ; MIPI_PIXEL_D[3] ; 3.3-V LVTTL   ; QSF Assignment ;
; I/O Standard ; DE2_115_D8M_RTL ;              ; MIPI_PIXEL_D[4] ; 3.3-V LVTTL   ; QSF Assignment ;
; I/O Standard ; DE2_115_D8M_RTL ;              ; MIPI_PIXEL_D[5] ; 3.3-V LVTTL   ; QSF Assignment ;
; I/O Standard ; DE2_115_D8M_RTL ;              ; MIPI_PIXEL_D[6] ; 3.3-V LVTTL   ; QSF Assignment ;
; I/O Standard ; DE2_115_D8M_RTL ;              ; MIPI_PIXEL_D[7] ; 3.3-V LVTTL   ; QSF Assignment ;
; I/O Standard ; DE2_115_D8M_RTL ;              ; MIPI_PIXEL_D[8] ; 3.3-V LVTTL   ; QSF Assignment ;
; I/O Standard ; DE2_115_D8M_RTL ;              ; MIPI_PIXEL_D[9] ; 3.3-V LVTTL   ; QSF Assignment ;
; I/O Standard ; DE2_115_D8M_RTL ;              ; MIPI_PIXEL_HS   ; 3.3-V LVTTL   ; QSF Assignment ;
; I/O Standard ; DE2_115_D8M_RTL ;              ; MIPI_PIXEL_VS   ; 3.3-V LVTTL   ; QSF Assignment ;
; I/O Standard ; DE2_115_D8M_RTL ;              ; MIPI_REFCLK     ; 3.3-V LVTTL   ; QSF Assignment ;
; I/O Standard ; DE2_115_D8M_RTL ;              ; MIPI_RESET_n    ; 3.3-V LVTTL   ; QSF Assignment ;
+--------------+-----------------+--------------+-----------------+---------------+----------------+


+---------------------------------------------------------------------------------------------------+
; Incremental Compilation Preservation Summary                                                      ;
+---------------------+---------------------+----------------------------+--------------------------+
; Type                ; Total [A + B]       ; From Design Partitions [A] ; From Rapid Recompile [B] ;
+---------------------+---------------------+----------------------------+--------------------------+
; Placement (by node) ;                     ;                            ;                          ;
;     -- Requested    ; 0.00 % ( 0 / 6032 ) ; 0.00 % ( 0 / 6032 )        ; 0.00 % ( 0 / 6032 )      ;
;     -- Achieved     ; 0.00 % ( 0 / 6032 ) ; 0.00 % ( 0 / 6032 )        ; 0.00 % ( 0 / 6032 )      ;
;                     ;                     ;                            ;                          ;
; Routing (by net)    ;                     ;                            ;                          ;
;     -- Requested    ; 0.00 % ( 0 / 0 )    ; 0.00 % ( 0 / 0 )           ; 0.00 % ( 0 / 0 )         ;
;     -- Achieved     ; 0.00 % ( 0 / 0 )    ; 0.00 % ( 0 / 0 )           ; 0.00 % ( 0 / 0 )         ;
+---------------------+---------------------+----------------------------+--------------------------+


+----------------------------------------------------------------------------------------------------------------------------------------------------------------------------------------+
; Incremental Compilation Partition Settings                                                                                                                                             ;
+--------------------------------+----------------+-------------------+-------------------------+------------------------+------------------------------+--------------------------------+
; Partition Name                 ; Partition Type ; Netlist Type Used ; Preservation Level Used ; Netlist Type Requested ; Preservation Level Requested ; Contents                       ;
+--------------------------------+----------------+-------------------+-------------------------+------------------------+------------------------------+--------------------------------+
; Top                            ; User-created   ; Source File       ; N/A                     ; Source File            ; N/A                          ;                                ;
; sld_hub:auto_hub               ; Auto-generated ; Post-Synthesis    ; N/A                     ; Post-Synthesis         ; N/A                          ; sld_hub:auto_hub               ;
; sld_signaltap:auto_signaltap_0 ; Auto-generated ; Post-Synthesis    ; N/A                     ; Post-Synthesis         ; N/A                          ; sld_signaltap:auto_signaltap_0 ;
; hard_block:auto_generated_inst ; Auto-generated ; Source File       ; N/A                     ; Source File            ; N/A                          ; hard_block:auto_generated_inst ;
+--------------------------------+----------------+-------------------+-------------------------+------------------------+------------------------------+--------------------------------+


+------------------------------------------------------------------------------------------------------------------------------------+
; Incremental Compilation Placement Preservation                                                                                     ;
+--------------------------------+-----------------------+-------------------------+-------------------+---------------------+-------+
; Partition Name                 ; Preservation Achieved ; Preservation Level Used ; Netlist Type Used ; Preservation Method ; Notes ;
+--------------------------------+-----------------------+-------------------------+-------------------+---------------------+-------+
; Top                            ; 0.00 % ( 0 / 3304 )   ; N/A                     ; Source File       ; N/A                 ;       ;
; sld_hub:auto_hub               ; 0.00 % ( 0 / 217 )    ; N/A                     ; Post-Synthesis    ; N/A                 ;       ;
; sld_signaltap:auto_signaltap_0 ; 0.00 % ( 0 / 2494 )   ; N/A                     ; Post-Synthesis    ; N/A                 ;       ;
; hard_block:auto_generated_inst ; 0.00 % ( 0 / 17 )     ; N/A                     ; Source File       ; N/A                 ;       ;
+--------------------------------+-----------------------+-------------------------+-------------------+---------------------+-------+


+--------------+
; Pin-Out File ;
+--------------+
The pin-out file can be found in D:/intelFPGA_lite/18.1/codigo/MNIST_Classification_FPGA-master/Project_FPGA/DE2_115_D8M_RTL/output_files/DE2_115_D8M_RTL.pin.


+------------------------------------------------------------------------------+
; Fitter Resource Usage Summary                                                ;
+---------------------------------------------+--------------------------------+
; Resource                                    ; Usage                          ;
+---------------------------------------------+--------------------------------+
; Total logic elements                        ; 3,974 / 114,480 ( 3 % )        ;
;     -- Combinational with no register       ; 1013                           ;
;     -- Register only                        ; 1545                           ;
;     -- Combinational with a register        ; 1416                           ;
;                                             ;                                ;
; Logic element usage by number of LUT inputs ;                                ;
;     -- 4 input functions                    ; 1167                           ;
;     -- 3 input functions                    ; 535                            ;
;     -- <=2 input functions                  ; 727                            ;
;     -- Register only                        ; 1545                           ;
;                                             ;                                ;
; Logic elements by mode                      ;                                ;
;     -- normal mode                          ; 1839                           ;
;     -- arithmetic mode                      ; 590                            ;
;                                             ;                                ;
; Total registers*                            ; 2,961 / 117,053 ( 3 % )        ;
;     -- Dedicated logic registers            ; 2,961 / 114,480 ( 3 % )        ;
;     -- I/O registers                        ; 0 / 2,573 ( 0 % )              ;
;                                             ;                                ;
; Total LABs:  partially or completely used   ; 305 / 7,155 ( 4 % )            ;
; Virtual pins                                ; 0                              ;
; I/O pins                                    ; 217 / 529 ( 41 % )             ;
;     -- Clock pins                           ; 3 / 7 ( 43 % )                 ;
;     -- Dedicated input pins                 ; 3 / 9 ( 33 % )                 ;
;                                             ;                                ;
; M9Ks                                        ; 110 / 432 ( 25 % )             ;
; Total block memory bits                     ; 901,120 / 3,981,312 ( 23 % )   ;
; Total block memory implementation bits      ; 1,013,760 / 3,981,312 ( 25 % ) ;
; Embedded Multiplier 9-bit elements          ; 0 / 532 ( 0 % )                ;
; PLLs                                        ; 3 / 4 ( 75 % )                 ;
; Global signals                              ; 10                             ;
;     -- Global clocks                        ; 10 / 20 ( 50 % )               ;
; JTAGs                                       ; 1 / 1 ( 100 % )                ;
; CRC blocks                                  ; 0 / 1 ( 0 % )                  ;
; ASMI blocks                                 ; 0 / 1 ( 0 % )                  ;
; Oscillator blocks                           ; 0 / 1 ( 0 % )                  ;
; Impedance control blocks                    ; 0 / 4 ( 0 % )                  ;
; Average interconnect usage (total/H/V)      ; 1.6% / 1.6% / 1.7%             ;
; Peak interconnect usage (total/H/V)         ; 7.7% / 7.2% / 8.9%             ;
; Maximum fan-out                             ; 1326                           ;
; Highest non-global fan-out                  ; 1326                           ;
; Total fan-out                               ; 21592                          ;
; Average fan-out                             ; 3.02                           ;
+---------------------------------------------+--------------------------------+
*  Register count does not include registers inside RAM blocks or DSP blocks.



+----------------------------------------------------------------------------------------------------------------------------------------------------------------+
; Fitter Partition Statistics                                                                                                                                    ;
+---------------------------------------------+-----------------------+------------------------+--------------------------------+--------------------------------+
; Statistic                                   ; Top                   ; sld_hub:auto_hub       ; sld_signaltap:auto_signaltap_0 ; hard_block:auto_generated_inst ;
+---------------------------------------------+-----------------------+------------------------+--------------------------------+--------------------------------+
; Difficulty Clustering Region                ; Low                   ; Low                    ; Low                            ; Low                            ;
;                                             ;                       ;                        ;                                ;                                ;
; Total logic elements                        ; 2018 / 114480 ( 2 % ) ; 150 / 114480 ( < 1 % ) ; 1806 / 114480 ( 2 % )          ; 0 / 114480 ( 0 % )             ;
;     -- Combinational with no register       ; 801                   ; 59                     ; 153                            ; 0                              ;
;     -- Register only                        ; 452                   ; 24                     ; 1069                           ; 0                              ;
;     -- Combinational with a register        ; 765                   ; 67                     ; 584                            ; 0                              ;
;                                             ;                       ;                        ;                                ;                                ;
; Logic element usage by number of LUT inputs ;                       ;                        ;                                ;                                ;
;     -- 4 input functions                    ; 745                   ; 54                     ; 368                            ; 0                              ;
;     -- 3 input functions                    ; 271                   ; 36                     ; 228                            ; 0                              ;
;     -- <=2 input functions                  ; 550                   ; 36                     ; 141                            ; 0                              ;
;     -- Register only                        ; 452                   ; 24                     ; 1069                           ; 0                              ;
;                                             ;                       ;                        ;                                ;                                ;
; Logic elements by mode                      ;                       ;                        ;                                ;                                ;
;     -- normal mode                          ; 1077                  ; 118                    ; 644                            ; 0                              ;
;     -- arithmetic mode                      ; 489                   ; 8                      ; 93                             ; 0                              ;
;                                             ;                       ;                        ;                                ;                                ;
; Total registers                             ; 1217                  ; 91                     ; 1653                           ; 0                              ;
;     -- Dedicated logic registers            ; 1217 / 114480 ( 1 % ) ; 91 / 114480 ( < 1 % )  ; 1653 / 114480 ( 1 % )          ; 0 / 114480 ( 0 % )             ;
;     -- I/O registers                        ; 0                     ; 0                      ; 0                              ; 0                              ;
;                                             ;                       ;                        ;                                ;                                ;
; Total LABs:  partially or completely used   ; 152 / 7155 ( 2 % )    ; 12 / 7155 ( < 1 % )    ; 142 / 7155 ( 2 % )             ; 0 / 7155 ( 0 % )               ;
;                                             ;                       ;                        ;                                ;                                ;
; Virtual pins                                ; 0                     ; 0                      ; 0                              ; 0                              ;
; I/O pins                                    ; 217                   ; 0                      ; 0                              ; 0                              ;
; Embedded Multiplier 9-bit elements          ; 0 / 532 ( 0 % )       ; 0 / 532 ( 0 % )        ; 0 / 532 ( 0 % )                ; 0 / 532 ( 0 % )                ;
; Total memory bits                           ; 40960                 ; 0                      ; 860160                         ; 0                              ;
; Total RAM block bits                        ; 46080                 ; 0                      ; 967680                         ; 0                              ;
; JTAG                                        ; 1 / 1 ( 100 % )       ; 0 / 1 ( 0 % )          ; 0 / 1 ( 0 % )                  ; 0 / 1 ( 0 % )                  ;
; PLL                                         ; 0 / 4 ( 0 % )         ; 0 / 4 ( 0 % )          ; 0 / 4 ( 0 % )                  ; 3 / 4 ( 75 % )                 ;
; M9K                                         ; 5 / 432 ( 1 % )       ; 0 / 432 ( 0 % )        ; 105 / 432 ( 24 % )             ; 0 / 432 ( 0 % )                ;
; Clock control block                         ; 6 / 24 ( 25 % )       ; 0 / 24 ( 0 % )         ; 1 / 24 ( 4 % )                 ; 4 / 24 ( 16 % )                ;
;                                             ;                       ;                        ;                                ;                                ;
; Connections                                 ;                       ;                        ;                                ;                                ;
;     -- Input Connections                    ; 1021                  ; 134                    ; 2359                           ; 5                              ;
;     -- Registered Input Connections         ; 977                   ; 101                    ; 1816                           ; 0                              ;
;     -- Output Connections                   ; 2241                  ; 258                    ; 34                             ; 986                            ;
;     -- Registered Output Connections        ; 0                     ; 258                    ; 0                              ; 0                              ;
;                                             ;                       ;                        ;                                ;                                ;
; Internal Connections                        ;                       ;                        ;                                ;                                ;
;     -- Total Connections                    ; 12192                 ; 968                    ; 11137                          ; 1003                           ;
;     -- Registered Connections               ; 4558                  ; 719                    ; 7368                           ; 0                              ;
;                                             ;                       ;                        ;                                ;                                ;
; External Connections                        ;                       ;                        ;                                ;                                ;
;     -- Top                                  ; 68                    ; 123                    ; 2080                           ; 991                            ;
;     -- sld_hub:auto_hub                     ; 123                   ; 20                     ; 249                            ; 0                              ;
;     -- sld_signaltap:auto_signaltap_0       ; 2080                  ; 249                    ; 64                             ; 0                              ;
;     -- hard_block:auto_generated_inst       ; 991                   ; 0                      ; 0                              ; 0                              ;
;                                             ;                       ;                        ;                                ;                                ;
; Partition Interface                         ;                       ;                        ;                                ;                                ;
;     -- Input Ports                          ; 39                    ; 45                     ; 384                            ; 5                              ;
;     -- Output Ports                         ; 148                   ; 62                     ; 225                            ; 4                              ;
;     -- Bidir Ports                          ; 34                    ; 0                      ; 0                              ; 0                              ;
;                                             ;                       ;                        ;                                ;                                ;
; Registered Ports                            ;                       ;                        ;                                ;                                ;
;     -- Registered Input Ports               ; 0                     ; 4                      ; 134                            ; 0                              ;
;     -- Registered Output Ports              ; 0                     ; 29                     ; 211                            ; 0                              ;
;                                             ;                       ;                        ;                                ;                                ;
; Port Connectivity                           ;                       ;                        ;                                ;                                ;
;     -- Input Ports driven by GND            ; 0                     ; 0                      ; 228                            ; 0                              ;
;     -- Output Ports driven by GND           ; 0                     ; 28                     ; 2                              ; 0                              ;
;     -- Input Ports driven by VCC            ; 0                     ; 0                      ; 16                             ; 0                              ;
;     -- Output Ports driven by VCC           ; 0                     ; 0                      ; 1                              ; 0                              ;
;     -- Input Ports with no Source           ; 0                     ; 25                     ; 108                            ; 0                              ;
;     -- Output Ports with no Source          ; 0                     ; 0                      ; 0                              ; 0                              ;
;     -- Input Ports with no Fanout           ; 0                     ; 30                     ; 122                            ; 1                              ;
;     -- Output Ports with no Fanout          ; 0                     ; 29                     ; 213                            ; 0                              ;
+---------------------------------------------+-----------------------+------------------------+--------------------------------+--------------------------------+


+---------------------------------------------------------------------------------------------------------------------------------------------------------------------------------------------------------------------------------------------------------------------------------------------+
; Input Pins                                                                                                                                                                                                                                                                                  ;
+------------+-------+----------+--------------+--------------+--------------+-----------------------+--------------------+--------+----------------+---------------+-----------------+----------+--------------+--------------+---------------------------+----------------------+-----------+
; Name       ; Pin # ; I/O Bank ; X coordinate ; Y coordinate ; Z coordinate ; Combinational Fan-Out ; Registered Fan-Out ; Global ; Input Register ; Power Up High ; PCI I/O Enabled ; Bus Hold ; Weak Pull Up ; I/O Standard ; Termination Control Block ; Location assigned by ; Slew Rate ;
+------------+-------+----------+--------------+--------------+--------------+-----------------------+--------------------+--------+----------------+---------------+-----------------+----------+--------------+--------------+---------------------------+----------------------+-----------+
; CLOCK2_50  ; AG14  ; 3        ; 58           ; 0            ; 21           ; 81                    ; 0                  ; yes    ; no             ; no            ; yes             ; no       ; Off          ; 3.3-V LVTTL  ; --                        ; User                 ; no        ;
; CLOCK3_50  ; AG15  ; 4        ; 58           ; 0            ; 7            ; 1                     ; 0                  ; yes    ; no             ; no            ; yes             ; no       ; Off          ; 3.3-V LVTTL  ; --                        ; User                 ; no        ;
; CLOCK_50   ; Y2    ; 2        ; 0            ; 36           ; 14           ; 1                     ; 0                  ; no     ; no             ; no            ; yes             ; no       ; Off          ; 3.3-V LVTTL  ; --                        ; User                 ; no        ;
; KEY[0]     ; M23   ; 6        ; 115          ; 40           ; 7            ; 224                   ; 0                  ; no     ; no             ; no            ; yes             ; no       ; Off          ; 3.3-V LVTTL  ; --                        ; User                 ; no        ;
; KEY[1]     ; M21   ; 6        ; 115          ; 53           ; 14           ; 14                    ; 0                  ; no     ; no             ; no            ; yes             ; no       ; Off          ; 3.3-V LVTTL  ; --                        ; User                 ; no        ;
; KEY[2]     ; N21   ; 6        ; 115          ; 42           ; 14           ; 14                    ; 0                  ; no     ; no             ; no            ; yes             ; no       ; Off          ; 3.3-V LVTTL  ; --                        ; User                 ; no        ;
; KEY[3]     ; R24   ; 5        ; 115          ; 35           ; 21           ; 14                    ; 0                  ; no     ; no             ; no            ; yes             ; no       ; Off          ; 3.3-V LVTTL  ; --                        ; User                 ; no        ;
; SW[0]      ; AB28  ; 5        ; 115          ; 17           ; 0            ; 0                     ; 0                  ; no     ; no             ; no            ; yes             ; no       ; Off          ; 3.3-V LVTTL  ; --                        ; User                 ; no        ;
; SW[10]     ; AC24  ; 5        ; 115          ; 4            ; 14           ; 0                     ; 0                  ; no     ; no             ; no            ; yes             ; no       ; Off          ; 3.3-V LVTTL  ; --                        ; User                 ; no        ;
; SW[11]     ; AB24  ; 5        ; 115          ; 5            ; 14           ; 0                     ; 0                  ; no     ; no             ; no            ; yes             ; no       ; Off          ; 3.3-V LVTTL  ; --                        ; User                 ; no        ;
; SW[12]     ; AB23  ; 5        ; 115          ; 7            ; 14           ; 0                     ; 0                  ; no     ; no             ; no            ; yes             ; no       ; Off          ; 3.3-V LVTTL  ; --                        ; User                 ; no        ;
; SW[13]     ; AA24  ; 5        ; 115          ; 9            ; 21           ; 0                     ; 0                  ; no     ; no             ; no            ; yes             ; no       ; Off          ; 3.3-V LVTTL  ; --                        ; User                 ; no        ;
; SW[14]     ; AA23  ; 5        ; 115          ; 10           ; 7            ; 0                     ; 0                  ; no     ; no             ; no            ; yes             ; no       ; Off          ; 3.3-V LVTTL  ; --                        ; User                 ; no        ;
; SW[15]     ; AA22  ; 5        ; 115          ; 6            ; 14           ; 0                     ; 0                  ; no     ; no             ; no            ; yes             ; no       ; Off          ; 3.3-V LVTTL  ; --                        ; User                 ; no        ;
; SW[16]     ; Y24   ; 5        ; 115          ; 13           ; 0            ; 0                     ; 0                  ; no     ; no             ; no            ; yes             ; no       ; Off          ; 3.3-V LVTTL  ; --                        ; User                 ; no        ;
; SW[17]     ; Y23   ; 5        ; 115          ; 14           ; 7            ; 0                     ; 0                  ; no     ; no             ; no            ; yes             ; no       ; Off          ; 3.3-V LVTTL  ; --                        ; User                 ; no        ;
; SW[1]      ; AC28  ; 5        ; 115          ; 14           ; 0            ; 0                     ; 0                  ; no     ; no             ; no            ; yes             ; no       ; Off          ; 3.3-V LVTTL  ; --                        ; User                 ; no        ;
; SW[2]      ; AC27  ; 5        ; 115          ; 15           ; 7            ; 0                     ; 0                  ; no     ; no             ; no            ; yes             ; no       ; Off          ; 3.3-V LVTTL  ; --                        ; User                 ; no        ;
; SW[3]      ; AD27  ; 5        ; 115          ; 13           ; 7            ; 0                     ; 0                  ; no     ; no             ; no            ; yes             ; no       ; Off          ; 3.3-V LVTTL  ; --                        ; User                 ; no        ;
; SW[4]      ; AB27  ; 5        ; 115          ; 18           ; 7            ; 0                     ; 0                  ; no     ; no             ; no            ; yes             ; no       ; Off          ; 3.3-V LVTTL  ; --                        ; User                 ; no        ;
; SW[5]      ; AC26  ; 5        ; 115          ; 11           ; 7            ; 0                     ; 0                  ; no     ; no             ; no            ; yes             ; no       ; Off          ; 3.3-V LVTTL  ; --                        ; User                 ; no        ;
; SW[6]      ; AD26  ; 5        ; 115          ; 10           ; 0            ; 0                     ; 0                  ; no     ; no             ; no            ; yes             ; no       ; Off          ; 3.3-V LVTTL  ; --                        ; User                 ; no        ;
; SW[7]      ; AB26  ; 5        ; 115          ; 15           ; 0            ; 0                     ; 0                  ; no     ; no             ; no            ; yes             ; no       ; Off          ; 3.3-V LVTTL  ; --                        ; User                 ; no        ;
; SW[8]      ; AC25  ; 5        ; 115          ; 4            ; 21           ; 0                     ; 0                  ; no     ; no             ; no            ; yes             ; no       ; Off          ; 3.3-V LVTTL  ; --                        ; User                 ; no        ;
; SW[9]      ; AB25  ; 5        ; 115          ; 16           ; 7            ; 0                     ; 0                  ; no     ; no             ; no            ; yes             ; no       ; Off          ; 3.3-V LVTTL  ; --                        ; User                 ; no        ;
; cmos_db[0] ; AB22  ; 4        ; 107          ; 0            ; 0            ; 2                     ; 0                  ; no     ; no             ; no            ; yes             ; no       ; Off          ; 3.3-V LVTTL  ; --                        ; User                 ; no        ;
; cmos_db[1] ; AC15  ; 4        ; 60           ; 0            ; 21           ; 2                     ; 0                  ; no     ; no             ; no            ; yes             ; no       ; Off          ; 3.3-V LVTTL  ; --                        ; User                 ; no        ;
; cmos_db[2] ; AB21  ; 4        ; 109          ; 0            ; 7            ; 2                     ; 0                  ; no     ; no             ; no            ; yes             ; no       ; Off          ; 3.3-V LVTTL  ; --                        ; User                 ; no        ;
; cmos_db[3] ; Y17   ; 4        ; 96           ; 0            ; 21           ; 2                     ; 0                  ; no     ; no             ; no            ; yes             ; no       ; Off          ; 3.3-V LVTTL  ; --                        ; User                 ; no        ;
; cmos_db[4] ; AC21  ; 4        ; 102          ; 0            ; 21           ; 2                     ; 0                  ; no     ; no             ; no            ; yes             ; no       ; Off          ; 3.3-V LVTTL  ; --                        ; User                 ; no        ;
; cmos_db[5] ; Y16   ; 4        ; 96           ; 0            ; 14           ; 2                     ; 0                  ; no     ; no             ; no            ; yes             ; no       ; Off          ; 3.3-V LVTTL  ; --                        ; User                 ; no        ;
; cmos_db[6] ; AD21  ; 4        ; 102          ; 0            ; 14           ; 2                     ; 0                  ; no     ; no             ; no            ; yes             ; no       ; Off          ; 3.3-V LVTTL  ; --                        ; User                 ; no        ;
; cmos_db[7] ; AE16  ; 4        ; 65           ; 0            ; 21           ; 2                     ; 0                  ; no     ; no             ; no            ; yes             ; no       ; Off          ; 3.3-V LVTTL  ; --                        ; User                 ; no        ;
; cmos_href  ; AF16  ; 4        ; 65           ; 0            ; 14           ; 2                     ; 0                  ; no     ; no             ; no            ; yes             ; no       ; Off          ; 3.3-V LVTTL  ; --                        ; User                 ; no        ;
; cmos_pclk  ; AD15  ; 4        ; 60           ; 0            ; 14           ; 165                   ; 0                  ; no     ; no             ; no            ; yes             ; no       ; Off          ; 3.3-V LVTTL  ; --                        ; User                 ; no        ;
; cmos_vsync ; AC19  ; 4        ; 94           ; 0            ; 7            ; 5                     ; 0                  ; no     ; no             ; no            ; yes             ; no       ; Off          ; 3.3-V LVTTL  ; --                        ; User                 ; no        ;
+------------+-------+----------+--------------+--------------+--------------+-----------------------+--------------------+--------+----------------+---------------+-----------------+----------+--------------+--------------+---------------------------+----------------------+-----------+


+----------------------------------------------------------------------------------------------------------------------------------------------------------------------------------------------------------------------------------------------------------------------------------------------------------------------------------------------------------------------------------------------------------------------------------------------------------------+
; Output Pins                                                                                                                                                                                                                                                                                                                                                                                                                                                    ;
+---------------+-------+----------+--------------+--------------+--------------+-----------------+------------------------+---------------+-----------+-----------------+------------+---------------+----------+--------------+--------------+------------------+-----------------------------------+---------------------------+----------------------------+-----------------------------+----------------------+----------------------+---------------------+
; Name          ; Pin # ; I/O Bank ; X coordinate ; Y coordinate ; Z coordinate ; Output Register ; Output Enable Register ; Power Up High ; Slew Rate ; PCI I/O Enabled ; Open Drain ; TRI Primitive ; Bus Hold ; Weak Pull Up ; I/O Standard ; Current Strength ; Termination                       ; Termination Control Block ; Output Buffer Pre-emphasis ; Voltage Output Differential ; Location assigned by ; Output Enable Source ; Output Enable Group ;
+---------------+-------+----------+--------------+--------------+--------------+-----------------+------------------------+---------------+-----------+-----------------+------------+---------------+----------+--------------+--------------+------------------+-----------------------------------+---------------------------+----------------------------+-----------------------------+----------------------+----------------------+---------------------+
; DRAM_ADDR[0]  ; R6    ; 2        ; 0            ; 34           ; 0            ; no              ; no                     ; no            ; 2         ; no              ; no         ; no            ; no       ; Off          ; 3.3-V LVTTL  ; 8mA              ; Off                               ; --                        ; no                         ; no                          ; User                 ; -                    ; -                   ;
; DRAM_ADDR[10] ; R5    ; 2        ; 0            ; 32           ; 21           ; no              ; no                     ; no            ; 2         ; no              ; no         ; no            ; no       ; Off          ; 3.3-V LVTTL  ; 8mA              ; Off                               ; --                        ; no                         ; no                          ; User                 ; -                    ; -                   ;
; DRAM_ADDR[11] ; AA5   ; 2        ; 0            ; 10           ; 21           ; no              ; no                     ; no            ; 2         ; no              ; no         ; no            ; no       ; Off          ; 3.3-V LVTTL  ; 8mA              ; Off                               ; --                        ; no                         ; no                          ; User                 ; -                    ; -                   ;
; DRAM_ADDR[12] ; Y7    ; 2        ; 0            ; 11           ; 21           ; no              ; no                     ; no            ; 2         ; no              ; no         ; no            ; no       ; Off          ; 3.3-V LVTTL  ; 8mA              ; Off                               ; --                        ; no                         ; no                          ; User                 ; -                    ; -                   ;
; DRAM_ADDR[1]  ; V8    ; 2        ; 0            ; 15           ; 21           ; no              ; no                     ; no            ; 2         ; no              ; no         ; no            ; no       ; Off          ; 3.3-V LVTTL  ; 8mA              ; Off                               ; --                        ; no                         ; no                          ; User                 ; -                    ; -                   ;
; DRAM_ADDR[2]  ; U8    ; 2        ; 0            ; 18           ; 21           ; no              ; no                     ; no            ; 2         ; no              ; no         ; no            ; no       ; Off          ; 3.3-V LVTTL  ; 8mA              ; Off                               ; --                        ; no                         ; no                          ; User                 ; -                    ; -                   ;
; DRAM_ADDR[3]  ; P1    ; 1        ; 0            ; 42           ; 0            ; no              ; no                     ; no            ; 2         ; no              ; no         ; no            ; no       ; Off          ; 3.3-V LVTTL  ; 8mA              ; Off                               ; --                        ; no                         ; no                          ; User                 ; -                    ; -                   ;
; DRAM_ADDR[4]  ; V5    ; 2        ; 0            ; 15           ; 14           ; no              ; no                     ; no            ; 2         ; no              ; no         ; no            ; no       ; Off          ; 3.3-V LVTTL  ; 8mA              ; Off                               ; --                        ; no                         ; no                          ; User                 ; -                    ; -                   ;
; DRAM_ADDR[5]  ; W8    ; 2        ; 0            ; 11           ; 14           ; no              ; no                     ; no            ; 2         ; no              ; no         ; no            ; no       ; Off          ; 3.3-V LVTTL  ; 8mA              ; Off                               ; --                        ; no                         ; no                          ; User                 ; -                    ; -                   ;
; DRAM_ADDR[6]  ; W7    ; 2        ; 0            ; 12           ; 21           ; no              ; no                     ; no            ; 2         ; no              ; no         ; no            ; no       ; Off          ; 3.3-V LVTTL  ; 8mA              ; Off                               ; --                        ; no                         ; no                          ; User                 ; -                    ; -                   ;
; DRAM_ADDR[7]  ; AA7   ; 2        ; 0            ; 9            ; 14           ; no              ; no                     ; no            ; 2         ; no              ; no         ; no            ; no       ; Off          ; 3.3-V LVTTL  ; 8mA              ; Off                               ; --                        ; no                         ; no                          ; User                 ; -                    ; -                   ;
; DRAM_ADDR[8]  ; Y5    ; 2        ; 0            ; 12           ; 14           ; no              ; no                     ; no            ; 2         ; no              ; no         ; no            ; no       ; Off          ; 3.3-V LVTTL  ; 8mA              ; Off                               ; --                        ; no                         ; no                          ; User                 ; -                    ; -                   ;
; DRAM_ADDR[9]  ; Y6    ; 2        ; 0            ; 13           ; 7            ; no              ; no                     ; no            ; 2         ; no              ; no         ; no            ; no       ; Off          ; 3.3-V LVTTL  ; 8mA              ; Off                               ; --                        ; no                         ; no                          ; User                 ; -                    ; -                   ;
; DRAM_BA[0]    ; U7    ; 2        ; 0            ; 18           ; 14           ; no              ; no                     ; no            ; 2         ; no              ; no         ; no            ; no       ; Off          ; 3.3-V LVTTL  ; 8mA              ; Off                               ; --                        ; no                         ; no                          ; User                 ; -                    ; -                   ;
; DRAM_BA[1]    ; R4    ; 2        ; 0            ; 33           ; 14           ; no              ; no                     ; no            ; 2         ; no              ; no         ; no            ; no       ; Off          ; 3.3-V LVTTL  ; 8mA              ; Off                               ; --                        ; no                         ; no                          ; User                 ; -                    ; -                   ;
; DRAM_CAS_N    ; V7    ; 2        ; 0            ; 14           ; 0            ; no              ; no                     ; no            ; 2         ; no              ; no         ; no            ; no       ; Off          ; 3.3-V LVTTL  ; 8mA              ; Off                               ; --                        ; no                         ; no                          ; User                 ; -                    ; -                   ;
; DRAM_CKE      ; AA6   ; 2        ; 0            ; 10           ; 14           ; no              ; no                     ; no            ; 2         ; no              ; no         ; no            ; no       ; Off          ; 3.3-V LVTTL  ; 8mA              ; Off                               ; --                        ; no                         ; no                          ; User                 ; -                    ; -                   ;
; DRAM_CLK      ; AE5   ; 3        ; 5            ; 0            ; 21           ; no              ; no                     ; no            ; 2         ; no              ; no         ; no            ; no       ; Off          ; 3.3-V LVTTL  ; 8mA              ; Off                               ; --                        ; no                         ; no                          ; User                 ; -                    ; -                   ;
; DRAM_CS_N     ; T4    ; 2        ; 0            ; 33           ; 21           ; no              ; no                     ; no            ; 2         ; no              ; no         ; no            ; no       ; Off          ; 3.3-V LVTTL  ; 8mA              ; Off                               ; --                        ; no                         ; no                          ; User                 ; -                    ; -                   ;
; DRAM_DQM[0]   ; U2    ; 2        ; 0            ; 30           ; 0            ; no              ; no                     ; no            ; 2         ; no              ; no         ; no            ; no       ; Off          ; 3.3-V LVTTL  ; 8mA              ; Off                               ; --                        ; no                         ; no                          ; User                 ; -                    ; -                   ;
; DRAM_DQM[1]   ; W4    ; 2        ; 0            ; 14           ; 7            ; no              ; no                     ; no            ; 2         ; no              ; no         ; no            ; no       ; Off          ; 3.3-V LVTTL  ; 8mA              ; Off                               ; --                        ; no                         ; no                          ; User                 ; -                    ; -                   ;
; DRAM_DQM[2]   ; K8    ; 1        ; 0            ; 48           ; 0            ; no              ; no                     ; no            ; 2         ; no              ; no         ; no            ; no       ; Off          ; 3.3-V LVTTL  ; 8mA              ; Off                               ; --                        ; no                         ; no                          ; User                 ; -                    ; -                   ;
; DRAM_DQM[3]   ; N8    ; 1        ; 0            ; 42           ; 7            ; no              ; no                     ; no            ; 2         ; no              ; no         ; no            ; no       ; Off          ; 3.3-V LVTTL  ; 8mA              ; Off                               ; --                        ; no                         ; no                          ; User                 ; -                    ; -                   ;
; DRAM_RAS_N    ; U6    ; 2        ; 0            ; 25           ; 21           ; no              ; no                     ; no            ; 2         ; no              ; no         ; no            ; no       ; Off          ; 3.3-V LVTTL  ; 8mA              ; Off                               ; --                        ; no                         ; no                          ; User                 ; -                    ; -                   ;
; DRAM_WE_N     ; V6    ; 2        ; 0            ; 16           ; 21           ; no              ; no                     ; no            ; 2         ; no              ; no         ; no            ; no       ; Off          ; 3.3-V LVTTL  ; 8mA              ; Off                               ; --                        ; no                         ; no                          ; User                 ; -                    ; -                   ;
; EX_IO[0]      ; J5    ; 1        ; 0            ; 50           ; 21           ; no              ; no                     ; no            ; 2         ; no              ; no         ; no            ; no       ; Off          ; 3.3-V LVTTL  ; 8mA              ; Off                               ; --                        ; no                         ; no                          ; Fitter               ; -                    ; -                   ;
; EX_IO[1]      ; AE8   ; 3        ; 23           ; 0            ; 21           ; no              ; no                     ; no            ; 2         ; no              ; no         ; no            ; no       ; Off          ; 3.3-V LVTTL  ; 8mA              ; Off                               ; --                        ; no                         ; no                          ; Fitter               ; -                    ; -                   ;
; EX_IO[2]      ; Y12   ; 3        ; 52           ; 0            ; 21           ; no              ; no                     ; no            ; 2         ; no              ; no         ; no            ; no       ; Off          ; 3.3-V LVTTL  ; 8mA              ; Off                               ; --                        ; no                         ; no                          ; Fitter               ; -                    ; -                   ;
; EX_IO[3]      ; H3    ; 1        ; 0            ; 62           ; 21           ; no              ; no                     ; no            ; 2         ; no              ; no         ; no            ; no       ; Off          ; 3.3-V LVTTL  ; 8mA              ; Off                               ; --                        ; no                         ; no                          ; Fitter               ; -                    ; -                   ;
; EX_IO[4]      ; G4    ; 1        ; 0            ; 63           ; 14           ; no              ; no                     ; no            ; 2         ; no              ; no         ; no            ; no       ; Off          ; 3.3-V LVTTL  ; 8mA              ; Off                               ; --                        ; no                         ; no                          ; Fitter               ; -                    ; -                   ;
; EX_IO[5]      ; AF3   ; 3        ; 7            ; 0            ; 21           ; no              ; no                     ; no            ; 2         ; no              ; no         ; no            ; no       ; Off          ; 3.3-V LVTTL  ; 8mA              ; Off                               ; --                        ; no                         ; no                          ; Fitter               ; -                    ; -                   ;
; EX_IO[6]      ; V28   ; 5        ; 115          ; 22           ; 21           ; no              ; no                     ; no            ; 2         ; no              ; no         ; no            ; no       ; Off          ; 3.3-V LVTTL  ; 8mA              ; Off                               ; --                        ; no                         ; no                          ; Fitter               ; -                    ; -                   ;
; HEX0[0]       ; G18   ; 7        ; 69           ; 73           ; 21           ; no              ; no                     ; no            ; 2         ; no              ; no         ; no            ; no       ; Off          ; 2.5 V        ; Default          ; Series 50 Ohm without Calibration ; --                        ; no                         ; no                          ; User                 ; -                    ; -                   ;
; HEX0[1]       ; F22   ; 7        ; 107          ; 73           ; 21           ; no              ; no                     ; no            ; 2         ; no              ; no         ; no            ; no       ; Off          ; 2.5 V        ; Default          ; Series 50 Ohm without Calibration ; --                        ; no                         ; no                          ; User                 ; -                    ; -                   ;
; HEX0[2]       ; E17   ; 7        ; 67           ; 73           ; 21           ; no              ; no                     ; no            ; 2         ; no              ; no         ; no            ; no       ; Off          ; 2.5 V        ; Default          ; Series 50 Ohm without Calibration ; --                        ; no                         ; no                          ; User                 ; -                    ; -                   ;
; HEX0[3]       ; L26   ; 6        ; 115          ; 50           ; 0            ; no              ; no                     ; no            ; 2         ; no              ; no         ; no            ; no       ; Off          ; 3.3-V LVTTL  ; 8mA              ; Off                               ; --                        ; no                         ; no                          ; User                 ; -                    ; -                   ;
; HEX0[4]       ; L25   ; 6        ; 115          ; 54           ; 14           ; no              ; no                     ; no            ; 2         ; no              ; no         ; no            ; no       ; Off          ; 3.3-V LVTTL  ; 8mA              ; Off                               ; --                        ; no                         ; no                          ; User                 ; -                    ; -                   ;
; HEX0[5]       ; J22   ; 6        ; 115          ; 67           ; 14           ; no              ; no                     ; no            ; 2         ; no              ; no         ; no            ; no       ; Off          ; 3.3-V LVTTL  ; 8mA              ; Off                               ; --                        ; no                         ; no                          ; User                 ; -                    ; -                   ;
; HEX0[6]       ; H22   ; 6        ; 115          ; 69           ; 0            ; no              ; no                     ; no            ; 2         ; no              ; no         ; no            ; no       ; Off          ; 3.3-V LVTTL  ; 8mA              ; Off                               ; --                        ; no                         ; no                          ; User                 ; -                    ; -                   ;
; HEX1[0]       ; M24   ; 6        ; 115          ; 41           ; 0            ; no              ; no                     ; no            ; 2         ; no              ; no         ; no            ; no       ; Off          ; 3.3-V LVTTL  ; 8mA              ; Off                               ; --                        ; no                         ; no                          ; User                 ; -                    ; -                   ;
; HEX1[1]       ; Y22   ; 5        ; 115          ; 30           ; 7            ; no              ; no                     ; no            ; 2         ; no              ; no         ; no            ; no       ; Off          ; 3.3-V LVTTL  ; 8mA              ; Off                               ; --                        ; no                         ; no                          ; User                 ; -                    ; -                   ;
; HEX1[2]       ; W21   ; 5        ; 115          ; 25           ; 21           ; no              ; no                     ; no            ; 2         ; no              ; no         ; no            ; no       ; Off          ; 3.3-V LVTTL  ; 8mA              ; Off                               ; --                        ; no                         ; no                          ; User                 ; -                    ; -                   ;
; HEX1[3]       ; W22   ; 5        ; 115          ; 30           ; 0            ; no              ; no                     ; no            ; 2         ; no              ; no         ; no            ; no       ; Off          ; 3.3-V LVTTL  ; 8mA              ; Off                               ; --                        ; no                         ; no                          ; User                 ; -                    ; -                   ;
; HEX1[4]       ; W25   ; 5        ; 115          ; 20           ; 7            ; no              ; no                     ; no            ; 2         ; no              ; no         ; no            ; no       ; Off          ; 3.3-V LVTTL  ; 8mA              ; Off                               ; --                        ; no                         ; no                          ; User                 ; -                    ; -                   ;
; HEX1[5]       ; U23   ; 5        ; 115          ; 22           ; 0            ; no              ; no                     ; no            ; 2         ; no              ; no         ; no            ; no       ; Off          ; 3.3-V LVTTL  ; 8mA              ; Off                               ; --                        ; no                         ; no                          ; User                 ; -                    ; -                   ;
; HEX1[6]       ; U24   ; 5        ; 115          ; 28           ; 7            ; no              ; no                     ; no            ; 2         ; no              ; no         ; no            ; no       ; Off          ; 3.3-V LVTTL  ; 8mA              ; Off                               ; --                        ; no                         ; no                          ; User                 ; -                    ; -                   ;
; HEX2[0]       ; AA25  ; 5        ; 115          ; 17           ; 7            ; no              ; no                     ; no            ; 2         ; no              ; no         ; no            ; no       ; Off          ; 3.3-V LVTTL  ; 8mA              ; Off                               ; --                        ; no                         ; no                          ; User                 ; -                    ; -                   ;
; HEX2[1]       ; AA26  ; 5        ; 115          ; 16           ; 0            ; no              ; no                     ; no            ; 2         ; no              ; no         ; no            ; no       ; Off          ; 3.3-V LVTTL  ; 8mA              ; Off                               ; --                        ; no                         ; no                          ; User                 ; -                    ; -                   ;
; HEX2[2]       ; Y25   ; 5        ; 115          ; 19           ; 7            ; no              ; no                     ; no            ; 2         ; no              ; no         ; no            ; no       ; Off          ; 3.3-V LVTTL  ; 8mA              ; Off                               ; --                        ; no                         ; no                          ; User                 ; -                    ; -                   ;
; HEX2[3]       ; W26   ; 5        ; 115          ; 19           ; 0            ; no              ; no                     ; no            ; 2         ; no              ; no         ; no            ; no       ; Off          ; 3.3-V LVTTL  ; 8mA              ; Off                               ; --                        ; no                         ; no                          ; User                 ; -                    ; -                   ;
; HEX2[4]       ; Y26   ; 5        ; 115          ; 18           ; 0            ; no              ; no                     ; no            ; 2         ; no              ; no         ; no            ; no       ; Off          ; 3.3-V LVTTL  ; 8mA              ; Off                               ; --                        ; no                         ; no                          ; User                 ; -                    ; -                   ;
; HEX2[5]       ; W27   ; 5        ; 115          ; 20           ; 0            ; no              ; no                     ; no            ; 2         ; no              ; no         ; no            ; no       ; Off          ; 3.3-V LVTTL  ; 8mA              ; Off                               ; --                        ; no                         ; no                          ; User                 ; -                    ; -                   ;
; HEX2[6]       ; W28   ; 5        ; 115          ; 21           ; 14           ; no              ; no                     ; no            ; 2         ; no              ; no         ; no            ; no       ; Off          ; 3.3-V LVTTL  ; 8mA              ; Off                               ; --                        ; no                         ; no                          ; User                 ; -                    ; -                   ;
; HEX3[0]       ; V21   ; 5        ; 115          ; 25           ; 14           ; no              ; no                     ; no            ; 2         ; no              ; no         ; no            ; no       ; Off          ; 3.3-V LVTTL  ; 8mA              ; Off                               ; --                        ; no                         ; no                          ; User                 ; -                    ; -                   ;
; HEX3[1]       ; U21   ; 5        ; 115          ; 29           ; 0            ; no              ; no                     ; no            ; 2         ; no              ; no         ; no            ; no       ; Off          ; 3.3-V LVTTL  ; 8mA              ; Off                               ; --                        ; no                         ; no                          ; User                 ; -                    ; -                   ;
; HEX3[2]       ; AB20  ; 4        ; 100          ; 0            ; 0            ; no              ; no                     ; no            ; 2         ; no              ; no         ; no            ; no       ; Off          ; 3.3-V LVTTL  ; 8mA              ; Off                               ; --                        ; no                         ; no                          ; User                 ; -                    ; -                   ;
; HEX3[3]       ; AA21  ; 4        ; 111          ; 0            ; 0            ; no              ; no                     ; no            ; 2         ; no              ; no         ; no            ; no       ; Off          ; 3.3-V LVTTL  ; 8mA              ; Off                               ; --                        ; no                         ; no                          ; User                 ; -                    ; -                   ;
; HEX3[4]       ; AD24  ; 4        ; 105          ; 0            ; 21           ; no              ; no                     ; no            ; 2         ; no              ; no         ; no            ; no       ; Off          ; 3.3-V LVTTL  ; 8mA              ; Off                               ; --                        ; no                         ; no                          ; User                 ; -                    ; -                   ;
; HEX3[5]       ; AF23  ; 4        ; 105          ; 0            ; 7            ; no              ; no                     ; no            ; 2         ; no              ; no         ; no            ; no       ; Off          ; 3.3-V LVTTL  ; 8mA              ; Off                               ; --                        ; no                         ; no                          ; User                 ; -                    ; -                   ;
; HEX3[6]       ; Y19   ; 4        ; 105          ; 0            ; 0            ; no              ; no                     ; no            ; 2         ; no              ; no         ; no            ; no       ; Off          ; 3.3-V LVTTL  ; 8mA              ; Off                               ; --                        ; no                         ; no                          ; User                 ; -                    ; -                   ;
; HEX4[0]       ; AB19  ; 4        ; 98           ; 0            ; 21           ; no              ; no                     ; no            ; 2         ; no              ; no         ; no            ; no       ; Off          ; 3.3-V LVTTL  ; 8mA              ; Off                               ; --                        ; no                         ; no                          ; User                 ; -                    ; -                   ;
; HEX4[1]       ; AA19  ; 4        ; 107          ; 0            ; 7            ; no              ; no                     ; no            ; 2         ; no              ; no         ; no            ; no       ; Off          ; 3.3-V LVTTL  ; 8mA              ; Off                               ; --                        ; no                         ; no                          ; User                 ; -                    ; -                   ;
; HEX4[2]       ; AG21  ; 4        ; 74           ; 0            ; 7            ; no              ; no                     ; no            ; 2         ; no              ; no         ; no            ; no       ; Off          ; 3.3-V LVTTL  ; 8mA              ; Off                               ; --                        ; no                         ; no                          ; User                 ; -                    ; -                   ;
; HEX4[3]       ; AH21  ; 4        ; 74           ; 0            ; 0            ; no              ; no                     ; no            ; 2         ; no              ; no         ; no            ; no       ; Off          ; 3.3-V LVTTL  ; 8mA              ; Off                               ; --                        ; no                         ; no                          ; User                 ; -                    ; -                   ;
; HEX4[4]       ; AE19  ; 4        ; 83           ; 0            ; 21           ; no              ; no                     ; no            ; 2         ; no              ; no         ; no            ; no       ; Off          ; 3.3-V LVTTL  ; 8mA              ; Off                               ; --                        ; no                         ; no                          ; User                 ; -                    ; -                   ;
; HEX4[5]       ; AF19  ; 4        ; 83           ; 0            ; 14           ; no              ; no                     ; no            ; 2         ; no              ; no         ; no            ; no       ; Off          ; 3.3-V LVTTL  ; 8mA              ; Off                               ; --                        ; no                         ; no                          ; User                 ; -                    ; -                   ;
; HEX4[6]       ; AE18  ; 4        ; 79           ; 0            ; 21           ; no              ; no                     ; no            ; 2         ; no              ; no         ; no            ; no       ; Off          ; 3.3-V LVTTL  ; 8mA              ; Off                               ; --                        ; no                         ; no                          ; User                 ; -                    ; -                   ;
; HEX5[0]       ; AD18  ; 4        ; 85           ; 0            ; 7            ; no              ; no                     ; no            ; 2         ; no              ; no         ; no            ; no       ; Off          ; 3.3-V LVTTL  ; 8mA              ; Off                               ; --                        ; no                         ; no                          ; User                 ; -                    ; -                   ;
; HEX5[1]       ; AC18  ; 4        ; 87           ; 0            ; 14           ; no              ; no                     ; no            ; 2         ; no              ; no         ; no            ; no       ; Off          ; 3.3-V LVTTL  ; 8mA              ; Off                               ; --                        ; no                         ; no                          ; User                 ; -                    ; -                   ;
; HEX5[2]       ; AB18  ; 4        ; 98           ; 0            ; 14           ; no              ; no                     ; no            ; 2         ; no              ; no         ; no            ; no       ; Off          ; 3.3-V LVTTL  ; 8mA              ; Off                               ; --                        ; no                         ; no                          ; User                 ; -                    ; -                   ;
; HEX5[3]       ; AH19  ; 4        ; 72           ; 0            ; 0            ; no              ; no                     ; no            ; 2         ; no              ; no         ; no            ; no       ; Off          ; 3.3-V LVTTL  ; 8mA              ; Off                               ; --                        ; no                         ; no                          ; User                 ; -                    ; -                   ;
; HEX5[4]       ; AG19  ; 4        ; 72           ; 0            ; 7            ; no              ; no                     ; no            ; 2         ; no              ; no         ; no            ; no       ; Off          ; 3.3-V LVTTL  ; 8mA              ; Off                               ; --                        ; no                         ; no                          ; User                 ; -                    ; -                   ;
; HEX5[5]       ; AF18  ; 4        ; 79           ; 0            ; 14           ; no              ; no                     ; no            ; 2         ; no              ; no         ; no            ; no       ; Off          ; 3.3-V LVTTL  ; 8mA              ; Off                               ; --                        ; no                         ; no                          ; User                 ; -                    ; -                   ;
; HEX5[6]       ; AH18  ; 4        ; 69           ; 0            ; 0            ; no              ; no                     ; no            ; 2         ; no              ; no         ; no            ; no       ; Off          ; 3.3-V LVTTL  ; 8mA              ; Off                               ; --                        ; no                         ; no                          ; User                 ; -                    ; -                   ;
; HEX6[0]       ; AA17  ; 4        ; 89           ; 0            ; 21           ; no              ; no                     ; no            ; 2         ; no              ; no         ; no            ; no       ; Off          ; 3.3-V LVTTL  ; 8mA              ; Off                               ; --                        ; no                         ; no                          ; User                 ; -                    ; -                   ;
; HEX6[1]       ; AB16  ; 4        ; 65           ; 0            ; 0            ; no              ; no                     ; no            ; 2         ; no              ; no         ; no            ; no       ; Off          ; 3.3-V LVTTL  ; 8mA              ; Off                               ; --                        ; no                         ; no                          ; User                 ; -                    ; -                   ;
; HEX6[2]       ; AA16  ; 4        ; 65           ; 0            ; 7            ; no              ; no                     ; no            ; 2         ; no              ; no         ; no            ; no       ; Off          ; 3.3-V LVTTL  ; 8mA              ; Off                               ; --                        ; no                         ; no                          ; User                 ; -                    ; -                   ;
; HEX6[3]       ; AB17  ; 4        ; 89           ; 0            ; 14           ; no              ; no                     ; no            ; 2         ; no              ; no         ; no            ; no       ; Off          ; 3.3-V LVTTL  ; 8mA              ; Off                               ; --                        ; no                         ; no                          ; User                 ; -                    ; -                   ;
; HEX6[4]       ; AB15  ; 4        ; 67           ; 0            ; 14           ; no              ; no                     ; no            ; 2         ; no              ; no         ; no            ; no       ; Off          ; 3.3-V LVTTL  ; 8mA              ; Off                               ; --                        ; no                         ; no                          ; User                 ; -                    ; -                   ;
; HEX6[5]       ; AA15  ; 4        ; 67           ; 0            ; 21           ; no              ; no                     ; no            ; 2         ; no              ; no         ; no            ; no       ; Off          ; 3.3-V LVTTL  ; 8mA              ; Off                               ; --                        ; no                         ; no                          ; User                 ; -                    ; -                   ;
; HEX6[6]       ; AC17  ; 4        ; 74           ; 0            ; 21           ; no              ; no                     ; no            ; 2         ; no              ; no         ; no            ; no       ; Off          ; 3.3-V LVTTL  ; 8mA              ; Off                               ; --                        ; no                         ; no                          ; User                 ; -                    ; -                   ;
; HEX7[0]       ; AD17  ; 4        ; 74           ; 0            ; 14           ; no              ; no                     ; no            ; 2         ; no              ; no         ; no            ; no       ; Off          ; 3.3-V LVTTL  ; 8mA              ; Off                               ; --                        ; no                         ; no                          ; User                 ; -                    ; -                   ;
; HEX7[1]       ; AE17  ; 4        ; 67           ; 0            ; 7            ; no              ; no                     ; no            ; 2         ; no              ; no         ; no            ; no       ; Off          ; 3.3-V LVTTL  ; 8mA              ; Off                               ; --                        ; no                         ; no                          ; User                 ; -                    ; -                   ;
; HEX7[2]       ; AG17  ; 4        ; 62           ; 0            ; 21           ; no              ; no                     ; no            ; 2         ; no              ; no         ; no            ; no       ; Off          ; 3.3-V LVTTL  ; 8mA              ; Off                               ; --                        ; no                         ; no                          ; User                 ; -                    ; -                   ;
; HEX7[3]       ; AH17  ; 4        ; 62           ; 0            ; 14           ; no              ; no                     ; no            ; 2         ; no              ; no         ; no            ; no       ; Off          ; 3.3-V LVTTL  ; 8mA              ; Off                               ; --                        ; no                         ; no                          ; User                 ; -                    ; -                   ;
; HEX7[4]       ; AF17  ; 4        ; 67           ; 0            ; 0            ; no              ; no                     ; no            ; 2         ; no              ; no         ; no            ; no       ; Off          ; 3.3-V LVTTL  ; 8mA              ; Off                               ; --                        ; no                         ; no                          ; User                 ; -                    ; -                   ;
; HEX7[5]       ; AG18  ; 4        ; 69           ; 0            ; 7            ; no              ; no                     ; no            ; 2         ; no              ; no         ; no            ; no       ; Off          ; 3.3-V LVTTL  ; 8mA              ; Off                               ; --                        ; no                         ; no                          ; User                 ; -                    ; -                   ;
; HEX7[6]       ; AA14  ; 3        ; 54           ; 0            ; 21           ; no              ; no                     ; no            ; 2         ; no              ; no         ; no            ; no       ; Off          ; 3.3-V LVTTL  ; 8mA              ; Off                               ; --                        ; no                         ; no                          ; User                 ; -                    ; -                   ;
; LEDG[0]       ; E21   ; 7        ; 107          ; 73           ; 7            ; no              ; no                     ; no            ; 2         ; no              ; no         ; no            ; no       ; Off          ; 2.5 V        ; Default          ; Series 50 Ohm without Calibration ; --                        ; no                         ; no                          ; User                 ; -                    ; -                   ;
; LEDG[1]       ; E22   ; 7        ; 111          ; 73           ; 7            ; no              ; no                     ; no            ; 2         ; no              ; no         ; no            ; no       ; Off          ; 2.5 V        ; Default          ; Series 50 Ohm without Calibration ; --                        ; no                         ; no                          ; User                 ; -                    ; -                   ;
; LEDG[2]       ; E25   ; 7        ; 83           ; 73           ; 0            ; no              ; no                     ; no            ; 2         ; no              ; no         ; no            ; no       ; Off          ; 2.5 V        ; Default          ; Series 50 Ohm without Calibration ; --                        ; no                         ; no                          ; User                 ; -                    ; -                   ;
; LEDG[3]       ; E24   ; 7        ; 85           ; 73           ; 21           ; no              ; no                     ; no            ; 2         ; no              ; no         ; no            ; no       ; Off          ; 2.5 V        ; Default          ; Series 50 Ohm without Calibration ; --                        ; no                         ; no                          ; User                 ; -                    ; -                   ;
; LEDG[4]       ; H21   ; 7        ; 72           ; 73           ; 14           ; no              ; no                     ; no            ; 2         ; no              ; no         ; no            ; no       ; Off          ; 2.5 V        ; Default          ; Series 50 Ohm without Calibration ; --                        ; no                         ; no                          ; User                 ; -                    ; -                   ;
; LEDG[5]       ; G20   ; 7        ; 74           ; 73           ; 14           ; no              ; no                     ; no            ; 2         ; no              ; no         ; no            ; no       ; Off          ; 2.5 V        ; Default          ; Series 50 Ohm without Calibration ; --                        ; no                         ; no                          ; User                 ; -                    ; -                   ;
; LEDG[6]       ; G22   ; 7        ; 72           ; 73           ; 21           ; no              ; no                     ; no            ; 2         ; no              ; no         ; no            ; no       ; Off          ; 2.5 V        ; Default          ; Series 50 Ohm without Calibration ; --                        ; no                         ; no                          ; User                 ; -                    ; -                   ;
; LEDG[7]       ; G21   ; 7        ; 74           ; 73           ; 21           ; no              ; no                     ; no            ; 2         ; no              ; no         ; no            ; no       ; Off          ; 2.5 V        ; Default          ; Series 50 Ohm without Calibration ; --                        ; no                         ; no                          ; User                 ; -                    ; -                   ;
; LEDG[8]       ; F17   ; 7        ; 67           ; 73           ; 14           ; no              ; no                     ; no            ; 2         ; no              ; no         ; no            ; no       ; Off          ; 2.5 V        ; Default          ; Series 50 Ohm without Calibration ; --                        ; no                         ; no                          ; User                 ; -                    ; -                   ;
; LEDR[0]       ; G19   ; 7        ; 69           ; 73           ; 14           ; no              ; no                     ; no            ; 2         ; no              ; no         ; no            ; no       ; Off          ; 2.5 V        ; Default          ; Series 50 Ohm without Calibration ; --                        ; no                         ; no                          ; User                 ; -                    ; -                   ;
; LEDR[10]      ; J15   ; 7        ; 60           ; 73           ; 21           ; no              ; no                     ; no            ; 2         ; no              ; no         ; no            ; no       ; Off          ; 2.5 V        ; Default          ; Series 50 Ohm without Calibration ; --                        ; no                         ; no                          ; User                 ; -                    ; -                   ;
; LEDR[11]      ; H16   ; 7        ; 65           ; 73           ; 21           ; no              ; no                     ; no            ; 2         ; no              ; no         ; no            ; no       ; Off          ; 2.5 V        ; Default          ; Series 50 Ohm without Calibration ; --                        ; no                         ; no                          ; User                 ; -                    ; -                   ;
; LEDR[12]      ; J16   ; 7        ; 65           ; 73           ; 14           ; no              ; no                     ; no            ; 2         ; no              ; no         ; no            ; no       ; Off          ; 2.5 V        ; Default          ; Series 50 Ohm without Calibration ; --                        ; no                         ; no                          ; User                 ; -                    ; -                   ;
; LEDR[13]      ; H17   ; 7        ; 67           ; 73           ; 7            ; no              ; no                     ; no            ; 2         ; no              ; no         ; no            ; no       ; Off          ; 2.5 V        ; Default          ; Series 50 Ohm without Calibration ; --                        ; no                         ; no                          ; User                 ; -                    ; -                   ;
; LEDR[14]      ; F15   ; 7        ; 58           ; 73           ; 0            ; no              ; no                     ; no            ; 2         ; no              ; no         ; no            ; no       ; Off          ; 2.5 V        ; Default          ; Series 50 Ohm without Calibration ; --                        ; no                         ; no                          ; User                 ; -                    ; -                   ;
; LEDR[15]      ; G15   ; 7        ; 65           ; 73           ; 7            ; no              ; no                     ; no            ; 2         ; no              ; no         ; no            ; no       ; Off          ; 2.5 V        ; Default          ; Series 50 Ohm without Calibration ; --                        ; no                         ; no                          ; User                 ; -                    ; -                   ;
; LEDR[16]      ; G16   ; 7        ; 67           ; 73           ; 0            ; no              ; no                     ; no            ; 2         ; no              ; no         ; no            ; no       ; Off          ; 2.5 V        ; Default          ; Series 50 Ohm without Calibration ; --                        ; no                         ; no                          ; User                 ; -                    ; -                   ;
; LEDR[17]      ; H15   ; 7        ; 60           ; 73           ; 14           ; no              ; no                     ; no            ; 2         ; no              ; no         ; no            ; no       ; Off          ; 2.5 V        ; Default          ; Series 50 Ohm without Calibration ; --                        ; no                         ; no                          ; User                 ; -                    ; -                   ;
; LEDR[1]       ; F19   ; 7        ; 94           ; 73           ; 0            ; no              ; no                     ; no            ; 2         ; no              ; no         ; no            ; no       ; Off          ; 2.5 V        ; Default          ; Series 50 Ohm without Calibration ; --                        ; no                         ; no                          ; User                 ; -                    ; -                   ;
; LEDR[2]       ; E19   ; 7        ; 94           ; 73           ; 7            ; no              ; no                     ; no            ; 2         ; no              ; no         ; no            ; no       ; Off          ; 2.5 V        ; Default          ; Series 50 Ohm without Calibration ; --                        ; no                         ; no                          ; User                 ; -                    ; -                   ;
; LEDR[3]       ; F21   ; 7        ; 107          ; 73           ; 14           ; no              ; no                     ; no            ; 2         ; no              ; no         ; no            ; no       ; Off          ; 2.5 V        ; Default          ; Series 50 Ohm without Calibration ; --                        ; no                         ; no                          ; User                 ; -                    ; -                   ;
; LEDR[4]       ; F18   ; 7        ; 87           ; 73           ; 14           ; no              ; no                     ; no            ; 2         ; no              ; no         ; no            ; no       ; Off          ; 2.5 V        ; Default          ; Series 50 Ohm without Calibration ; --                        ; no                         ; no                          ; User                 ; -                    ; -                   ;
; LEDR[5]       ; E18   ; 7        ; 87           ; 73           ; 7            ; no              ; no                     ; no            ; 2         ; no              ; no         ; no            ; no       ; Off          ; 2.5 V        ; Default          ; Series 50 Ohm without Calibration ; --                        ; no                         ; no                          ; User                 ; -                    ; -                   ;
; LEDR[6]       ; J19   ; 7        ; 72           ; 73           ; 7            ; no              ; no                     ; no            ; 2         ; no              ; no         ; no            ; no       ; Off          ; 2.5 V        ; Default          ; Series 50 Ohm without Calibration ; --                        ; no                         ; no                          ; User                 ; -                    ; -                   ;
; LEDR[7]       ; H19   ; 7        ; 72           ; 73           ; 0            ; no              ; no                     ; no            ; 2         ; no              ; no         ; no            ; no       ; Off          ; 2.5 V        ; Default          ; Series 50 Ohm without Calibration ; --                        ; no                         ; no                          ; User                 ; -                    ; -                   ;
; LEDR[8]       ; J17   ; 7        ; 69           ; 73           ; 0            ; no              ; no                     ; no            ; 2         ; no              ; no         ; no            ; no       ; Off          ; 2.5 V        ; Default          ; Series 50 Ohm without Calibration ; --                        ; no                         ; no                          ; User                 ; -                    ; -                   ;
; LEDR[9]       ; G17   ; 7        ; 83           ; 73           ; 21           ; no              ; no                     ; no            ; 2         ; no              ; no         ; no            ; no       ; Off          ; 2.5 V        ; Default          ; Series 50 Ohm without Calibration ; --                        ; no                         ; no                          ; User                 ; -                    ; -                   ;
; VGA_BLANK_N   ; F11   ; 8        ; 31           ; 73           ; 7            ; no              ; no                     ; no            ; 2         ; no              ; no         ; no            ; no       ; Off          ; 3.3-V LVTTL  ; 8mA              ; Off                               ; --                        ; no                         ; no                          ; User                 ; -                    ; -                   ;
; VGA_B[0]      ; B10   ; 8        ; 38           ; 73           ; 7            ; no              ; no                     ; no            ; 2         ; no              ; no         ; no            ; no       ; Off          ; 3.3-V LVTTL  ; 8mA              ; Off                               ; --                        ; no                         ; no                          ; User                 ; -                    ; -                   ;
; VGA_B[1]      ; A10   ; 8        ; 38           ; 73           ; 0            ; no              ; no                     ; no            ; 2         ; no              ; no         ; no            ; no       ; Off          ; 3.3-V LVTTL  ; 8mA              ; Off                               ; --                        ; no                         ; no                          ; User                 ; -                    ; -                   ;
; VGA_B[2]      ; C11   ; 8        ; 23           ; 73           ; 0            ; no              ; no                     ; no            ; 2         ; no              ; no         ; no            ; no       ; Off          ; 3.3-V LVTTL  ; 8mA              ; Off                               ; --                        ; no                         ; no                          ; User                 ; -                    ; -                   ;
; VGA_B[3]      ; B11   ; 8        ; 42           ; 73           ; 7            ; no              ; no                     ; no            ; 2         ; no              ; no         ; no            ; no       ; Off          ; 3.3-V LVTTL  ; 8mA              ; Off                               ; --                        ; no                         ; no                          ; User                 ; -                    ; -                   ;
; VGA_B[4]      ; A11   ; 8        ; 42           ; 73           ; 0            ; no              ; no                     ; no            ; 2         ; no              ; no         ; no            ; no       ; Off          ; 3.3-V LVTTL  ; 8mA              ; Off                               ; --                        ; no                         ; no                          ; User                 ; -                    ; -                   ;
; VGA_B[5]      ; C12   ; 8        ; 52           ; 73           ; 14           ; no              ; no                     ; no            ; 2         ; no              ; no         ; no            ; no       ; Off          ; 3.3-V LVTTL  ; 8mA              ; Off                               ; --                        ; no                         ; no                          ; User                 ; -                    ; -                   ;
; VGA_B[6]      ; D11   ; 8        ; 23           ; 73           ; 7            ; no              ; no                     ; no            ; 2         ; no              ; no         ; no            ; no       ; Off          ; 3.3-V LVTTL  ; 8mA              ; Off                               ; --                        ; no                         ; no                          ; User                 ; -                    ; -                   ;
; VGA_B[7]      ; D12   ; 8        ; 52           ; 73           ; 21           ; no              ; no                     ; no            ; 2         ; no              ; no         ; no            ; no       ; Off          ; 3.3-V LVTTL  ; 8mA              ; Off                               ; --                        ; no                         ; no                          ; User                 ; -                    ; -                   ;
; VGA_CLK       ; A12   ; 8        ; 47           ; 73           ; 0            ; no              ; no                     ; no            ; 2         ; no              ; no         ; no            ; no       ; Off          ; 3.3-V LVTTL  ; 8mA              ; Off                               ; --                        ; no                         ; no                          ; User                 ; -                    ; -                   ;
; VGA_G[0]      ; G8    ; 8        ; 11           ; 73           ; 14           ; no              ; no                     ; no            ; 2         ; no              ; no         ; no            ; no       ; Off          ; 3.3-V LVTTL  ; 8mA              ; Off                               ; --                        ; no                         ; no                          ; User                 ; -                    ; -                   ;
; VGA_G[1]      ; G11   ; 8        ; 25           ; 73           ; 14           ; no              ; no                     ; no            ; 2         ; no              ; no         ; no            ; no       ; Off          ; 3.3-V LVTTL  ; 8mA              ; Off                               ; --                        ; no                         ; no                          ; User                 ; -                    ; -                   ;
; VGA_G[2]      ; F8    ; 8        ; 11           ; 73           ; 7            ; no              ; no                     ; no            ; 2         ; no              ; no         ; no            ; no       ; Off          ; 3.3-V LVTTL  ; 8mA              ; Off                               ; --                        ; no                         ; no                          ; User                 ; -                    ; -                   ;
; VGA_G[3]      ; H12   ; 8        ; 25           ; 73           ; 21           ; no              ; no                     ; no            ; 2         ; no              ; no         ; no            ; no       ; Off          ; 3.3-V LVTTL  ; 8mA              ; Off                               ; --                        ; no                         ; no                          ; User                 ; -                    ; -                   ;
; VGA_G[4]      ; C8    ; 8        ; 16           ; 73           ; 7            ; no              ; no                     ; no            ; 2         ; no              ; no         ; no            ; no       ; Off          ; 3.3-V LVTTL  ; 8mA              ; Off                               ; --                        ; no                         ; no                          ; User                 ; -                    ; -                   ;
; VGA_G[5]      ; B8    ; 8        ; 16           ; 73           ; 0            ; no              ; no                     ; no            ; 2         ; no              ; no         ; no            ; no       ; Off          ; 3.3-V LVTTL  ; 8mA              ; Off                               ; --                        ; no                         ; no                          ; User                 ; -                    ; -                   ;
; VGA_G[6]      ; F10   ; 8        ; 20           ; 73           ; 0            ; no              ; no                     ; no            ; 2         ; no              ; no         ; no            ; no       ; Off          ; 3.3-V LVTTL  ; 8mA              ; Off                               ; --                        ; no                         ; no                          ; User                 ; -                    ; -                   ;
; VGA_G[7]      ; C9    ; 8        ; 23           ; 73           ; 14           ; no              ; no                     ; no            ; 2         ; no              ; no         ; no            ; no       ; Off          ; 3.3-V LVTTL  ; 8mA              ; Off                               ; --                        ; no                         ; no                          ; User                 ; -                    ; -                   ;
; VGA_HS        ; G13   ; 8        ; 38           ; 73           ; 14           ; no              ; no                     ; no            ; 2         ; no              ; no         ; no            ; no       ; Off          ; 3.3-V LVTTL  ; 8mA              ; Off                               ; --                        ; no                         ; no                          ; User                 ; -                    ; -                   ;
; VGA_R[0]      ; E12   ; 8        ; 33           ; 73           ; 0            ; no              ; no                     ; no            ; 2         ; no              ; no         ; no            ; no       ; Off          ; 3.3-V LVTTL  ; 8mA              ; Off                               ; --                        ; no                         ; no                          ; User                 ; -                    ; -                   ;
; VGA_R[1]      ; E11   ; 8        ; 31           ; 73           ; 0            ; no              ; no                     ; no            ; 2         ; no              ; no         ; no            ; no       ; Off          ; 3.3-V LVTTL  ; 8mA              ; Off                               ; --                        ; no                         ; no                          ; User                 ; -                    ; -                   ;
; VGA_R[2]      ; D10   ; 8        ; 35           ; 73           ; 21           ; no              ; no                     ; no            ; 2         ; no              ; no         ; no            ; no       ; Off          ; 3.3-V LVTTL  ; 8mA              ; Off                               ; --                        ; no                         ; no                          ; User                 ; -                    ; -                   ;
; VGA_R[3]      ; F12   ; 8        ; 33           ; 73           ; 7            ; no              ; no                     ; no            ; 2         ; no              ; no         ; no            ; no       ; Off          ; 3.3-V LVTTL  ; 8mA              ; Off                               ; --                        ; no                         ; no                          ; User                 ; -                    ; -                   ;
; VGA_R[4]      ; G10   ; 8        ; 20           ; 73           ; 7            ; no              ; no                     ; no            ; 2         ; no              ; no         ; no            ; no       ; Off          ; 3.3-V LVTTL  ; 8mA              ; Off                               ; --                        ; no                         ; no                          ; User                 ; -                    ; -                   ;
; VGA_R[5]      ; J12   ; 8        ; 40           ; 73           ; 7            ; no              ; no                     ; no            ; 2         ; no              ; no         ; no            ; no       ; Off          ; 3.3-V LVTTL  ; 8mA              ; Off                               ; --                        ; no                         ; no                          ; User                 ; -                    ; -                   ;
; VGA_R[6]      ; H8    ; 8        ; 11           ; 73           ; 21           ; no              ; no                     ; no            ; 2         ; no              ; no         ; no            ; no       ; Off          ; 3.3-V LVTTL  ; 8mA              ; Off                               ; --                        ; no                         ; no                          ; User                 ; -                    ; -                   ;
; VGA_R[7]      ; H10   ; 8        ; 20           ; 73           ; 14           ; no              ; no                     ; no            ; 2         ; no              ; no         ; no            ; no       ; Off          ; 3.3-V LVTTL  ; 8mA              ; Off                               ; --                        ; no                         ; no                          ; User                 ; -                    ; -                   ;
; VGA_SYNC_N    ; C10   ; 8        ; 35           ; 73           ; 14           ; no              ; no                     ; no            ; 2         ; no              ; no         ; no            ; no       ; Off          ; 3.3-V LVTTL  ; 8mA              ; Off                               ; --                        ; no                         ; no                          ; User                 ; -                    ; -                   ;
; VGA_VS        ; C13   ; 8        ; 54           ; 73           ; 0            ; no              ; no                     ; no            ; 2         ; no              ; no         ; no            ; no       ; Off          ; 3.3-V LVTTL  ; 8mA              ; Off                               ; --                        ; no                         ; no                          ; User                 ; -                    ; -                   ;
; cmos_pwdn     ; AF15  ; 4        ; 60           ; 0            ; 0            ; no              ; no                     ; no            ; 2         ; no              ; no         ; no            ; no       ; Off          ; 3.3-V LVTTL  ; 8mA              ; Off                               ; --                        ; no                         ; no                          ; User                 ; -                    ; -                   ;
; cmos_rst_n    ; AD19  ; 4        ; 94           ; 0            ; 0            ; no              ; no                     ; no            ; 2         ; no              ; no         ; no            ; no       ; Off          ; 3.3-V LVTTL  ; 8mA              ; Off                               ; --                        ; no                         ; no                          ; User                 ; -                    ; -                   ;
; cmos_xclk     ; AE15  ; 4        ; 60           ; 0            ; 7            ; no              ; no                     ; no            ; 2         ; no              ; no         ; no            ; no       ; Off          ; 3.3-V LVTTL  ; 8mA              ; Off                               ; --                        ; no                         ; no                          ; User                 ; -                    ; -                   ;
+---------------+-------+----------+--------------+--------------+--------------+-----------------+------------------------+---------------+-----------+-----------------+------------+---------------+----------+--------------+--------------+------------------+-----------------------------------+---------------------------+----------------------------+-----------------------------+----------------------+----------------------+---------------------+


+-------------------------------------------------------------------------------------------------------------------------------------------------------------------------------------------------------------------------------------------------------------------------------------------------------------------------------------------------------------------------------------------------------------------------------------------------------------------------------------------------------------+
; Bidir Pins                                                                                                                                                                                                                                                                                                                                                                                                                                                                                                  ;
+-------------+-------+----------+--------------+--------------+--------------+-----------------------+--------------------+--------+----------------+-----------------+------------------------+---------------+-----------+-----------------+------------+----------+--------------+--------------+------------------+--------------------+---------------------------+----------------------------+----------------------+----------------------+----------------------------------------------------------+
; Name        ; Pin # ; I/O Bank ; X coordinate ; Y coordinate ; Z coordinate ; Combinational Fan-Out ; Registered Fan-Out ; Global ; Input Register ; Output Register ; Output Enable Register ; Power Up High ; Slew Rate ; PCI I/O Enabled ; Open Drain ; Bus Hold ; Weak Pull Up ; I/O Standard ; Current Strength ; Output Termination ; Termination Control Block ; Output Buffer Pre-emphasis ; Location assigned by ; Output Enable Source ; Output Enable Group                                      ;
+-------------+-------+----------+--------------+--------------+--------------+-----------------------+--------------------+--------+----------------+-----------------+------------------------+---------------+-----------+-----------------+------------+----------+--------------+--------------+------------------+--------------------+---------------------------+----------------------------+----------------------+----------------------+----------------------------------------------------------+
; DRAM_DQ[0]  ; W3    ; 2        ; 0            ; 13           ; 0            ; 0                     ; 0                  ; no     ; no             ; no              ; no                     ; no            ; 2         ; yes             ; no         ; no       ; Off          ; 3.3-V LVTTL  ; 8mA              ; Off                ; --                        ; no                         ; User                 ; 0 pF                 ; Sdram_Control:u7|command:u_command|OE (inverted)         ;
; DRAM_DQ[10] ; AB1   ; 2        ; 0            ; 27           ; 21           ; 0                     ; 0                  ; no     ; no             ; no              ; no                     ; no            ; 2         ; yes             ; no         ; no       ; Off          ; 3.3-V LVTTL  ; 8mA              ; Off                ; --                        ; no                         ; User                 ; 0 pF                 ; Sdram_Control:u7|command:u_command|OE (inverted)         ;
; DRAM_DQ[11] ; AA3   ; 2        ; 0            ; 19           ; 7            ; 0                     ; 0                  ; no     ; no             ; no              ; no                     ; no            ; 2         ; yes             ; no         ; no       ; Off          ; 3.3-V LVTTL  ; 8mA              ; Off                ; --                        ; no                         ; User                 ; 0 pF                 ; Sdram_Control:u7|command:u_command|OE (inverted)         ;
; DRAM_DQ[12] ; AB2   ; 2        ; 0            ; 27           ; 14           ; 0                     ; 0                  ; no     ; no             ; no              ; no                     ; no            ; 2         ; yes             ; no         ; no       ; Off          ; 3.3-V LVTTL  ; 8mA              ; Off                ; --                        ; no                         ; User                 ; 0 pF                 ; Sdram_Control:u7|command:u_command|OE (inverted)         ;
; DRAM_DQ[13] ; AC1   ; 2        ; 0            ; 23           ; 14           ; 0                     ; 0                  ; no     ; no             ; no              ; no                     ; no            ; 2         ; yes             ; no         ; no       ; Off          ; 3.3-V LVTTL  ; 8mA              ; Off                ; --                        ; no                         ; User                 ; 0 pF                 ; Sdram_Control:u7|command:u_command|OE (inverted)         ;
; DRAM_DQ[14] ; AB3   ; 2        ; 0            ; 21           ; 21           ; 0                     ; 0                  ; no     ; no             ; no              ; no                     ; no            ; 2         ; yes             ; no         ; no       ; Off          ; 3.3-V LVTTL  ; 8mA              ; Off                ; --                        ; no                         ; User                 ; 0 pF                 ; Sdram_Control:u7|command:u_command|OE (inverted)         ;
; DRAM_DQ[15] ; AC2   ; 2        ; 0            ; 24           ; 21           ; 0                     ; 0                  ; no     ; no             ; no              ; no                     ; no            ; 2         ; yes             ; no         ; no       ; Off          ; 3.3-V LVTTL  ; 8mA              ; Off                ; --                        ; no                         ; User                 ; 0 pF                 ; Sdram_Control:u7|command:u_command|OE (inverted)         ;
; DRAM_DQ[16] ; M8    ; 1        ; 0            ; 45           ; 14           ; 0                     ; 0                  ; no     ; no             ; no              ; no                     ; no            ; 2         ; yes             ; no         ; no       ; Off          ; 3.3-V LVTTL  ; 8mA              ; Off                ; --                        ; no                         ; User                 ; 0 pF                 ; Sdram_Control:u7|command:u_command|OE (inverted)         ;
; DRAM_DQ[17] ; L8    ; 1        ; 0            ; 48           ; 7            ; 0                     ; 0                  ; no     ; no             ; no              ; no                     ; no            ; 2         ; yes             ; no         ; no       ; Off          ; 3.3-V LVTTL  ; 8mA              ; Off                ; --                        ; no                         ; User                 ; 0 pF                 ; Sdram_Control:u7|command:u_command|OE (inverted)         ;
; DRAM_DQ[18] ; P2    ; 1        ; 0            ; 43           ; 14           ; 0                     ; 0                  ; no     ; no             ; no              ; no                     ; no            ; 2         ; yes             ; no         ; no       ; Off          ; 3.3-V LVTTL  ; 8mA              ; Off                ; --                        ; no                         ; User                 ; 0 pF                 ; Sdram_Control:u7|command:u_command|OE (inverted)         ;
; DRAM_DQ[19] ; N3    ; 1        ; 0            ; 46           ; 21           ; 0                     ; 0                  ; no     ; no             ; no              ; no                     ; no            ; 2         ; yes             ; no         ; no       ; Off          ; 3.3-V LVTTL  ; 8mA              ; Off                ; --                        ; no                         ; User                 ; 0 pF                 ; Sdram_Control:u7|command:u_command|OE (inverted)         ;
; DRAM_DQ[1]  ; W2    ; 2        ; 0            ; 26           ; 14           ; 0                     ; 0                  ; no     ; no             ; no              ; no                     ; no            ; 2         ; yes             ; no         ; no       ; Off          ; 3.3-V LVTTL  ; 8mA              ; Off                ; --                        ; no                         ; User                 ; 0 pF                 ; Sdram_Control:u7|command:u_command|OE (inverted)         ;
; DRAM_DQ[20] ; N4    ; 1        ; 0            ; 46           ; 14           ; 0                     ; 0                  ; no     ; no             ; no              ; no                     ; no            ; 2         ; yes             ; no         ; no       ; Off          ; 3.3-V LVTTL  ; 8mA              ; Off                ; --                        ; no                         ; User                 ; 0 pF                 ; Sdram_Control:u7|command:u_command|OE (inverted)         ;
; DRAM_DQ[21] ; M4    ; 1        ; 0            ; 52           ; 21           ; 0                     ; 0                  ; no     ; no             ; no              ; no                     ; no            ; 2         ; yes             ; no         ; no       ; Off          ; 3.3-V LVTTL  ; 8mA              ; Off                ; --                        ; no                         ; User                 ; 0 pF                 ; Sdram_Control:u7|command:u_command|OE (inverted)         ;
; DRAM_DQ[22] ; M7    ; 1        ; 0            ; 45           ; 21           ; 0                     ; 0                  ; no     ; no             ; no              ; no                     ; no            ; 2         ; yes             ; no         ; no       ; Off          ; 3.3-V LVTTL  ; 8mA              ; Off                ; --                        ; no                         ; User                 ; 0 pF                 ; Sdram_Control:u7|command:u_command|OE (inverted)         ;
; DRAM_DQ[23] ; L7    ; 1        ; 0            ; 47           ; 14           ; 0                     ; 0                  ; no     ; no             ; no              ; no                     ; no            ; 2         ; yes             ; no         ; no       ; Off          ; 3.3-V LVTTL  ; 8mA              ; Off                ; --                        ; no                         ; User                 ; 0 pF                 ; Sdram_Control:u7|command:u_command|OE (inverted)         ;
; DRAM_DQ[24] ; U5    ; 2        ; 0            ; 24           ; 0            ; 0                     ; 0                  ; no     ; no             ; no              ; no                     ; no            ; 2         ; yes             ; no         ; no       ; Off          ; 3.3-V LVTTL  ; 8mA              ; Off                ; --                        ; no                         ; User                 ; 0 pF                 ; Sdram_Control:u7|command:u_command|OE (inverted)         ;
; DRAM_DQ[25] ; R7    ; 2        ; 0            ; 35           ; 14           ; 0                     ; 0                  ; no     ; no             ; no              ; no                     ; no            ; 2         ; yes             ; no         ; no       ; Off          ; 3.3-V LVTTL  ; 8mA              ; Off                ; --                        ; no                         ; User                 ; 0 pF                 ; Sdram_Control:u7|command:u_command|OE (inverted)         ;
; DRAM_DQ[26] ; R1    ; 2        ; 0            ; 35           ; 7            ; 0                     ; 0                  ; no     ; no             ; no              ; no                     ; no            ; 2         ; yes             ; no         ; no       ; Off          ; 3.3-V LVTTL  ; 8mA              ; Off                ; --                        ; no                         ; User                 ; 0 pF                 ; Sdram_Control:u7|command:u_command|OE (inverted)         ;
; DRAM_DQ[27] ; R2    ; 2        ; 0            ; 35           ; 0            ; 0                     ; 0                  ; no     ; no             ; no              ; no                     ; no            ; 2         ; yes             ; no         ; no       ; Off          ; 3.3-V LVTTL  ; 8mA              ; Off                ; --                        ; no                         ; User                 ; 0 pF                 ; Sdram_Control:u7|command:u_command|OE (inverted)         ;
; DRAM_DQ[28] ; R3    ; 2        ; 0            ; 34           ; 21           ; 0                     ; 0                  ; no     ; no             ; no              ; no                     ; no            ; 2         ; yes             ; no         ; no       ; Off          ; 3.3-V LVTTL  ; 8mA              ; Off                ; --                        ; no                         ; User                 ; 0 pF                 ; Sdram_Control:u7|command:u_command|OE (inverted)         ;
; DRAM_DQ[29] ; T3    ; 2        ; 0            ; 32           ; 14           ; 0                     ; 0                  ; no     ; no             ; no              ; no                     ; no            ; 2         ; yes             ; no         ; no       ; Off          ; 3.3-V LVTTL  ; 8mA              ; Off                ; --                        ; no                         ; User                 ; 0 pF                 ; Sdram_Control:u7|command:u_command|OE (inverted)         ;
; DRAM_DQ[2]  ; V4    ; 2        ; 0            ; 29           ; 14           ; 1                     ; 0                  ; no     ; no             ; no              ; no                     ; no            ; 2         ; yes             ; no         ; no       ; Off          ; 3.3-V LVTTL  ; 8mA              ; Off                ; --                        ; no                         ; User                 ; 0 pF                 ; Sdram_Control:u7|command:u_command|OE (inverted)         ;
; DRAM_DQ[30] ; U4    ; 2        ; 0            ; 34           ; 14           ; 0                     ; 0                  ; no     ; no             ; no              ; no                     ; no            ; 2         ; yes             ; no         ; no       ; Off          ; 3.3-V LVTTL  ; 8mA              ; Off                ; --                        ; no                         ; User                 ; 0 pF                 ; Sdram_Control:u7|command:u_command|OE (inverted)         ;
; DRAM_DQ[31] ; U1    ; 2        ; 0            ; 30           ; 7            ; 0                     ; 0                  ; no     ; no             ; no              ; no                     ; no            ; 2         ; yes             ; no         ; no       ; Off          ; 3.3-V LVTTL  ; 8mA              ; Off                ; --                        ; no                         ; User                 ; 0 pF                 ; Sdram_Control:u7|command:u_command|OE (inverted)         ;
; DRAM_DQ[3]  ; W1    ; 2        ; 0            ; 25           ; 14           ; 1                     ; 0                  ; no     ; no             ; no              ; no                     ; no            ; 2         ; yes             ; no         ; no       ; Off          ; 3.3-V LVTTL  ; 8mA              ; Off                ; --                        ; no                         ; User                 ; 0 pF                 ; Sdram_Control:u7|command:u_command|OE (inverted)         ;
; DRAM_DQ[4]  ; V3    ; 2        ; 0            ; 29           ; 21           ; 1                     ; 0                  ; no     ; no             ; no              ; no                     ; no            ; 2         ; yes             ; no         ; no       ; Off          ; 3.3-V LVTTL  ; 8mA              ; Off                ; --                        ; no                         ; User                 ; 0 pF                 ; Sdram_Control:u7|command:u_command|OE (inverted)         ;
; DRAM_DQ[5]  ; V2    ; 2        ; 0            ; 28           ; 14           ; 1                     ; 0                  ; no     ; no             ; no              ; no                     ; no            ; 2         ; yes             ; no         ; no       ; Off          ; 3.3-V LVTTL  ; 8mA              ; Off                ; --                        ; no                         ; User                 ; 0 pF                 ; Sdram_Control:u7|command:u_command|OE (inverted)         ;
; DRAM_DQ[6]  ; V1    ; 2        ; 0            ; 28           ; 21           ; 1                     ; 0                  ; no     ; no             ; no              ; no                     ; no            ; 2         ; yes             ; no         ; no       ; Off          ; 3.3-V LVTTL  ; 8mA              ; Off                ; --                        ; no                         ; User                 ; 0 pF                 ; Sdram_Control:u7|command:u_command|OE (inverted)         ;
; DRAM_DQ[7]  ; U3    ; 2        ; 0            ; 34           ; 7            ; 1                     ; 0                  ; no     ; no             ; no              ; no                     ; no            ; 2         ; yes             ; no         ; no       ; Off          ; 3.3-V LVTTL  ; 8mA              ; Off                ; --                        ; no                         ; User                 ; 0 pF                 ; Sdram_Control:u7|command:u_command|OE (inverted)         ;
; DRAM_DQ[8]  ; Y3    ; 2        ; 0            ; 24           ; 14           ; 1                     ; 0                  ; no     ; no             ; no              ; no                     ; no            ; 2         ; yes             ; no         ; no       ; Off          ; 3.3-V LVTTL  ; 8mA              ; Off                ; --                        ; no                         ; User                 ; 0 pF                 ; Sdram_Control:u7|command:u_command|OE (inverted)         ;
; DRAM_DQ[9]  ; Y4    ; 2        ; 0            ; 24           ; 7            ; 1                     ; 0                  ; no     ; no             ; no              ; no                     ; no            ; 2         ; yes             ; no         ; no       ; Off          ; 3.3-V LVTTL  ; 8mA              ; Off                ; --                        ; no                         ; User                 ; 0 pF                 ; Sdram_Control:u7|command:u_command|OE (inverted)         ;
; cmos_scl    ; AE21  ; 4        ; 85           ; 0            ; 0            ; 0                     ; 0                  ; no     ; no             ; no              ; no                     ; no            ; 2         ; yes             ; no         ; no       ; Off          ; 3.3-V LVTTL  ; 8mA              ; Off                ; --                        ; no                         ; User                 ; 0 pF                 ; -                                                        ;
; cmos_sda    ; AF24  ; 4        ; 83           ; 0            ; 7            ; 8                     ; 0                  ; no     ; no             ; no              ; no                     ; no            ; 2         ; yes             ; no         ; no       ; Off          ; 3.3-V LVTTL  ; 8mA              ; Off                ; --                        ; no                         ; User                 ; 0 pF                 ; camera_interface:camera_inst|i2c_top:m0|sda~1 (inverted) ;
+-------------+-------+----------+--------------+--------------+--------------+-----------------------+--------------------+--------+----------------+-----------------+------------------------+---------------+-----------+-----------------+------------+----------+--------------+--------------+------------------+--------------------+---------------------------+----------------------------+----------------------+----------------------+----------------------------------------------------------+


+--------------------------------------------------------------------------------------------------------------------------------------+
; Dual Purpose and Dedicated Pins                                                                                                      ;
+----------+------------------------------------------+--------------------------+-------------------------+---------------------------+
; Location ; Pin Name                                 ; Reserved As              ; User Signal Name        ; Pin Type                  ;
+----------+------------------------------------------+--------------------------+-------------------------+---------------------------+
; F4       ; DIFFIO_L5n, DATA1, ASDO                  ; As input tri-stated      ; ~ALTERA_ASDO_DATA1~     ; Dual Purpose Pin          ;
; E2       ; DIFFIO_L8p, FLASH_nCE, nCSO              ; As input tri-stated      ; ~ALTERA_FLASH_nCE_nCSO~ ; Dual Purpose Pin          ;
; M6       ; nSTATUS                                  ; -                        ; -                       ; Dedicated Programming Pin ;
; P3       ; DCLK                                     ; As output driving ground ; ~ALTERA_DCLK~           ; Dual Purpose Pin          ;
; N7       ; DATA0                                    ; As input tri-stated      ; ~ALTERA_DATA0~          ; Dual Purpose Pin          ;
; P4       ; nCONFIG                                  ; -                        ; -                       ; Dedicated Programming Pin ;
; P7       ; TDI                                      ; -                        ; altera_reserved_tdi     ; JTAG Pin                  ;
; P5       ; TCK                                      ; -                        ; altera_reserved_tck     ; JTAG Pin                  ;
; P8       ; TMS                                      ; -                        ; altera_reserved_tms     ; JTAG Pin                  ;
; P6       ; TDO                                      ; -                        ; altera_reserved_tdo     ; JTAG Pin                  ;
; R8       ; nCE                                      ; -                        ; -                       ; Dedicated Programming Pin ;
; P24      ; CONF_DONE                                ; -                        ; -                       ; Dedicated Programming Pin ;
; N22      ; MSEL0                                    ; -                        ; -                       ; Dedicated Programming Pin ;
; P23      ; MSEL1                                    ; -                        ; -                       ; Dedicated Programming Pin ;
; M22      ; MSEL2                                    ; -                        ; -                       ; Dedicated Programming Pin ;
; P22      ; MSEL3                                    ; -                        ; -                       ; Dedicated Programming Pin ;
; P28      ; DIFFIO_R23n, nCEO                        ; Use as programming pin   ; ~ALTERA_nCEO~           ; Dual Purpose Pin          ;
; C12      ; DIFFIO_T29n, PADD16                      ; Use as regular IO        ; VGA_B[5]                ; Dual Purpose Pin          ;
; D12      ; DIFFIO_T29p, PADD17, DQS5T/CQ5T#,DPCLK10 ; Use as regular IO        ; VGA_B[7]                ; Dual Purpose Pin          ;
; A11      ; DIFFIO_T25n, DATA2                       ; Use as regular IO        ; VGA_B[4]                ; Dual Purpose Pin          ;
; B11      ; DIFFIO_T25p, DATA3                       ; Use as regular IO        ; VGA_B[3]                ; Dual Purpose Pin          ;
; A10      ; DIFFIO_T23n, PADD18                      ; Use as regular IO        ; VGA_B[1]                ; Dual Purpose Pin          ;
; B10      ; DIFFIO_T23p, DATA4                       ; Use as regular IO        ; VGA_B[0]                ; Dual Purpose Pin          ;
; G13      ; DIFFIO_T22n, PADD19                      ; Use as regular IO        ; VGA_HS                  ; Dual Purpose Pin          ;
; E12      ; DIFFIO_T20n, DATA14, DQS3T/CQ3T#,DPCLK11 ; Use as regular IO        ; VGA_R[0]                ; Dual Purpose Pin          ;
; F12      ; DIFFIO_T20p, DATA13                      ; Use as regular IO        ; VGA_R[3]                ; Dual Purpose Pin          ;
; C11      ; DIFFIO_T15n, DATA7                       ; Use as regular IO        ; VGA_B[2]                ; Dual Purpose Pin          ;
+----------+------------------------------------------+--------------------------+-------------------------+---------------------------+


+------------------------------------------------------------+
; I/O Bank Usage                                             ;
+----------+------------------+---------------+--------------+
; I/O Bank ; Usage            ; VCCIO Voltage ; VREF Voltage ;
+----------+------------------+---------------+--------------+
; 1        ; 18 / 56 ( 32 % ) ; 3.3V          ; --           ;
; 2        ; 46 / 63 ( 73 % ) ; 3.3V          ; --           ;
; 3        ; 6 / 73 ( 8 % )   ; 3.3V          ; --           ;
; 4        ; 49 / 71 ( 69 % ) ; 3.3V          ; --           ;
; 5        ; 35 / 65 ( 54 % ) ; 3.3V          ; --           ;
; 6        ; 9 / 58 ( 16 % )  ; 3.3V          ; --           ;
; 7        ; 30 / 72 ( 42 % ) ; 2.5V          ; --           ;
; 8        ; 29 / 71 ( 41 % ) ; 3.3V          ; --           ;
+----------+------------------+---------------+--------------+


+-----------------------------------------------------------------------------------------------------------------------------------------------------------------------------------------+
; All Package Pins                                                                                                                                                                        ;
+----------+------------+----------+-----------------------------------------------------------+--------+--------------+---------+------------+-----------------+----------+--------------+
; Location ; Pad Number ; I/O Bank ; Pin Name/Usage                                            ; Dir.   ; I/O Standard ; Voltage ; I/O Type   ; User Assignment ; Bus Hold ; Weak Pull Up ;
+----------+------------+----------+-----------------------------------------------------------+--------+--------------+---------+------------+-----------------+----------+--------------+
; A2       ;            ; 8        ; VCCIO8                                                    ; power  ;              ; 3.3V    ; --         ;                 ; --       ; --           ;
; A3       ; 535        ; 8        ; RESERVED_INPUT_WITH_WEAK_PULLUP                           ;        ;              ;         ; Column I/O ;                 ; no       ; On           ;
; A4       ; 532        ; 8        ; RESERVED_INPUT_WITH_WEAK_PULLUP                           ;        ;              ;         ; Column I/O ;                 ; no       ; On           ;
; A5       ;            ; 8        ; VCCIO8                                                    ; power  ;              ; 3.3V    ; --         ;                 ; --       ; --           ;
; A6       ; 504        ; 8        ; RESERVED_INPUT_WITH_WEAK_PULLUP                           ;        ;              ;         ; Column I/O ;                 ; no       ; On           ;
; A7       ; 501        ; 8        ; RESERVED_INPUT_WITH_WEAK_PULLUP                           ;        ;              ;         ; Column I/O ;                 ; no       ; On           ;
; A8       ; 517        ; 8        ; RESERVED_INPUT_WITH_WEAK_PULLUP                           ;        ;              ;         ; Column I/O ;                 ; no       ; On           ;
; A9       ;            ; 8        ; VCCIO8                                                    ; power  ;              ; 3.3V    ; --         ;                 ; --       ; --           ;
; A10      ; 491        ; 8        ; VGA_B[1]                                                  ; output ; 3.3-V LVTTL  ;         ; Column I/O ; Y               ; no       ; Off          ;
; A11      ; 487        ; 8        ; VGA_B[4]                                                  ; output ; 3.3-V LVTTL  ;         ; Column I/O ; Y               ; no       ; Off          ;
; A12      ; 482        ; 8        ; VGA_CLK                                                   ; output ; 3.3-V LVTTL  ;         ; Column I/O ; Y               ; no       ; Off          ;
; A13      ;            ; 8        ; VCCIO8                                                    ; power  ;              ; 3.3V    ; --         ;                 ; --       ; --           ;
; A14      ; 472        ; 8        ; GND+                                                      ;        ;              ;         ; Column I/O ;                 ; --       ; --           ;
; A15      ; 470        ; 7        ; GND+                                                      ;        ;              ;         ; Column I/O ;                 ; --       ; --           ;
; A16      ;            ; 7        ; VCCIO7                                                    ; power  ;              ; 2.5V    ; --         ;                 ; --       ; --           ;
; A17      ; 462        ; 7        ; RESERVED_INPUT_WITH_WEAK_PULLUP                           ;        ;              ;         ; Column I/O ;                 ; no       ; On           ;
; A18      ; 442        ; 7        ; RESERVED_INPUT_WITH_WEAK_PULLUP                           ;        ;              ;         ; Column I/O ;                 ; no       ; On           ;
; A19      ; 440        ; 7        ; RESERVED_INPUT_WITH_WEAK_PULLUP                           ;        ;              ;         ; Column I/O ;                 ; no       ; On           ;
; A20      ;            ; 7        ; VCCIO7                                                    ; power  ;              ; 2.5V    ; --         ;                 ; --       ; --           ;
; A21      ; 425        ; 7        ; RESERVED_INPUT_WITH_WEAK_PULLUP                           ;        ;              ;         ; Column I/O ;                 ; no       ; On           ;
; A22      ; 423        ; 7        ; RESERVED_INPUT_WITH_WEAK_PULLUP                           ;        ;              ;         ; Column I/O ;                 ; no       ; On           ;
; A23      ; 412        ; 7        ; RESERVED_INPUT_WITH_WEAK_PULLUP                           ;        ;              ;         ; Column I/O ;                 ; no       ; On           ;
; A24      ;            ; 7        ; VCCIO7                                                    ; power  ;              ; 2.5V    ; --         ;                 ; --       ; --           ;
; A25      ; 405        ; 7        ; RESERVED_INPUT_WITH_WEAK_PULLUP                           ;        ;              ;         ; Column I/O ;                 ; no       ; On           ;
; A26      ; 404        ; 7        ; RESERVED_INPUT_WITH_WEAK_PULLUP                           ;        ;              ;         ; Column I/O ;                 ; no       ; On           ;
; A27      ;            ; 7        ; VCCIO7                                                    ; power  ;              ; 2.5V    ; --         ;                 ; --       ; --           ;
; AA1      ;            ; 2        ; VCCIO2                                                    ; power  ;              ; 3.3V    ; --         ;                 ; --       ; --           ;
; AA2      ;            ;          ; GND                                                       ; gnd    ;              ;         ; --         ;                 ; --       ; --           ;
; AA3      ; 102        ; 2        ; DRAM_DQ[11]                                               ; bidir  ; 3.3-V LVTTL  ;         ; Row I/O    ; Y               ; no       ; Off          ;
; AA4      ; 101        ; 2        ; RESERVED_INPUT_WITH_WEAK_PULLUP                           ;        ;              ;         ; Row I/O    ;                 ; no       ; On           ;
; AA5      ; 119        ; 2        ; DRAM_ADDR[11]                                             ; output ; 3.3-V LVTTL  ;         ; Row I/O    ; Y               ; no       ; Off          ;
; AA6      ; 118        ; 2        ; DRAM_CKE                                                  ; output ; 3.3-V LVTTL  ;         ; Row I/O    ; Y               ; no       ; Off          ;
; AA7      ; 120        ; 2        ; DRAM_ADDR[7]                                              ; output ; 3.3-V LVTTL  ;         ; Row I/O    ; Y               ; no       ; Off          ;
; AA8      ; 154        ; 3        ; RESERVED_INPUT_WITH_WEAK_PULLUP                           ;        ;              ;         ; Column I/O ;                 ; no       ; On           ;
; AA9      ;            ;          ; GNDA1                                                     ; gnd    ;              ;         ; --         ;                 ; --       ; --           ;
; AA10     ; 155        ; 3        ; RESERVED_INPUT_WITH_WEAK_PULLUP                           ;        ;              ;         ; Column I/O ;                 ; no       ; On           ;
; AA11     ;            ; 3        ; VCCIO3                                                    ; power  ;              ; 3.3V    ; --         ;                 ; --       ; --           ;
; AA12     ; 188        ; 3        ; RESERVED_INPUT_WITH_WEAK_PULLUP                           ;        ;              ;         ; Column I/O ;                 ; no       ; On           ;
; AA13     ; 190        ; 3        ; RESERVED_INPUT_WITH_WEAK_PULLUP                           ;        ;              ;         ; Column I/O ;                 ; no       ; On           ;
; AA14     ; 191        ; 3        ; HEX7[6]                                                   ; output ; 3.3-V LVTTL  ;         ; Column I/O ; Y               ; no       ; Off          ;
; AA15     ; 213        ; 4        ; HEX6[5]                                                   ; output ; 3.3-V LVTTL  ;         ; Column I/O ; Y               ; no       ; Off          ;
; AA16     ; 211        ; 4        ; HEX6[2]                                                   ; output ; 3.3-V LVTTL  ;         ; Column I/O ; Y               ; no       ; Off          ;
; AA17     ; 241        ; 4        ; HEX6[0]                                                   ; output ; 3.3-V LVTTL  ;         ; Column I/O ; Y               ; no       ; Off          ;
; AA18     ;            ; 4        ; VCCIO4                                                    ; power  ;              ; 3.3V    ; --         ;                 ; --       ; --           ;
; AA19     ; 264        ; 4        ; HEX4[1]                                                   ; output ; 3.3-V LVTTL  ;         ; Column I/O ; Y               ; no       ; Off          ;
; AA20     ;            ;          ; GNDA4                                                     ; gnd    ;              ;         ; --         ;                 ; --       ; --           ;
; AA21     ; 269        ; 4        ; HEX3[3]                                                   ; output ; 3.3-V LVTTL  ;         ; Column I/O ; Y               ; no       ; Off          ;
; AA22     ; 275        ; 5        ; SW[15]                                                    ; input  ; 3.3-V LVTTL  ;         ; Row I/O    ; Y               ; no       ; Off          ;
; AA23     ; 280        ; 5        ; SW[14]                                                    ; input  ; 3.3-V LVTTL  ;         ; Row I/O    ; Y               ; no       ; Off          ;
; AA24     ; 279        ; 5        ; SW[13]                                                    ; input  ; 3.3-V LVTTL  ;         ; Row I/O    ; Y               ; no       ; Off          ;
; AA25     ; 294        ; 5        ; HEX2[0]                                                   ; output ; 3.3-V LVTTL  ;         ; Row I/O    ; Y               ; no       ; Off          ;
; AA26     ; 293        ; 5        ; HEX2[1]                                                   ; output ; 3.3-V LVTTL  ;         ; Row I/O    ; Y               ; no       ; Off          ;
; AA27     ;            ;          ; GND                                                       ; gnd    ;              ;         ; --         ;                 ; --       ; --           ;
; AA28     ;            ; 5        ; VCCIO5                                                    ; power  ;              ; 3.3V    ; --         ;                 ; --       ; --           ;
; AB1      ; 86         ; 2        ; DRAM_DQ[10]                                               ; bidir  ; 3.3-V LVTTL  ;         ; Row I/O    ; Y               ; no       ; Off          ;
; AB2      ; 85         ; 2        ; DRAM_DQ[12]                                               ; bidir  ; 3.3-V LVTTL  ;         ; Row I/O    ; Y               ; no       ; Off          ;
; AB3      ; 99         ; 2        ; DRAM_DQ[14]                                               ; bidir  ; 3.3-V LVTTL  ;         ; Row I/O    ; Y               ; no       ; Off          ;
; AB4      ; 121        ; 2        ; RESERVED_INPUT_WITH_WEAK_PULLUP                           ;        ;              ;         ; Row I/O    ;                 ; --       ; --           ;
; AB5      ; 127        ; 2        ; RESERVED_INPUT_WITH_WEAK_PULLUP                           ;        ;              ;         ; Row I/O    ;                 ; no       ; On           ;
; AB6      ; 126        ; 2        ; RESERVED_INPUT_WITH_WEAK_PULLUP                           ;        ;              ;         ; Row I/O    ;                 ; no       ; On           ;
; AB7      ; 152        ; 3        ; RESERVED_INPUT_WITH_WEAK_PULLUP                           ;        ;              ;         ; Column I/O ;                 ; no       ; On           ;
; AB8      ; 148        ; 3        ; RESERVED_INPUT_WITH_WEAK_PULLUP                           ;        ;              ;         ; Column I/O ;                 ; no       ; On           ;
; AB9      ; 147        ; 3        ; RESERVED_INPUT_WITH_WEAK_PULLUP                           ;        ;              ;         ; Column I/O ;                 ; no       ; On           ;
; AB10     ; 173        ; 3        ; RESERVED_INPUT_WITH_WEAK_PULLUP                           ;        ;              ;         ; Column I/O ;                 ; no       ; On           ;
; AB11     ; 164        ; 3        ; RESERVED_INPUT_WITH_WEAK_PULLUP                           ;        ;              ;         ; Column I/O ;                 ; --       ; --           ;
; AB12     ; 180        ; 3        ; RESERVED_INPUT_WITH_WEAK_PULLUP                           ;        ;              ;         ; Column I/O ;                 ; no       ; On           ;
; AB13     ; 181        ; 3        ; RESERVED_INPUT_WITH_WEAK_PULLUP                           ;        ;              ;         ; Column I/O ;                 ; --       ; --           ;
; AB14     ; 192        ; 3        ; RESERVED_INPUT_WITH_WEAK_PULLUP                           ;        ;              ;         ; Column I/O ;                 ; no       ; On           ;
; AB15     ; 214        ; 4        ; HEX6[4]                                                   ; output ; 3.3-V LVTTL  ;         ; Column I/O ; Y               ; no       ; Off          ;
; AB16     ; 212        ; 4        ; HEX6[1]                                                   ; output ; 3.3-V LVTTL  ;         ; Column I/O ; Y               ; no       ; Off          ;
; AB17     ; 242        ; 4        ; HEX6[3]                                                   ; output ; 3.3-V LVTTL  ;         ; Column I/O ; Y               ; no       ; Off          ;
; AB18     ; 254        ; 4        ; HEX5[2]                                                   ; output ; 3.3-V LVTTL  ;         ; Column I/O ; Y               ; no       ; Off          ;
; AB19     ; 253        ; 4        ; HEX4[0]                                                   ; output ; 3.3-V LVTTL  ;         ; Column I/O ; Y               ; no       ; Off          ;
; AB20     ; 257        ; 4        ; HEX3[2]                                                   ; output ; 3.3-V LVTTL  ;         ; Column I/O ; Y               ; no       ; Off          ;
; AB21     ; 266        ; 4        ; cmos_db[2]                                                ; input  ; 3.3-V LVTTL  ;         ; Column I/O ; Y               ; no       ; Off          ;
; AB22     ; 265        ; 4        ; cmos_db[0]                                                ; input  ; 3.3-V LVTTL  ;         ; Column I/O ; Y               ; no       ; Off          ;
; AB23     ; 276        ; 5        ; SW[12]                                                    ; input  ; 3.3-V LVTTL  ;         ; Row I/O    ; Y               ; no       ; Off          ;
; AB24     ; 274        ; 5        ; SW[11]                                                    ; input  ; 3.3-V LVTTL  ;         ; Row I/O    ; Y               ; no       ; Off          ;
; AB25     ; 292        ; 5        ; SW[9]                                                     ; input  ; 3.3-V LVTTL  ;         ; Row I/O    ; Y               ; no       ; Off          ;
; AB26     ; 291        ; 5        ; SW[7]                                                     ; input  ; 3.3-V LVTTL  ;         ; Row I/O    ; Y               ; no       ; Off          ;
; AB27     ; 296        ; 5        ; SW[4]                                                     ; input  ; 3.3-V LVTTL  ;         ; Row I/O    ; Y               ; no       ; Off          ;
; AB28     ; 295        ; 5        ; SW[0]                                                     ; input  ; 3.3-V LVTTL  ;         ; Row I/O    ; Y               ; no       ; Off          ;
; AC1      ; 94         ; 2        ; DRAM_DQ[13]                                               ; bidir  ; 3.3-V LVTTL  ;         ; Row I/O    ; Y               ; no       ; Off          ;
; AC2      ; 93         ; 2        ; DRAM_DQ[15]                                               ; bidir  ; 3.3-V LVTTL  ;         ; Row I/O    ; Y               ; no       ; Off          ;
; AC3      ; 95         ; 2        ; RESERVED_INPUT_WITH_WEAK_PULLUP                           ;        ;              ;         ; Row I/O    ;                 ; no       ; On           ;
; AC4      ; 125        ; 2        ; RESERVED_INPUT_WITH_WEAK_PULLUP                           ;        ;              ;         ; Row I/O    ;                 ; no       ; On           ;
; AC5      ; 124        ; 2        ; RESERVED_INPUT_WITH_WEAK_PULLUP                           ;        ;              ;         ; Row I/O    ;                 ; no       ; On           ;
; AC6      ;            ;          ; GND                                                       ; gnd    ;              ;         ; --         ;                 ; --       ; --           ;
; AC7      ; 144        ; 3        ; RESERVED_INPUT_WITH_WEAK_PULLUP                           ;        ;              ;         ; Column I/O ;                 ; no       ; On           ;
; AC8      ; 153        ; 3        ; RESERVED_INPUT_WITH_WEAK_PULLUP                           ;        ;              ;         ; Column I/O ;                 ; no       ; On           ;
; AC9      ;            ;          ; GND                                                       ; gnd    ;              ;         ; --         ;                 ; --       ; --           ;
; AC10     ; 174        ; 3        ; RESERVED_INPUT_WITH_WEAK_PULLUP                           ;        ;              ;         ; Column I/O ;                 ; no       ; On           ;
; AC11     ; 185        ; 3        ; RESERVED_INPUT_WITH_WEAK_PULLUP                           ;        ;              ;         ; Column I/O ;                 ; no       ; On           ;
; AC12     ; 179        ; 3        ; RESERVED_INPUT_WITH_WEAK_PULLUP                           ;        ;              ;         ; Column I/O ;                 ; no       ; On           ;
; AC13     ;            ;          ; GND                                                       ; gnd    ;              ;         ; --         ;                 ; --       ; --           ;
; AC14     ; 195        ; 3        ; RESERVED_INPUT_WITH_WEAK_PULLUP                           ;        ;              ;         ; Column I/O ;                 ; no       ; On           ;
; AC15     ; 203        ; 4        ; cmos_db[1]                                                ; input  ; 3.3-V LVTTL  ;         ; Column I/O ; Y               ; no       ; Off          ;
; AC16     ;            ;          ; GND                                                       ; gnd    ;              ;         ; --         ;                 ; --       ; --           ;
; AC17     ; 221        ; 4        ; HEX6[6]                                                   ; output ; 3.3-V LVTTL  ;         ; Column I/O ; Y               ; no       ; Off          ;
; AC18     ; 240        ; 4        ; HEX5[1]                                                   ; output ; 3.3-V LVTTL  ;         ; Column I/O ; Y               ; no       ; Off          ;
; AC19     ; 247        ; 4        ; cmos_vsync                                                ; input  ; 3.3-V LVTTL  ;         ; Column I/O ; Y               ; no       ; Off          ;
; AC20     ;            ;          ; GND                                                       ; gnd    ;              ;         ; --         ;                 ; --       ; --           ;
; AC21     ; 258        ; 4        ; cmos_db[4]                                                ; input  ; 3.3-V LVTTL  ;         ; Column I/O ; Y               ; no       ; Off          ;
; AC22     ; 267        ; 4        ; RESERVED_INPUT_WITH_WEAK_PULLUP                           ;        ;              ;         ; Column I/O ;                 ; no       ; On           ;
; AC23     ;            ;          ; GND                                                       ; gnd    ;              ;         ; --         ;                 ; --       ; --           ;
; AC24     ; 273        ; 5        ; SW[10]                                                    ; input  ; 3.3-V LVTTL  ;         ; Row I/O    ; Y               ; no       ; Off          ;
; AC25     ; 272        ; 5        ; SW[8]                                                     ; input  ; 3.3-V LVTTL  ;         ; Row I/O    ; Y               ; no       ; Off          ;
; AC26     ; 282        ; 5        ; SW[5]                                                     ; input  ; 3.3-V LVTTL  ;         ; Row I/O    ; Y               ; no       ; Off          ;
; AC27     ; 290        ; 5        ; SW[2]                                                     ; input  ; 3.3-V LVTTL  ;         ; Row I/O    ; Y               ; no       ; Off          ;
; AC28     ; 289        ; 5        ; SW[1]                                                     ; input  ; 3.3-V LVTTL  ;         ; Row I/O    ; Y               ; no       ; Off          ;
; AD1      ; 98         ; 2        ; RESERVED_INPUT_WITH_WEAK_PULLUP                           ;        ;              ;         ; Row I/O    ;                 ; no       ; On           ;
; AD2      ; 97         ; 2        ; RESERVED_INPUT_WITH_WEAK_PULLUP                           ;        ;              ;         ; Row I/O    ;                 ; no       ; On           ;
; AD3      ; 96         ; 2        ; RESERVED_INPUT_WITH_WEAK_PULLUP                           ;        ;              ;         ; Row I/O    ;                 ; no       ; On           ;
; AD4      ; 130        ; 3        ; RESERVED_INPUT_WITH_WEAK_PULLUP                           ;        ;              ;         ; Column I/O ;                 ; no       ; On           ;
; AD5      ; 128        ; 3        ; RESERVED_INPUT_WITH_WEAK_PULLUP                           ;        ;              ;         ; Column I/O ;                 ; no       ; On           ;
; AD6      ;            ; 3        ; VCCIO3                                                    ; power  ;              ; 3.3V    ; --         ;                 ; --       ; --           ;
; AD7      ; 134        ; 3        ; RESERVED_INPUT_WITH_WEAK_PULLUP                           ;        ;              ;         ; Column I/O ;                 ; no       ; On           ;
; AD8      ; 143        ; 3        ; RESERVED_INPUT_WITH_WEAK_PULLUP                           ;        ;              ;         ; Column I/O ;                 ; no       ; On           ;
; AD9      ;            ; 3        ; VCCIO3                                                    ; power  ;              ; 3.3V    ; --         ;                 ; --       ; --           ;
; AD10     ; 149        ; 3        ; RESERVED_INPUT_WITH_WEAK_PULLUP                           ;        ;              ;         ; Column I/O ;                 ; no       ; On           ;
; AD11     ; 186        ; 3        ; RESERVED_INPUT_WITH_WEAK_PULLUP                           ;        ;              ;         ; Column I/O ;                 ; no       ; On           ;
; AD12     ; 182        ; 3        ; RESERVED_INPUT_WITH_WEAK_PULLUP                           ;        ;              ;         ; Column I/O ;                 ; no       ; On           ;
; AD13     ;            ; 3        ; VCCIO3                                                    ; power  ;              ; 3.3V    ; --         ;                 ; --       ; --           ;
; AD14     ; 196        ; 3        ; RESERVED_INPUT_WITH_WEAK_PULLUP                           ;        ;              ;         ; Column I/O ;                 ; no       ; On           ;
; AD15     ; 204        ; 4        ; cmos_pclk                                                 ; input  ; 3.3-V LVTTL  ;         ; Column I/O ; Y               ; no       ; Off          ;
; AD16     ;            ; 4        ; VCCIO4                                                    ; power  ;              ; 3.3V    ; --         ;                 ; --       ; --           ;
; AD17     ; 222        ; 4        ; HEX7[0]                                                   ; output ; 3.3-V LVTTL  ;         ; Column I/O ; Y               ; no       ; Off          ;
; AD18     ; 237        ; 4        ; HEX5[0]                                                   ; output ; 3.3-V LVTTL  ;         ; Column I/O ; Y               ; no       ; Off          ;
; AD19     ; 248        ; 4        ; cmos_rst_n                                                ; output ; 3.3-V LVTTL  ;         ; Column I/O ; Y               ; no       ; Off          ;
; AD20     ;            ; 4        ; VCCIO4                                                    ; power  ;              ; 3.3V    ; --         ;                 ; --       ; --           ;
; AD21     ; 259        ; 4        ; cmos_db[6]                                                ; input  ; 3.3-V LVTTL  ;         ; Column I/O ; Y               ; no       ; Off          ;
; AD22     ; 268        ; 4        ; RESERVED_INPUT_WITH_WEAK_PULLUP                           ;        ;              ;         ; Column I/O ;                 ; no       ; On           ;
; AD23     ;            ; 4        ; VCCIO4                                                    ; power  ;              ; 3.3V    ; --         ;                 ; --       ; --           ;
; AD24     ; 260        ; 4        ; HEX3[4]                                                   ; output ; 3.3-V LVTTL  ;         ; Column I/O ; Y               ; no       ; Off          ;
; AD25     ; 255        ; 4        ; RESERVED_INPUT_WITH_WEAK_PULLUP                           ;        ;              ;         ; Column I/O ;                 ; no       ; On           ;
; AD26     ; 281        ; 5        ; SW[6]                                                     ; input  ; 3.3-V LVTTL  ;         ; Row I/O    ; Y               ; no       ; Off          ;
; AD27     ; 286        ; 5        ; SW[3]                                                     ; input  ; 3.3-V LVTTL  ;         ; Row I/O    ; Y               ; no       ; Off          ;
; AD28     ; 285        ; 5        ; RESERVED_INPUT_WITH_WEAK_PULLUP                           ;        ;              ;         ; Row I/O    ;                 ; no       ; On           ;
; AE1      ; 106        ; 2        ; RESERVED_INPUT_WITH_WEAK_PULLUP                           ;        ;              ;         ; Row I/O    ;                 ; no       ; On           ;
; AE2      ; 105        ; 2        ; RESERVED_INPUT_WITH_WEAK_PULLUP                           ;        ;              ;         ; Row I/O    ;                 ; no       ; On           ;
; AE3      ; 122        ; 2        ; RESERVED_INPUT_WITH_WEAK_PULLUP                           ;        ;              ;         ; Row I/O    ;                 ; no       ; On           ;
; AE4      ; 132        ; 3        ; RESERVED_INPUT_WITH_WEAK_PULLUP                           ;        ;              ;         ; Column I/O ;                 ; no       ; On           ;
; AE5      ; 135        ; 3        ; DRAM_CLK                                                  ; output ; 3.3-V LVTTL  ;         ; Column I/O ; Y               ; no       ; Off          ;
; AE6      ; 129        ; 3        ; RESERVED_INPUT_WITH_WEAK_PULLUP                           ;        ;              ;         ; Column I/O ;                 ; no       ; On           ;
; AE7      ; 158        ; 3        ; RESERVED_INPUT_WITH_WEAK_PULLUP                           ;        ;              ;         ; Column I/O ;                 ; no       ; On           ;
; AE8      ; 161        ; 3        ; EX_IO[1]                                                  ; output ; 3.3-V LVTTL  ;         ; Column I/O ; N               ; no       ; Off          ;
; AE9      ; 163        ; 3        ; RESERVED_INPUT_WITH_WEAK_PULLUP                           ;        ;              ;         ; Column I/O ;                 ; no       ; On           ;
; AE10     ; 165        ; 3        ; RESERVED_INPUT_WITH_WEAK_PULLUP                           ;        ;              ;         ; Column I/O ;                 ; no       ; On           ;
; AE11     ; 171        ; 3        ; RESERVED_INPUT_WITH_WEAK_PULLUP                           ;        ;              ;         ; Column I/O ;                 ; no       ; On           ;
; AE12     ; 169        ; 3        ; RESERVED_INPUT_WITH_WEAK_PULLUP                           ;        ;              ;         ; Column I/O ;                 ; no       ; On           ;
; AE13     ; 177        ; 3        ; RESERVED_INPUT_WITH_WEAK_PULLUP                           ;        ;              ;         ; Column I/O ;                 ; no       ; On           ;
; AE14     ; 183        ; 3        ; RESERVED_INPUT_WITH_WEAK_PULLUP                           ;        ;              ;         ; Column I/O ;                 ; no       ; On           ;
; AE15     ; 205        ; 4        ; cmos_xclk                                                 ; output ; 3.3-V LVTTL  ;         ; Column I/O ; Y               ; no       ; Off          ;
; AE16     ; 209        ; 4        ; cmos_db[7]                                                ; input  ; 3.3-V LVTTL  ;         ; Column I/O ; Y               ; no       ; Off          ;
; AE17     ; 215        ; 4        ; HEX7[1]                                                   ; output ; 3.3-V LVTTL  ;         ; Column I/O ; Y               ; no       ; Off          ;
; AE18     ; 225        ; 4        ; HEX4[6]                                                   ; output ; 3.3-V LVTTL  ;         ; Column I/O ; Y               ; no       ; Off          ;
; AE19     ; 231        ; 4        ; HEX4[4]                                                   ; output ; 3.3-V LVTTL  ;         ; Column I/O ; Y               ; no       ; Off          ;
; AE20     ; 235        ; 4        ; RESERVED_INPUT_WITH_WEAK_PULLUP                           ;        ;              ;         ; Column I/O ;                 ; no       ; On           ;
; AE21     ; 238        ; 4        ; cmos_scl                                                  ; bidir  ; 3.3-V LVTTL  ;         ; Column I/O ; Y               ; no       ; Off          ;
; AE22     ; 251        ; 4        ; RESERVED_INPUT_WITH_WEAK_PULLUP                           ;        ;              ;         ; Column I/O ;                 ; no       ; On           ;
; AE23     ; 261        ; 4        ; RESERVED_INPUT_WITH_WEAK_PULLUP                           ;        ;              ;         ; Column I/O ;                 ; no       ; On           ;
; AE24     ; 256        ; 4        ; RESERVED_INPUT_WITH_WEAK_PULLUP                           ;        ;              ;         ; Column I/O ;                 ; no       ; On           ;
; AE25     ; 243        ; 4        ; RESERVED_INPUT_WITH_WEAK_PULLUP                           ;        ;              ;         ; Column I/O ;                 ; no       ; On           ;
; AE26     ; 278        ; 5        ; RESERVED_INPUT_WITH_WEAK_PULLUP                           ;        ;              ;         ; Row I/O    ;                 ; no       ; On           ;
; AE27     ; 284        ; 5        ; RESERVED_INPUT_WITH_WEAK_PULLUP                           ;        ;              ;         ; Row I/O    ;                 ; no       ; On           ;
; AE28     ; 283        ; 5        ; RESERVED_INPUT_WITH_WEAK_PULLUP                           ;        ;              ;         ; Row I/O    ;                 ; no       ; On           ;
; AF1      ;            ;          ; GND                                                       ; gnd    ;              ;         ; --         ;                 ; --       ; --           ;
; AF2      ; 123        ; 2        ; RESERVED_INPUT_WITH_WEAK_PULLUP                           ;        ;              ;         ; Row I/O    ;                 ; no       ; On           ;
; AF3      ; 138        ; 3        ; EX_IO[5]                                                  ; output ; 3.3-V LVTTL  ;         ; Column I/O ; N               ; no       ; Off          ;
; AF4      ; 131        ; 3        ; RESERVED_INPUT_WITH_WEAK_PULLUP                           ;        ;              ;         ; Column I/O ;                 ; no       ; On           ;
; AF5      ; 136        ; 3        ; RESERVED_INPUT_WITH_WEAK_PULLUP                           ;        ;              ;         ; Column I/O ;                 ; no       ; On           ;
; AF6      ; 139        ; 3        ; RESERVED_INPUT_WITH_WEAK_PULLUP                           ;        ;              ;         ; Column I/O ;                 ; no       ; On           ;
; AF7      ; 159        ; 3        ; RESERVED_INPUT_WITH_WEAK_PULLUP                           ;        ;              ;         ; Column I/O ;                 ; no       ; On           ;
; AF8      ; 162        ; 3        ; RESERVED_INPUT_WITH_WEAK_PULLUP                           ;        ;              ;         ; Column I/O ;                 ; no       ; On           ;
; AF9      ; 160        ; 3        ; RESERVED_INPUT_WITH_WEAK_PULLUP                           ;        ;              ;         ; Column I/O ;                 ; no       ; On           ;
; AF10     ; 166        ; 3        ; RESERVED_INPUT_WITH_WEAK_PULLUP                           ;        ;              ;         ; Column I/O ;                 ; no       ; On           ;
; AF11     ; 172        ; 3        ; RESERVED_INPUT_WITH_WEAK_PULLUP                           ;        ;              ;         ; Column I/O ;                 ; no       ; On           ;
; AF12     ; 170        ; 3        ; RESERVED_INPUT_WITH_WEAK_PULLUP                           ;        ;              ;         ; Column I/O ;                 ; no       ; On           ;
; AF13     ; 178        ; 3        ; RESERVED_INPUT_WITH_WEAK_PULLUP                           ;        ;              ;         ; Column I/O ;                 ; no       ; On           ;
; AF14     ; 184        ; 3        ; RESERVED_INPUT_WITH_WEAK_PULLUP                           ;        ;              ;         ; Column I/O ;                 ; no       ; On           ;
; AF15     ; 206        ; 4        ; cmos_pwdn                                                 ; output ; 3.3-V LVTTL  ;         ; Column I/O ; Y               ; no       ; Off          ;
; AF16     ; 210        ; 4        ; cmos_href                                                 ; input  ; 3.3-V LVTTL  ;         ; Column I/O ; Y               ; no       ; Off          ;
; AF17     ; 216        ; 4        ; HEX7[4]                                                   ; output ; 3.3-V LVTTL  ;         ; Column I/O ; Y               ; no       ; Off          ;
; AF18     ; 226        ; 4        ; HEX5[5]                                                   ; output ; 3.3-V LVTTL  ;         ; Column I/O ; Y               ; no       ; Off          ;
; AF19     ; 232        ; 4        ; HEX4[5]                                                   ; output ; 3.3-V LVTTL  ;         ; Column I/O ; Y               ; no       ; Off          ;
; AF20     ; 236        ; 4        ; RESERVED_INPUT_WITH_WEAK_PULLUP                           ;        ;              ;         ; Column I/O ;                 ; no       ; On           ;
; AF21     ; 239        ; 4        ; RESERVED_INPUT_WITH_WEAK_PULLUP                           ;        ;              ;         ; Column I/O ;                 ; no       ; On           ;
; AF22     ; 252        ; 4        ; RESERVED_INPUT_WITH_WEAK_PULLUP                           ;        ;              ;         ; Column I/O ;                 ; no       ; On           ;
; AF23     ; 262        ; 4        ; HEX3[5]                                                   ; output ; 3.3-V LVTTL  ;         ; Column I/O ; Y               ; no       ; Off          ;
; AF24     ; 233        ; 4        ; cmos_sda                                                  ; bidir  ; 3.3-V LVTTL  ;         ; Column I/O ; Y               ; no       ; Off          ;
; AF25     ; 234        ; 4        ; RESERVED_INPUT_WITH_WEAK_PULLUP                           ;        ;              ;         ; Column I/O ;                 ; no       ; On           ;
; AF26     ; 244        ; 4        ; RESERVED_INPUT_WITH_WEAK_PULLUP                           ;        ;              ;         ; Column I/O ;                 ; no       ; On           ;
; AF27     ; 277        ; 5        ; RESERVED_INPUT_WITH_WEAK_PULLUP                           ;        ;              ;         ; Row I/O    ;                 ; no       ; On           ;
; AF28     ;            ;          ; GND                                                       ; gnd    ;              ;         ; --         ;                 ; --       ; --           ;
; AG1      ;            ; 2        ; VCCIO2                                                    ; power  ;              ; 3.3V    ; --         ;                 ; --       ; --           ;
; AG2      ;            ;          ; GND                                                       ; gnd    ;              ;         ; --         ;                 ; --       ; --           ;
; AG3      ; 133        ; 3        ; RESERVED_INPUT_WITH_WEAK_PULLUP                           ;        ;              ;         ; Column I/O ;                 ; no       ; On           ;
; AG4      ; 141        ; 3        ; RESERVED_INPUT_WITH_WEAK_PULLUP                           ;        ;              ;         ; Column I/O ;                 ; no       ; On           ;
; AG5      ;            ;          ; GND                                                       ; gnd    ;              ;         ; --         ;                 ; --       ; --           ;
; AG6      ; 145        ; 3        ; RESERVED_INPUT_WITH_WEAK_PULLUP                           ;        ;              ;         ; Column I/O ;                 ; no       ; On           ;
; AG7      ; 150        ; 3        ; RESERVED_INPUT_WITH_WEAK_PULLUP                           ;        ;              ;         ; Column I/O ;                 ; no       ; On           ;
; AG8      ; 156        ; 3        ; RESERVED_INPUT_WITH_WEAK_PULLUP                           ;        ;              ;         ; Column I/O ;                 ; no       ; On           ;
; AG9      ;            ;          ; GND                                                       ; gnd    ;              ;         ; --         ;                 ; --       ; --           ;
; AG10     ; 167        ; 3        ; RESERVED_INPUT_WITH_WEAK_PULLUP                           ;        ;              ;         ; Column I/O ;                 ; no       ; On           ;
; AG11     ; 175        ; 3        ; RESERVED_INPUT_WITH_WEAK_PULLUP                           ;        ;              ;         ; Column I/O ;                 ; no       ; On           ;
; AG12     ; 193        ; 3        ; RESERVED_INPUT_WITH_WEAK_PULLUP                           ;        ;              ;         ; Column I/O ;                 ; no       ; On           ;
; AG13     ;            ;          ; GND                                                       ; gnd    ;              ;         ; --         ;                 ; --       ; --           ;
; AG14     ; 199        ; 3        ; CLOCK2_50                                                 ; input  ; 3.3-V LVTTL  ;         ; Column I/O ; Y               ; no       ; Off          ;
; AG15     ; 201        ; 4        ; CLOCK3_50                                                 ; input  ; 3.3-V LVTTL  ;         ; Column I/O ; Y               ; no       ; Off          ;
; AG16     ;            ;          ; GND                                                       ; gnd    ;              ;         ; --         ;                 ; --       ; --           ;
; AG17     ; 207        ; 4        ; HEX7[2]                                                   ; output ; 3.3-V LVTTL  ;         ; Column I/O ; Y               ; no       ; Off          ;
; AG18     ; 217        ; 4        ; HEX7[5]                                                   ; output ; 3.3-V LVTTL  ;         ; Column I/O ; Y               ; no       ; Off          ;
; AG19     ; 219        ; 4        ; HEX5[4]                                                   ; output ; 3.3-V LVTTL  ;         ; Column I/O ; Y               ; no       ; Off          ;
; AG20     ;            ;          ; GND                                                       ; gnd    ;              ;         ; --         ;                 ; --       ; --           ;
; AG21     ; 223        ; 4        ; HEX4[2]                                                   ; output ; 3.3-V LVTTL  ;         ; Column I/O ; Y               ; no       ; Off          ;
; AG22     ; 227        ; 4        ; RESERVED_INPUT_WITH_WEAK_PULLUP                           ;        ;              ;         ; Column I/O ;                 ; no       ; On           ;
; AG23     ; 229        ; 4        ; RESERVED_INPUT_WITH_WEAK_PULLUP                           ;        ;              ;         ; Column I/O ;                 ; no       ; On           ;
; AG24     ;            ;          ; GND                                                       ; gnd    ;              ;         ; --         ;                 ; --       ; --           ;
; AG25     ; 245        ; 4        ; RESERVED_INPUT_WITH_WEAK_PULLUP                           ;        ;              ;         ; Column I/O ;                 ; no       ; On           ;
; AG26     ; 270        ; 4        ; RESERVED_INPUT_WITH_WEAK_PULLUP                           ;        ;              ;         ; Column I/O ;                 ; no       ; On           ;
; AG27     ;            ;          ; GND                                                       ; gnd    ;              ;         ; --         ;                 ; --       ; --           ;
; AG28     ;            ; 5        ; VCCIO5                                                    ; power  ;              ; 3.3V    ; --         ;                 ; --       ; --           ;
; AH2      ;            ; 3        ; VCCIO3                                                    ; power  ;              ; 3.3V    ; --         ;                 ; --       ; --           ;
; AH3      ; 137        ; 3        ; RESERVED_INPUT_WITH_WEAK_PULLUP                           ;        ;              ;         ; Column I/O ;                 ; no       ; On           ;
; AH4      ; 142        ; 3        ; RESERVED_INPUT_WITH_WEAK_PULLUP                           ;        ;              ;         ; Column I/O ;                 ; no       ; On           ;
; AH5      ;            ; 3        ; VCCIO3                                                    ; power  ;              ; 3.3V    ; --         ;                 ; --       ; --           ;
; AH6      ; 146        ; 3        ; RESERVED_INPUT_WITH_WEAK_PULLUP                           ;        ;              ;         ; Column I/O ;                 ; no       ; On           ;
; AH7      ; 151        ; 3        ; RESERVED_INPUT_WITH_WEAK_PULLUP                           ;        ;              ;         ; Column I/O ;                 ; no       ; On           ;
; AH8      ; 157        ; 3        ; RESERVED_INPUT_WITH_WEAK_PULLUP                           ;        ;              ;         ; Column I/O ;                 ; no       ; On           ;
; AH9      ;            ; 3        ; VCCIO3                                                    ; power  ;              ; 3.3V    ; --         ;                 ; --       ; --           ;
; AH10     ; 168        ; 3        ; RESERVED_INPUT_WITH_WEAK_PULLUP                           ;        ;              ;         ; Column I/O ;                 ; no       ; On           ;
; AH11     ; 176        ; 3        ; RESERVED_INPUT_WITH_WEAK_PULLUP                           ;        ;              ;         ; Column I/O ;                 ; no       ; On           ;
; AH12     ; 194        ; 3        ; RESERVED_INPUT_WITH_WEAK_PULLUP                           ;        ;              ;         ; Column I/O ;                 ; no       ; On           ;
; AH13     ;            ; 3        ; VCCIO3                                                    ; power  ;              ; 3.3V    ; --         ;                 ; --       ; --           ;
; AH14     ; 200        ; 3        ; GND+                                                      ;        ;              ;         ; Column I/O ;                 ; --       ; --           ;
; AH15     ; 202        ; 4        ; GND+                                                      ;        ;              ;         ; Column I/O ;                 ; --       ; --           ;
; AH16     ;            ; 4        ; VCCIO4                                                    ; power  ;              ; 3.3V    ; --         ;                 ; --       ; --           ;
; AH17     ; 208        ; 4        ; HEX7[3]                                                   ; output ; 3.3-V LVTTL  ;         ; Column I/O ; Y               ; no       ; Off          ;
; AH18     ; 218        ; 4        ; HEX5[6]                                                   ; output ; 3.3-V LVTTL  ;         ; Column I/O ; Y               ; no       ; Off          ;
; AH19     ; 220        ; 4        ; HEX5[3]                                                   ; output ; 3.3-V LVTTL  ;         ; Column I/O ; Y               ; no       ; Off          ;
; AH20     ;            ; 4        ; VCCIO4                                                    ; power  ;              ; 3.3V    ; --         ;                 ; --       ; --           ;
; AH21     ; 224        ; 4        ; HEX4[3]                                                   ; output ; 3.3-V LVTTL  ;         ; Column I/O ; Y               ; no       ; Off          ;
; AH22     ; 228        ; 4        ; RESERVED_INPUT_WITH_WEAK_PULLUP                           ;        ;              ;         ; Column I/O ;                 ; no       ; On           ;
; AH23     ; 230        ; 4        ; RESERVED_INPUT_WITH_WEAK_PULLUP                           ;        ;              ;         ; Column I/O ;                 ; no       ; On           ;
; AH24     ;            ; 4        ; VCCIO4                                                    ; power  ;              ; 3.3V    ; --         ;                 ; --       ; --           ;
; AH25     ; 246        ; 4        ; RESERVED_INPUT_WITH_WEAK_PULLUP                           ;        ;              ;         ; Column I/O ;                 ; no       ; On           ;
; AH26     ; 271        ; 4        ; RESERVED_INPUT_WITH_WEAK_PULLUP                           ;        ;              ;         ; Column I/O ;                 ; no       ; On           ;
; AH27     ;            ; 4        ; VCCIO4                                                    ; power  ;              ; 3.3V    ; --         ;                 ; --       ; --           ;
; B1       ;            ; 1        ; VCCIO1                                                    ; power  ;              ; 3.3V    ; --         ;                 ; --       ; --           ;
; B2       ;            ;          ; GND                                                       ; gnd    ;              ;         ; --         ;                 ; --       ; --           ;
; B3       ; 534        ; 8        ; RESERVED_INPUT_WITH_WEAK_PULLUP                           ;        ;              ;         ; Column I/O ;                 ; no       ; On           ;
; B4       ; 533        ; 8        ; RESERVED_INPUT_WITH_WEAK_PULLUP                           ;        ;              ;         ; Column I/O ;                 ; no       ; On           ;
; B5       ;            ;          ; GND                                                       ; gnd    ;              ;         ; --         ;                 ; --       ; --           ;
; B6       ; 505        ; 8        ; RESERVED_INPUT_WITH_WEAK_PULLUP                           ;        ;              ;         ; Column I/O ;                 ; no       ; On           ;
; B7       ; 502        ; 8        ; RESERVED_INPUT_WITH_WEAK_PULLUP                           ;        ;              ;         ; Column I/O ;                 ; no       ; On           ;
; B8       ; 518        ; 8        ; VGA_G[5]                                                  ; output ; 3.3-V LVTTL  ;         ; Column I/O ; Y               ; no       ; Off          ;
; B9       ;            ;          ; GND                                                       ; gnd    ;              ;         ; --         ;                 ; --       ; --           ;
; B10      ; 492        ; 8        ; VGA_B[0]                                                  ; output ; 3.3-V LVTTL  ;         ; Column I/O ; Y               ; no       ; Off          ;
; B11      ; 488        ; 8        ; VGA_B[3]                                                  ; output ; 3.3-V LVTTL  ;         ; Column I/O ; Y               ; no       ; Off          ;
; B12      ;            ;          ; GND                                                       ; gnd    ;              ;         ; --         ;                 ; --       ; --           ;
; B13      ;            ;          ; GND                                                       ; gnd    ;              ;         ; --         ;                 ; --       ; --           ;
; B14      ; 473        ; 8        ; GND+                                                      ;        ;              ;         ; Column I/O ;                 ; --       ; --           ;
; B15      ; 471        ; 7        ; GND+                                                      ;        ;              ;         ; Column I/O ;                 ; --       ; --           ;
; B16      ;            ;          ; GND                                                       ; gnd    ;              ;         ; --         ;                 ; --       ; --           ;
; B17      ; 463        ; 7        ; RESERVED_INPUT_WITH_WEAK_PULLUP                           ;        ;              ;         ; Column I/O ;                 ; no       ; On           ;
; B18      ; 443        ; 7        ; RESERVED_INPUT_WITH_WEAK_PULLUP                           ;        ;              ;         ; Column I/O ;                 ; no       ; On           ;
; B19      ; 441        ; 7        ; RESERVED_INPUT_WITH_WEAK_PULLUP                           ;        ;              ;         ; Column I/O ;                 ; no       ; On           ;
; B20      ;            ;          ; GND                                                       ; gnd    ;              ;         ; --         ;                 ; --       ; --           ;
; B21      ; 426        ; 7        ; RESERVED_INPUT_WITH_WEAK_PULLUP                           ;        ;              ;         ; Column I/O ;                 ; no       ; On           ;
; B22      ; 424        ; 7        ; RESERVED_INPUT_WITH_WEAK_PULLUP                           ;        ;              ;         ; Column I/O ;                 ; no       ; On           ;
; B23      ; 413        ; 7        ; RESERVED_INPUT_WITH_WEAK_PULLUP                           ;        ;              ;         ; Column I/O ;                 ; no       ; On           ;
; B24      ;            ;          ; GND                                                       ; gnd    ;              ;         ; --         ;                 ; --       ; --           ;
; B25      ; 406        ; 7        ; RESERVED_INPUT_WITH_WEAK_PULLUP                           ;        ;              ;         ; Column I/O ;                 ; no       ; On           ;
; B26      ; 401        ; 7        ; RESERVED_INPUT_WITH_WEAK_PULLUP                           ;        ;              ;         ; Column I/O ;                 ; no       ; On           ;
; B27      ;            ;          ; GND                                                       ; gnd    ;              ;         ; --         ;                 ; --       ; --           ;
; B28      ;            ; 6        ; VCCIO6                                                    ; power  ;              ; 3.3V    ; --         ;                 ; --       ; --           ;
; C1       ;            ;          ; GND                                                       ; gnd    ;              ;         ; --         ;                 ; --       ; --           ;
; C2       ; 1          ; 1        ; RESERVED_INPUT_WITH_WEAK_PULLUP                           ;        ;              ;         ; Row I/O    ;                 ; no       ; On           ;
; C3       ; 543        ; 8        ; RESERVED_INPUT_WITH_WEAK_PULLUP                           ;        ;              ;         ; Column I/O ;                 ; no       ; On           ;
; C4       ; 539        ; 8        ; RESERVED_INPUT_WITH_WEAK_PULLUP                           ;        ;              ;         ; Column I/O ;                 ; no       ; On           ;
; C5       ; 538        ; 8        ; RESERVED_INPUT_WITH_WEAK_PULLUP                           ;        ;              ;         ; Column I/O ;                 ; no       ; On           ;
; C6       ; 536        ; 8        ; RESERVED_INPUT_WITH_WEAK_PULLUP                           ;        ;              ;         ; Column I/O ;                 ; no       ; On           ;
; C7       ; 521        ; 8        ; RESERVED_INPUT_WITH_WEAK_PULLUP                           ;        ;              ;         ; Column I/O ;                 ; no       ; On           ;
; C8       ; 519        ; 8        ; VGA_G[4]                                                  ; output ; 3.3-V LVTTL  ;         ; Column I/O ; Y               ; no       ; Off          ;
; C9       ; 510        ; 8        ; VGA_G[7]                                                  ; output ; 3.3-V LVTTL  ;         ; Column I/O ; Y               ; no       ; Off          ;
; C10      ; 495        ; 8        ; VGA_SYNC_N                                                ; output ; 3.3-V LVTTL  ;         ; Column I/O ; Y               ; no       ; Off          ;
; C11      ; 508        ; 8        ; VGA_B[2]                                                  ; output ; 3.3-V LVTTL  ;         ; Column I/O ; Y               ; no       ; Off          ;
; C12      ; 478        ; 8        ; VGA_B[5]                                                  ; output ; 3.3-V LVTTL  ;         ; Column I/O ; Y               ; no       ; Off          ;
; C13      ; 474        ; 8        ; VGA_VS                                                    ; output ; 3.3-V LVTTL  ;         ; Column I/O ; Y               ; no       ; Off          ;
; C14      ; 476        ; 8        ; RESERVED_INPUT_WITH_WEAK_PULLUP                           ;        ;              ;         ; Column I/O ;                 ; no       ; On           ;
; C15      ; 468        ; 7        ; RESERVED_INPUT_WITH_WEAK_PULLUP                           ;        ;              ;         ; Column I/O ;                 ; no       ; On           ;
; C16      ; 460        ; 7        ; RESERVED_INPUT_WITH_WEAK_PULLUP                           ;        ;              ;         ; Column I/O ;                 ; no       ; On           ;
; C17      ; 438        ; 7        ; RESERVED_INPUT_WITH_WEAK_PULLUP                           ;        ;              ;         ; Column I/O ;                 ; no       ; On           ;
; C18      ; 429        ; 7        ; RESERVED_INPUT_WITH_WEAK_PULLUP                           ;        ;              ;         ; Column I/O ;                 ; no       ; On           ;
; C19      ; 435        ; 7        ; RESERVED_INPUT_WITH_WEAK_PULLUP                           ;        ;              ;         ; Column I/O ;                 ; no       ; On           ;
; C20      ; 431        ; 7        ; RESERVED_INPUT_WITH_WEAK_PULLUP                           ;        ;              ;         ; Column I/O ;                 ; no       ; On           ;
; C21      ; 422        ; 7        ; RESERVED_INPUT_WITH_WEAK_PULLUP                           ;        ;              ;         ; Column I/O ;                 ; no       ; On           ;
; C22      ; 418        ; 7        ; RESERVED_INPUT_WITH_WEAK_PULLUP                           ;        ;              ;         ; Column I/O ;                 ; no       ; On           ;
; C23      ; 415        ; 7        ; RESERVED_INPUT_WITH_WEAK_PULLUP                           ;        ;              ;         ; Column I/O ;                 ; no       ; On           ;
; C24      ; 416        ; 7        ; RESERVED_INPUT_WITH_WEAK_PULLUP                           ;        ;              ;         ; Column I/O ;                 ; no       ; On           ;
; C25      ; 411        ; 7        ; RESERVED_INPUT_WITH_WEAK_PULLUP                           ;        ;              ;         ; Column I/O ;                 ; no       ; On           ;
; C26      ; 400        ; 7        ; RESERVED_INPUT_WITH_WEAK_PULLUP                           ;        ;              ;         ; Column I/O ;                 ; no       ; On           ;
; C27      ; 382        ; 6        ; RESERVED_INPUT_WITH_WEAK_PULLUP                           ;        ;              ;         ; Row I/O    ;                 ; no       ; On           ;
; C28      ;            ;          ; GND                                                       ; gnd    ;              ;         ; --         ;                 ; --       ; --           ;
; D1       ; 3          ; 1        ; RESERVED_INPUT_WITH_WEAK_PULLUP                           ;        ;              ;         ; Row I/O    ;                 ; no       ; On           ;
; D2       ; 2          ; 1        ; RESERVED_INPUT_WITH_WEAK_PULLUP                           ;        ;              ;         ; Row I/O    ;                 ; no       ; On           ;
; D3       ;            ;          ; GND                                                       ; gnd    ;              ;         ; --         ;                 ; --       ; --           ;
; D4       ; 540        ; 8        ; RESERVED_INPUT_WITH_WEAK_PULLUP                           ;        ;              ;         ; Column I/O ;                 ; no       ; On           ;
; D5       ; 537        ; 8        ; RESERVED_INPUT_WITH_WEAK_PULLUP                           ;        ;              ;         ; Column I/O ;                 ; no       ; On           ;
; D6       ; 524        ; 8        ; RESERVED_INPUT_WITH_WEAK_PULLUP                           ;        ;              ;         ; Column I/O ;                 ; no       ; On           ;
; D7       ; 522        ; 8        ; RESERVED_INPUT_WITH_WEAK_PULLUP                           ;        ;              ;         ; Column I/O ;                 ; no       ; On           ;
; D8       ; 520        ; 8        ; RESERVED_INPUT_WITH_WEAK_PULLUP                           ;        ;              ;         ; Column I/O ;                 ; no       ; On           ;
; D9       ; 511        ; 8        ; RESERVED_INPUT_WITH_WEAK_PULLUP                           ;        ;              ;         ; Column I/O ;                 ; no       ; On           ;
; D10      ; 496        ; 8        ; VGA_R[2]                                                  ; output ; 3.3-V LVTTL  ;         ; Column I/O ; Y               ; no       ; Off          ;
; D11      ; 509        ; 8        ; VGA_B[6]                                                  ; output ; 3.3-V LVTTL  ;         ; Column I/O ; Y               ; no       ; Off          ;
; D12      ; 479        ; 8        ; VGA_B[7]                                                  ; output ; 3.3-V LVTTL  ;         ; Column I/O ; Y               ; no       ; Off          ;
; D13      ; 475        ; 8        ; RESERVED_INPUT_WITH_WEAK_PULLUP                           ;        ;              ;         ; Column I/O ;                 ; no       ; On           ;
; D14      ; 477        ; 8        ; RESERVED_INPUT_WITH_WEAK_PULLUP                           ;        ;              ;         ; Column I/O ;                 ; no       ; On           ;
; D15      ; 469        ; 7        ; RESERVED_INPUT_WITH_WEAK_PULLUP                           ;        ;              ;         ; Column I/O ;                 ; no       ; On           ;
; D16      ; 461        ; 7        ; RESERVED_INPUT_WITH_WEAK_PULLUP                           ;        ;              ;         ; Column I/O ;                 ; no       ; On           ;
; D17      ; 439        ; 7        ; RESERVED_INPUT_WITH_WEAK_PULLUP                           ;        ;              ;         ; Column I/O ;                 ; no       ; On           ;
; D18      ; 430        ; 7        ; RESERVED_INPUT_WITH_WEAK_PULLUP                           ;        ;              ;         ; Column I/O ;                 ; no       ; On           ;
; D19      ; 436        ; 7        ; RESERVED_INPUT_WITH_WEAK_PULLUP                           ;        ;              ;         ; Column I/O ;                 ; no       ; On           ;
; D20      ; 432        ; 7        ; RESERVED_INPUT_WITH_WEAK_PULLUP                           ;        ;              ;         ; Column I/O ;                 ; no       ; On           ;
; D21      ; 419        ; 7        ; RESERVED_INPUT_WITH_WEAK_PULLUP                           ;        ;              ;         ; Column I/O ;                 ; no       ; On           ;
; D22      ; 402        ; 7        ; RESERVED_INPUT_WITH_WEAK_PULLUP                           ;        ;              ;         ; Column I/O ;                 ; no       ; On           ;
; D23      ; 414        ; 7        ; RESERVED_INPUT_WITH_WEAK_PULLUP                           ;        ;              ;         ; Column I/O ;                 ; no       ; On           ;
; D24      ; 417        ; 7        ; RESERVED_INPUT_WITH_WEAK_PULLUP                           ;        ;              ;         ; Column I/O ;                 ; no       ; On           ;
; D25      ; 410        ; 7        ; RESERVED_INPUT_WITH_WEAK_PULLUP                           ;        ;              ;         ; Column I/O ;                 ; no       ; On           ;
; D26      ; 383        ; 6        ; RESERVED_INPUT_WITH_WEAK_PULLUP                           ;        ;              ;         ; Row I/O    ;                 ; no       ; On           ;
; D27      ; 381        ; 6        ; RESERVED_INPUT_WITH_WEAK_PULLUP                           ;        ;              ;         ; Row I/O    ;                 ; no       ; On           ;
; D28      ; 380        ; 6        ; RESERVED_INPUT_WITH_WEAK_PULLUP                           ;        ;              ;         ; Row I/O    ;                 ; no       ; On           ;
; E1       ; 17         ; 1        ; RESERVED_INPUT_WITH_WEAK_PULLUP                           ;        ;              ;         ; Row I/O    ;                 ; no       ; On           ;
; E2       ; 16         ; 1        ; ~ALTERA_FLASH_nCE_nCSO~ / RESERVED_INPUT_WITH_WEAK_PULLUP ; input  ; 3.3-V LVTTL  ;         ; Row I/O    ; N               ; no       ; On           ;
; E3       ; 7          ; 1        ; RESERVED_INPUT_WITH_WEAK_PULLUP                           ;        ;              ;         ; Row I/O    ;                 ; no       ; On           ;
; E4       ; 541        ; 8        ; RESERVED_INPUT_WITH_WEAK_PULLUP                           ;        ;              ;         ; Column I/O ;                 ; no       ; On           ;
; E5       ; 542        ; 8        ; RESERVED_INPUT_WITH_WEAK_PULLUP                           ;        ;              ;         ; Column I/O ;                 ; no       ; On           ;
; E6       ;            ; 8        ; VCCIO8                                                    ; power  ;              ; 3.3V    ; --         ;                 ; --       ; --           ;
; E7       ; 523        ; 8        ; RESERVED_INPUT_WITH_WEAK_PULLUP                           ;        ;              ;         ; Column I/O ;                 ; no       ; On           ;
; E8       ; 526        ; 8        ; RESERVED_INPUT_WITH_WEAK_PULLUP                           ;        ;              ;         ; Column I/O ;                 ; no       ; On           ;
; E9       ;            ; 8        ; VCCIO8                                                    ; power  ;              ; 3.3V    ; --         ;                 ; --       ; --           ;
; E10      ; 516        ; 8        ; RESERVED_INPUT_WITH_WEAK_PULLUP                           ;        ;              ;         ; Column I/O ;                 ; no       ; On           ;
; E11      ; 499        ; 8        ; VGA_R[1]                                                  ; output ; 3.3-V LVTTL  ;         ; Column I/O ; Y               ; no       ; Off          ;
; E12      ; 497        ; 8        ; VGA_R[0]                                                  ; output ; 3.3-V LVTTL  ;         ; Column I/O ; Y               ; no       ; Off          ;
; E13      ;            ; 8        ; VCCIO8                                                    ; power  ;              ; 3.3V    ; --         ;                 ; --       ; --           ;
; E14      ; 486        ; 8        ; RESERVED_INPUT_WITH_WEAK_PULLUP                           ;        ;              ;         ; Column I/O ;                 ; no       ; On           ;
; E15      ; 467        ; 7        ; RESERVED_INPUT_WITH_WEAK_PULLUP                           ;        ;              ;         ; Column I/O ;                 ; no       ; On           ;
; E16      ;            ; 7        ; VCCIO7                                                    ; power  ;              ; 2.5V    ; --         ;                 ; --       ; --           ;
; E17      ; 456        ; 7        ; HEX0[2]                                                   ; output ; 2.5 V        ;         ; Column I/O ; Y               ; no       ; Off          ;
; E18      ; 427        ; 7        ; LEDR[5]                                                   ; output ; 2.5 V        ;         ; Column I/O ; Y               ; no       ; Off          ;
; E19      ; 421        ; 7        ; LEDR[2]                                                   ; output ; 2.5 V        ;         ; Column I/O ; Y               ; no       ; Off          ;
; E20      ;            ; 7        ; VCCIO7                                                    ; power  ;              ; 2.5V    ; --         ;                 ; --       ; --           ;
; E21      ; 407        ; 7        ; LEDG[0]                                                   ; output ; 2.5 V        ;         ; Column I/O ; Y               ; no       ; Off          ;
; E22      ; 403        ; 7        ; LEDG[1]                                                   ; output ; 2.5 V        ;         ; Column I/O ; Y               ; no       ; Off          ;
; E23      ;            ; 7        ; VCCIO7                                                    ; power  ;              ; 2.5V    ; --         ;                 ; --       ; --           ;
; E24      ; 433        ; 7        ; LEDG[3]                                                   ; output ; 2.5 V        ;         ; Column I/O ; Y               ; no       ; Off          ;
; E25      ; 434        ; 7        ; LEDG[2]                                                   ; output ; 2.5 V        ;         ; Column I/O ; Y               ; no       ; Off          ;
; E26      ; 378        ; 6        ; RESERVED_INPUT_WITH_WEAK_PULLUP                           ;        ;              ;         ; Row I/O    ;                 ; no       ; On           ;
; E27      ; 375        ; 6        ; RESERVED_INPUT_WITH_WEAK_PULLUP                           ;        ;              ;         ; Row I/O    ;                 ; no       ; On           ;
; E28      ; 374        ; 6        ; RESERVED_INPUT_WITH_WEAK_PULLUP                           ;        ;              ;         ; Row I/O    ;                 ; no       ; On           ;
; F1       ; 19         ; 1        ; RESERVED_INPUT_WITH_WEAK_PULLUP                           ;        ;              ;         ; Row I/O    ;                 ; no       ; On           ;
; F2       ; 18         ; 1        ; RESERVED_INPUT_WITH_WEAK_PULLUP                           ;        ;              ;         ; Row I/O    ;                 ; no       ; On           ;
; F3       ; 8          ; 1        ; RESERVED_INPUT_WITH_WEAK_PULLUP                           ;        ;              ;         ; Row I/O    ;                 ; no       ; On           ;
; F4       ; 10         ; 1        ; ~ALTERA_ASDO_DATA1~ / RESERVED_INPUT_WITH_WEAK_PULLUP     ; input  ; 3.3-V LVTTL  ;         ; Row I/O    ; N               ; no       ; On           ;
; F5       ; 9          ; 1        ; RESERVED_INPUT_WITH_WEAK_PULLUP                           ;        ;              ;         ; Row I/O    ;                 ; no       ; On           ;
; F6       ;            ;          ; GND                                                       ; gnd    ;              ;         ; --         ;                 ; --       ; --           ;
; F7       ; 531        ; 8        ; RESERVED_INPUT_WITH_WEAK_PULLUP                           ;        ;              ;         ; Column I/O ;                 ; no       ; On           ;
; F8       ; 527        ; 8        ; VGA_G[2]                                                  ; output ; 3.3-V LVTTL  ;         ; Column I/O ; Y               ; no       ; Off          ;
; F9       ;            ;          ; GND                                                       ; gnd    ;              ;         ; --         ;                 ; --       ; --           ;
; F10      ; 512        ; 8        ; VGA_G[6]                                                  ; output ; 3.3-V LVTTL  ;         ; Column I/O ; Y               ; no       ; Off          ;
; F11      ; 500        ; 8        ; VGA_BLANK_N                                               ; output ; 3.3-V LVTTL  ;         ; Column I/O ; Y               ; no       ; Off          ;
; F12      ; 498        ; 8        ; VGA_R[3]                                                  ; output ; 3.3-V LVTTL  ;         ; Column I/O ; Y               ; no       ; Off          ;
; F13      ;            ;          ; GND                                                       ; gnd    ;              ;         ; --         ;                 ; --       ; --           ;
; F14      ; 485        ; 8        ; RESERVED_INPUT_WITH_WEAK_PULLUP                           ;        ;              ;         ; Column I/O ;                 ; no       ; On           ;
; F15      ; 466        ; 7        ; LEDR[14]                                                  ; output ; 2.5 V        ;         ; Column I/O ; Y               ; no       ; Off          ;
; F16      ;            ;          ; GND                                                       ; gnd    ;              ;         ; --         ;                 ; --       ; --           ;
; F17      ; 455        ; 7        ; LEDG[8]                                                   ; output ; 2.5 V        ;         ; Column I/O ; Y               ; no       ; Off          ;
; F18      ; 428        ; 7        ; LEDR[4]                                                   ; output ; 2.5 V        ;         ; Column I/O ; Y               ; no       ; Off          ;
; F19      ; 420        ; 7        ; LEDR[1]                                                   ; output ; 2.5 V        ;         ; Column I/O ; Y               ; no       ; Off          ;
; F20      ;            ;          ; GND                                                       ; gnd    ;              ;         ; --         ;                 ; --       ; --           ;
; F21      ; 408        ; 7        ; LEDR[3]                                                   ; output ; 2.5 V        ;         ; Column I/O ; Y               ; no       ; Off          ;
; F22      ; 409        ; 7        ; HEX0[1]                                                   ; output ; 2.5 V        ;         ; Column I/O ; Y               ; no       ; Off          ;
; F23      ;            ;          ; GND                                                       ; gnd    ;              ;         ; --         ;                 ; --       ; --           ;
; F24      ; 396        ; 6        ; RESERVED_INPUT_WITH_WEAK_PULLUP                           ;        ;              ;         ; Row I/O    ;                 ; no       ; On           ;
; F25      ; 395        ; 6        ; RESERVED_INPUT_WITH_WEAK_PULLUP                           ;        ;              ;         ; Row I/O    ;                 ; no       ; On           ;
; F26      ; 379        ; 6        ; RESERVED_INPUT_WITH_WEAK_PULLUP                           ;        ;              ;         ; Row I/O    ;                 ; no       ; On           ;
; F27      ; 373        ; 6        ; RESERVED_INPUT_WITH_WEAK_PULLUP                           ;        ;              ;         ; Row I/O    ;                 ; no       ; On           ;
; F28      ; 372        ; 6        ; RESERVED_INPUT_WITH_WEAK_PULLUP                           ;        ;              ;         ; Row I/O    ;                 ; no       ; On           ;
; G1       ; 26         ; 1        ; RESERVED_INPUT_WITH_WEAK_PULLUP                           ;        ;              ;         ; Row I/O    ;                 ; no       ; On           ;
; G2       ; 25         ; 1        ; RESERVED_INPUT_WITH_WEAK_PULLUP                           ;        ;              ;         ; Row I/O    ;                 ; no       ; On           ;
; G3       ; 13         ; 1        ; RESERVED_INPUT_WITH_WEAK_PULLUP                           ;        ;              ;         ; Row I/O    ;                 ; no       ; On           ;
; G4       ; 12         ; 1        ; EX_IO[4]                                                  ; output ; 3.3-V LVTTL  ;         ; Row I/O    ; N               ; no       ; Off          ;
; G5       ; 6          ; 1        ; RESERVED_INPUT_WITH_WEAK_PULLUP                           ;        ;              ;         ; Row I/O    ;                 ; no       ; On           ;
; G6       ; 5          ; 1        ; RESERVED_INPUT_WITH_WEAK_PULLUP                           ;        ;              ;         ; Row I/O    ;                 ; no       ; On           ;
; G7       ; 530        ; 8        ; RESERVED_INPUT_WITH_WEAK_PULLUP                           ;        ;              ;         ; Column I/O ;                 ; no       ; On           ;
; G8       ; 528        ; 8        ; VGA_G[0]                                                  ; output ; 3.3-V LVTTL  ;         ; Column I/O ; Y               ; no       ; Off          ;
; G9       ; 525        ; 8        ; RESERVED_INPUT_WITH_WEAK_PULLUP                           ;        ;              ;         ; Column I/O ;                 ; --       ; --           ;
; G10      ; 513        ; 8        ; VGA_R[4]                                                  ; output ; 3.3-V LVTTL  ;         ; Column I/O ; Y               ; no       ; Off          ;
; G11      ; 506        ; 8        ; VGA_G[1]                                                  ; output ; 3.3-V LVTTL  ;         ; Column I/O ; Y               ; no       ; Off          ;
; G12      ; 503        ; 8        ; RESERVED_INPUT_WITH_WEAK_PULLUP                           ;        ;              ;         ; Column I/O ;                 ; --       ; --           ;
; G13      ; 493        ; 8        ; VGA_HS                                                    ; output ; 3.3-V LVTTL  ;         ; Column I/O ; Y               ; no       ; Off          ;
; G14      ; 484        ; 8        ; RESERVED_INPUT_WITH_WEAK_PULLUP                           ;        ;              ;         ; Column I/O ;                 ; --       ; --           ;
; G15      ; 457        ; 7        ; LEDR[15]                                                  ; output ; 2.5 V        ;         ; Column I/O ; Y               ; no       ; Off          ;
; G16      ; 453        ; 7        ; LEDR[16]                                                  ; output ; 2.5 V        ;         ; Column I/O ; Y               ; no       ; Off          ;
; G17      ; 437        ; 7        ; LEDR[9]                                                   ; output ; 2.5 V        ;         ; Column I/O ; Y               ; no       ; Off          ;
; G18      ; 452        ; 7        ; HEX0[0]                                                   ; output ; 2.5 V        ;         ; Column I/O ; Y               ; no       ; Off          ;
; G19      ; 451        ; 7        ; LEDR[0]                                                   ; output ; 2.5 V        ;         ; Column I/O ; Y               ; no       ; Off          ;
; G20      ; 444        ; 7        ; LEDG[5]                                                   ; output ; 2.5 V        ;         ; Column I/O ; Y               ; no       ; Off          ;
; G21      ; 445        ; 7        ; LEDG[7]                                                   ; output ; 2.5 V        ;         ; Column I/O ; Y               ; no       ; Off          ;
; G22      ; 449        ; 7        ; LEDG[6]                                                   ; output ; 2.5 V        ;         ; Column I/O ; Y               ; no       ; Off          ;
; G23      ; 398        ; 6        ; RESERVED_INPUT_WITH_WEAK_PULLUP                           ;        ;              ;         ; Row I/O    ;                 ; no       ; On           ;
; G24      ; 397        ; 6        ; RESERVED_INPUT_WITH_WEAK_PULLUP                           ;        ;              ;         ; Row I/O    ;                 ; no       ; On           ;
; G25      ; 393        ; 6        ; RESERVED_INPUT_WITH_WEAK_PULLUP                           ;        ;              ;         ; Row I/O    ;                 ; no       ; On           ;
; G26      ; 392        ; 6        ; RESERVED_INPUT_WITH_WEAK_PULLUP                           ;        ;              ;         ; Row I/O    ;                 ; no       ; On           ;
; G27      ; 367        ; 6        ; RESERVED_INPUT_WITH_WEAK_PULLUP                           ;        ;              ;         ; Row I/O    ;                 ; no       ; On           ;
; G28      ; 366        ; 6        ; RESERVED_INPUT_WITH_WEAK_PULLUP                           ;        ;              ;         ; Row I/O    ;                 ; no       ; On           ;
; H1       ;            ; 1        ; VCCIO1                                                    ; power  ;              ; 3.3V    ; --         ;                 ; --       ; --           ;
; H2       ;            ;          ; GND                                                       ; gnd    ;              ;         ; --         ;                 ; --       ; --           ;
; H3       ; 15         ; 1        ; EX_IO[3]                                                  ; output ; 3.3-V LVTTL  ;         ; Row I/O    ; N               ; no       ; Off          ;
; H4       ; 14         ; 1        ; RESERVED_INPUT_WITH_WEAK_PULLUP                           ;        ;              ;         ; Row I/O    ;                 ; no       ; On           ;
; H5       ; 20         ; 1        ; RESERVED_INPUT_WITH_WEAK_PULLUP                           ;        ;              ;         ; Row I/O    ;                 ; no       ; On           ;
; H6       ; 11         ; 1        ; RESERVED_INPUT_WITH_WEAK_PULLUP                           ;        ;              ;         ; Row I/O    ;                 ; no       ; On           ;
; H7       ; 4          ; 1        ; RESERVED_INPUT_WITH_WEAK_PULLUP                           ;        ;              ;         ; Row I/O    ;                 ; --       ; --           ;
; H8       ; 529        ; 8        ; VGA_R[6]                                                  ; output ; 3.3-V LVTTL  ;         ; Column I/O ; Y               ; no       ; Off          ;
; H9       ;            ;          ; GNDA3                                                     ; gnd    ;              ;         ; --         ;                 ; --       ; --           ;
; H10      ; 514        ; 8        ; VGA_R[7]                                                  ; output ; 3.3-V LVTTL  ;         ; Column I/O ; Y               ; no       ; Off          ;
; H11      ;            ; 8        ; VCCIO8                                                    ; power  ;              ; 3.3V    ; --         ;                 ; --       ; --           ;
; H12      ; 507        ; 8        ; VGA_G[3]                                                  ; output ; 3.3-V LVTTL  ;         ; Column I/O ; Y               ; no       ; Off          ;
; H13      ; 494        ; 8        ; RESERVED_INPUT_WITH_WEAK_PULLUP                           ;        ;              ;         ; Column I/O ;                 ; no       ; On           ;
; H14      ; 480        ; 8        ; RESERVED_INPUT_WITH_WEAK_PULLUP                           ;        ;              ;         ; Column I/O ;                 ; no       ; On           ;
; H15      ; 464        ; 7        ; LEDR[17]                                                  ; output ; 2.5 V        ;         ; Column I/O ; Y               ; no       ; Off          ;
; H16      ; 459        ; 7        ; LEDR[11]                                                  ; output ; 2.5 V        ;         ; Column I/O ; Y               ; no       ; Off          ;
; H17      ; 454        ; 7        ; LEDR[13]                                                  ; output ; 2.5 V        ;         ; Column I/O ; Y               ; no       ; Off          ;
; H18      ;            ; 7        ; VCCIO7                                                    ; power  ;              ; 2.5V    ; --         ;                 ; --       ; --           ;
; H19      ; 446        ; 7        ; LEDR[7]                                                   ; output ; 2.5 V        ;         ; Column I/O ; Y               ; no       ; Off          ;
; H20      ;            ;          ; GNDA2                                                     ; gnd    ;              ;         ; --         ;                 ; --       ; --           ;
; H21      ; 448        ; 7        ; LEDG[4]                                                   ; output ; 2.5 V        ;         ; Column I/O ; Y               ; no       ; Off          ;
; H22      ; 399        ; 6        ; HEX0[6]                                                   ; output ; 3.3-V LVTTL  ;         ; Row I/O    ; Y               ; no       ; Off          ;
; H23      ; 391        ; 6        ; RESERVED_INPUT_WITH_WEAK_PULLUP                           ;        ;              ;         ; Row I/O    ;                 ; no       ; On           ;
; H24      ; 390        ; 6        ; RESERVED_INPUT_WITH_WEAK_PULLUP                           ;        ;              ;         ; Row I/O    ;                 ; no       ; On           ;
; H25      ; 377        ; 6        ; RESERVED_INPUT_WITH_WEAK_PULLUP                           ;        ;              ;         ; Row I/O    ;                 ; no       ; On           ;
; H26      ; 376        ; 6        ; RESERVED_INPUT_WITH_WEAK_PULLUP                           ;        ;              ;         ; Row I/O    ;                 ; no       ; On           ;
; H27      ;            ;          ; GND                                                       ; gnd    ;              ;         ; --         ;                 ; --       ; --           ;
; H28      ;            ; 6        ; VCCIO6                                                    ; power  ;              ; 3.3V    ; --         ;                 ; --       ; --           ;
; J1       ; 64         ; 1        ; GND+                                                      ;        ;              ;         ; Row I/O    ;                 ; --       ; --           ;
; J2       ;            ;          ; GND                                                       ; gnd    ;              ;         ; --         ;                 ; --       ; --           ;
; J3       ; 23         ; 1        ; RESERVED_INPUT_WITH_WEAK_PULLUP                           ;        ;              ;         ; Row I/O    ;                 ; no       ; On           ;
; J4       ; 22         ; 1        ; RESERVED_INPUT_WITH_WEAK_PULLUP                           ;        ;              ;         ; Row I/O    ;                 ; no       ; On           ;
; J5       ; 36         ; 1        ; EX_IO[0]                                                  ; output ; 3.3-V LVTTL  ;         ; Row I/O    ; N               ; no       ; Off          ;
; J6       ; 35         ; 1        ; RESERVED_INPUT_WITH_WEAK_PULLUP                           ;        ;              ;         ; Row I/O    ;                 ; no       ; On           ;
; J7       ; 37         ; 1        ; RESERVED_INPUT_WITH_WEAK_PULLUP                           ;        ;              ;         ; Row I/O    ;                 ; no       ; On           ;
; J8       ;            ; --       ; VCCA3                                                     ; power  ;              ; 2.5V    ; --         ;                 ; --       ; --           ;
; J9       ;            ;          ; VCCD_PLL3                                                 ; power  ;              ; 1.2V    ; --         ;                 ; --       ; --           ;
; J10      ; 515        ; 8        ; RESERVED_INPUT_WITH_WEAK_PULLUP                           ;        ;              ;         ; Column I/O ;                 ; no       ; On           ;
; J11      ;            ;          ; GND                                                       ; gnd    ;              ;         ; --         ;                 ; --       ; --           ;
; J12      ; 490        ; 8        ; VGA_R[5]                                                  ; output ; 3.3-V LVTTL  ;         ; Column I/O ; Y               ; no       ; Off          ;
; J13      ; 489        ; 8        ; RESERVED_INPUT_WITH_WEAK_PULLUP                           ;        ;              ;         ; Column I/O ;                 ; no       ; On           ;
; J14      ; 481        ; 8        ; RESERVED_INPUT_WITH_WEAK_PULLUP                           ;        ;              ;         ; Column I/O ;                 ; no       ; On           ;
; J15      ; 465        ; 7        ; LEDR[10]                                                  ; output ; 2.5 V        ;         ; Column I/O ; Y               ; no       ; Off          ;
; J16      ; 458        ; 7        ; LEDR[12]                                                  ; output ; 2.5 V        ;         ; Column I/O ; Y               ; no       ; Off          ;
; J17      ; 450        ; 7        ; LEDR[8]                                                   ; output ; 2.5 V        ;         ; Column I/O ; Y               ; no       ; Off          ;
; J18      ;            ;          ; GND                                                       ; gnd    ;              ;         ; --         ;                 ; --       ; --           ;
; J19      ; 447        ; 7        ; LEDR[6]                                                   ; output ; 2.5 V        ;         ; Column I/O ; Y               ; no       ; Off          ;
; J20      ;            ;          ; VCCD_PLL2                                                 ; power  ;              ; 1.2V    ; --         ;                 ; --       ; --           ;
; J21      ;            ; --       ; VCCA2                                                     ; power  ;              ; 2.5V    ; --         ;                 ; --       ; --           ;
; J22      ; 394        ; 6        ; HEX0[5]                                                   ; output ; 3.3-V LVTTL  ;         ; Row I/O    ; Y               ; no       ; Off          ;
; J23      ; 387        ; 6        ; RESERVED_INPUT_WITH_WEAK_PULLUP                           ;        ;              ;         ; Row I/O    ;                 ; no       ; On           ;
; J24      ; 386        ; 6        ; RESERVED_INPUT_WITH_WEAK_PULLUP                           ;        ;              ;         ; Row I/O    ;                 ; no       ; On           ;
; J25      ; 365        ; 6        ; RESERVED_INPUT_WITH_WEAK_PULLUP                           ;        ;              ;         ; Row I/O    ;                 ; no       ; On           ;
; J26      ; 364        ; 6        ; RESERVED_INPUT_WITH_WEAK_PULLUP                           ;        ;              ;         ; Row I/O    ;                 ; no       ; On           ;
; J27      ; 338        ; 6        ; GND+                                                      ;        ;              ;         ; Row I/O    ;                 ; --       ; --           ;
; J28      ; 337        ; 6        ; GND+                                                      ;        ;              ;         ; Row I/O    ;                 ; --       ; --           ;
; K1       ; 28         ; 1        ; RESERVED_INPUT_WITH_WEAK_PULLUP                           ;        ;              ;         ; Row I/O    ;                 ; no       ; On           ;
; K2       ; 27         ; 1        ; RESERVED_INPUT_WITH_WEAK_PULLUP                           ;        ;              ;         ; Row I/O    ;                 ; no       ; On           ;
; K3       ; 30         ; 1        ; RESERVED_INPUT_WITH_WEAK_PULLUP                           ;        ;              ;         ; Row I/O    ;                 ; no       ; On           ;
; K4       ; 29         ; 1        ; RESERVED_INPUT_WITH_WEAK_PULLUP                           ;        ;              ;         ; Row I/O    ;                 ; no       ; On           ;
; K5       ;            ; 1        ; VCCIO1                                                    ; power  ;              ; 3.3V    ; --         ;                 ; --       ; --           ;
; K6       ;            ;          ; GND                                                       ; gnd    ;              ;         ; --         ;                 ; --       ; --           ;
; K7       ; 38         ; 1        ; RESERVED_INPUT_WITH_WEAK_PULLUP                           ;        ;              ;         ; Row I/O    ;                 ; no       ; On           ;
; K8       ; 39         ; 1        ; DRAM_DQM[2]                                               ; output ; 3.3-V LVTTL  ;         ; Row I/O    ; Y               ; no       ; Off          ;
; K9       ;            ;          ; VCCINT                                                    ; power  ;              ; 1.2V    ; --         ;                 ; --       ; --           ;
; K10      ;            ;          ; GND                                                       ; gnd    ;              ;         ; --         ;                 ; --       ; --           ;
; K11      ;            ;          ; VCCINT                                                    ; power  ;              ; 1.2V    ; --         ;                 ; --       ; --           ;
; K12      ;            ;          ; GND                                                       ; gnd    ;              ;         ; --         ;                 ; --       ; --           ;
; K13      ;            ;          ; VCCINT                                                    ; power  ;              ; 1.2V    ; --         ;                 ; --       ; --           ;
; K14      ;            ;          ; GND                                                       ; gnd    ;              ;         ; --         ;                 ; --       ; --           ;
; K15      ;            ;          ; VCCINT                                                    ; power  ;              ; 1.2V    ; --         ;                 ; --       ; --           ;
; K16      ;            ;          ; GND                                                       ; gnd    ;              ;         ; --         ;                 ; --       ; --           ;
; K17      ;            ;          ; VCCINT                                                    ; power  ;              ; 1.2V    ; --         ;                 ; --       ; --           ;
; K18      ;            ;          ; GND                                                       ; gnd    ;              ;         ; --         ;                 ; --       ; --           ;
; K19      ;            ;          ; VCCINT                                                    ; power  ;              ; 1.2V    ; --         ;                 ; --       ; --           ;
; K20      ;            ;          ; GND                                                       ; gnd    ;              ;         ; --         ;                 ; --       ; --           ;
; K21      ; 389        ; 6        ; RESERVED_INPUT_WITH_WEAK_PULLUP                           ;        ;              ;         ; Row I/O    ;                 ; no       ; On           ;
; K22      ; 388        ; 6        ; RESERVED_INPUT_WITH_WEAK_PULLUP                           ;        ;              ;         ; Row I/O    ;                 ; no       ; On           ;
; K23      ;            ;          ; GND                                                       ; gnd    ;              ;         ; --         ;                 ; --       ; --           ;
; K24      ;            ; 6        ; VCCIO6                                                    ; power  ;              ; 3.3V    ; --         ;                 ; --       ; --           ;
; K25      ; 371        ; 6        ; RESERVED_INPUT_WITH_WEAK_PULLUP                           ;        ;              ;         ; Row I/O    ;                 ; no       ; On           ;
; K26      ; 370        ; 6        ; RESERVED_INPUT_WITH_WEAK_PULLUP                           ;        ;              ;         ; Row I/O    ;                 ; no       ; On           ;
; K27      ; 362        ; 6        ; RESERVED_INPUT_WITH_WEAK_PULLUP                           ;        ;              ;         ; Row I/O    ;                 ; no       ; On           ;
; K28      ; 361        ; 6        ; RESERVED_INPUT_WITH_WEAK_PULLUP                           ;        ;              ;         ; Row I/O    ;                 ; no       ; On           ;
; L1       ; 49         ; 1        ; RESERVED_INPUT_WITH_WEAK_PULLUP                           ;        ;              ;         ; Row I/O    ;                 ; no       ; On           ;
; L2       ; 48         ; 1        ; RESERVED_INPUT_WITH_WEAK_PULLUP                           ;        ;              ;         ; Row I/O    ;                 ; no       ; On           ;
; L3       ; 32         ; 1        ; RESERVED_INPUT_WITH_WEAK_PULLUP                           ;        ;              ;         ; Row I/O    ;                 ; no       ; On           ;
; L4       ; 31         ; 1        ; RESERVED_INPUT_WITH_WEAK_PULLUP                           ;        ;              ;         ; Row I/O    ;                 ; no       ; On           ;
; L5       ; 21         ; 1        ; RESERVED_INPUT_WITH_WEAK_PULLUP                           ;        ;              ;         ; Row I/O    ;                 ; --       ; --           ;
; L6       ; 43         ; 1        ; RESERVED_INPUT_WITH_WEAK_PULLUP                           ;        ;              ;         ; Row I/O    ;                 ; no       ; On           ;
; L7       ; 42         ; 1        ; DRAM_DQ[23]                                               ; bidir  ; 3.3-V LVTTL  ;         ; Row I/O    ; Y               ; no       ; Off          ;
; L8       ; 40         ; 1        ; DRAM_DQ[17]                                               ; bidir  ; 3.3-V LVTTL  ;         ; Row I/O    ; Y               ; no       ; Off          ;
; L9       ;            ;          ; GND                                                       ; gnd    ;              ;         ; --         ;                 ; --       ; --           ;
; L10      ;            ;          ; VCCINT                                                    ; power  ;              ; 1.2V    ; --         ;                 ; --       ; --           ;
; L11      ;            ;          ; GND                                                       ; gnd    ;              ;         ; --         ;                 ; --       ; --           ;
; L12      ;            ;          ; VCCINT                                                    ; power  ;              ; 1.2V    ; --         ;                 ; --       ; --           ;
; L13      ;            ;          ; GND                                                       ; gnd    ;              ;         ; --         ;                 ; --       ; --           ;
; L14      ;            ;          ; VCCINT                                                    ; power  ;              ; 1.2V    ; --         ;                 ; --       ; --           ;
; L15      ;            ;          ; GND                                                       ; gnd    ;              ;         ; --         ;                 ; --       ; --           ;
; L16      ;            ;          ; VCCINT                                                    ; power  ;              ; 1.2V    ; --         ;                 ; --       ; --           ;
; L17      ;            ;          ; GND                                                       ; gnd    ;              ;         ; --         ;                 ; --       ; --           ;
; L18      ;            ;          ; VCCINT                                                    ; power  ;              ; 1.2V    ; --         ;                 ; --       ; --           ;
; L19      ;            ;          ; GND                                                       ; gnd    ;              ;         ; --         ;                 ; --       ; --           ;
; L20      ;            ;          ; VCCINT                                                    ; power  ;              ; 1.2V    ; --         ;                 ; --       ; --           ;
; L21      ; 385        ; 6        ; RESERVED_INPUT_WITH_WEAK_PULLUP                           ;        ;              ;         ; Row I/O    ;                 ; no       ; On           ;
; L22      ; 384        ; 6        ; RESERVED_INPUT_WITH_WEAK_PULLUP                           ;        ;              ;         ; Row I/O    ;                 ; no       ; On           ;
; L23      ; 360        ; 6        ; RESERVED_INPUT_WITH_WEAK_PULLUP                           ;        ;              ;         ; Row I/O    ;                 ; no       ; On           ;
; L24      ; 359        ; 6        ; RESERVED_INPUT_WITH_WEAK_PULLUP                           ;        ;              ;         ; Row I/O    ;                 ; no       ; On           ;
; L25      ; 369        ; 6        ; HEX0[4]                                                   ; output ; 3.3-V LVTTL  ;         ; Row I/O    ; Y               ; no       ; Off          ;
; L26      ; 363        ; 6        ; HEX0[3]                                                   ; output ; 3.3-V LVTTL  ;         ; Row I/O    ; Y               ; no       ; Off          ;
; L27      ; 358        ; 6        ; RESERVED_INPUT_WITH_WEAK_PULLUP                           ;        ;              ;         ; Row I/O    ;                 ; no       ; On           ;
; L28      ; 357        ; 6        ; RESERVED_INPUT_WITH_WEAK_PULLUP                           ;        ;              ;         ; Row I/O    ;                 ; no       ; On           ;
; M1       ; 51         ; 1        ; RESERVED_INPUT_WITH_WEAK_PULLUP                           ;        ;              ;         ; Row I/O    ;                 ; no       ; On           ;
; M2       ; 50         ; 1        ; RESERVED_INPUT_WITH_WEAK_PULLUP                           ;        ;              ;         ; Row I/O    ;                 ; no       ; On           ;
; M3       ; 34         ; 1        ; RESERVED_INPUT_WITH_WEAK_PULLUP                           ;        ;              ;         ; Row I/O    ;                 ; no       ; On           ;
; M4       ; 33         ; 1        ; DRAM_DQ[21]                                               ; bidir  ; 3.3-V LVTTL  ;         ; Row I/O    ; Y               ; no       ; Off          ;
; M5       ; 41         ; 1        ; RESERVED_INPUT_WITH_WEAK_PULLUP                           ;        ;              ;         ; Row I/O    ;                 ; --       ; --           ;
; M6       ; 24         ; 1        ; ^nSTATUS                                                  ;        ;              ;         ; --         ;                 ; --       ; --           ;
; M7       ; 47         ; 1        ; DRAM_DQ[22]                                               ; bidir  ; 3.3-V LVTTL  ;         ; Row I/O    ; Y               ; no       ; Off          ;
; M8       ; 46         ; 1        ; DRAM_DQ[16]                                               ; bidir  ; 3.3-V LVTTL  ;         ; Row I/O    ; Y               ; no       ; Off          ;
; M9       ;            ;          ; VCCINT                                                    ; power  ;              ; 1.2V    ; --         ;                 ; --       ; --           ;
; M10      ;            ;          ; GND                                                       ; gnd    ;              ;         ; --         ;                 ; --       ; --           ;
; M11      ;            ;          ; VCCINT                                                    ; power  ;              ; 1.2V    ; --         ;                 ; --       ; --           ;
; M12      ;            ;          ; GND                                                       ; gnd    ;              ;         ; --         ;                 ; --       ; --           ;
; M13      ;            ;          ; VCCINT                                                    ; power  ;              ; 1.2V    ; --         ;                 ; --       ; --           ;
; M14      ;            ;          ; GND                                                       ; gnd    ;              ;         ; --         ;                 ; --       ; --           ;
; M15      ;            ;          ; VCCINT                                                    ; power  ;              ; 1.2V    ; --         ;                 ; --       ; --           ;
; M16      ;            ;          ; GND                                                       ; gnd    ;              ;         ; --         ;                 ; --       ; --           ;
; M17      ;            ;          ; VCCINT                                                    ; power  ;              ; 1.2V    ; --         ;                 ; --       ; --           ;
; M18      ;            ;          ; GND                                                       ; gnd    ;              ;         ; --         ;                 ; --       ; --           ;
; M19      ;            ;          ; VCCINT                                                    ; power  ;              ; 1.2V    ; --         ;                 ; --       ; --           ;
; M20      ;            ;          ; GND                                                       ; gnd    ;              ;         ; --         ;                 ; --       ; --           ;
; M21      ; 368        ; 6        ; KEY[1]                                                    ; input  ; 3.3-V LVTTL  ;         ; Row I/O    ; Y               ; no       ; Off          ;
; M22      ; 342        ; 6        ; ^MSEL2                                                    ;        ;              ;         ; --         ;                 ; --       ; --           ;
; M23      ; 344        ; 6        ; KEY[0]                                                    ; input  ; 3.3-V LVTTL  ;         ; Row I/O    ; Y               ; no       ; Off          ;
; M24      ; 347        ; 6        ; HEX1[0]                                                   ; output ; 3.3-V LVTTL  ;         ; Row I/O    ; Y               ; no       ; Off          ;
; M25      ; 356        ; 6        ; RESERVED_INPUT_WITH_WEAK_PULLUP                           ;        ;              ;         ; Row I/O    ;                 ; no       ; On           ;
; M26      ; 355        ; 6        ; RESERVED_INPUT_WITH_WEAK_PULLUP                           ;        ;              ;         ; Row I/O    ;                 ; no       ; On           ;
; M27      ; 354        ; 6        ; RESERVED_INPUT_WITH_WEAK_PULLUP                           ;        ;              ;         ; Row I/O    ;                 ; no       ; On           ;
; M28      ; 353        ; 6        ; RESERVED_INPUT_WITH_WEAK_PULLUP                           ;        ;              ;         ; Row I/O    ;                 ; no       ; On           ;
; N1       ;            ; 1        ; VCCIO1                                                    ; power  ;              ; 3.3V    ; --         ;                 ; --       ; --           ;
; N2       ;            ;          ; GND                                                       ; gnd    ;              ;         ; --         ;                 ; --       ; --           ;
; N3       ; 45         ; 1        ; DRAM_DQ[19]                                               ; bidir  ; 3.3-V LVTTL  ;         ; Row I/O    ; Y               ; no       ; Off          ;
; N4       ; 44         ; 1        ; DRAM_DQ[20]                                               ; bidir  ; 3.3-V LVTTL  ;         ; Row I/O    ; Y               ; no       ; Off          ;
; N5       ;            ; 1        ; VCCIO1                                                    ; power  ;              ; 3.3V    ; --         ;                 ; --       ; --           ;
; N6       ;            ;          ; GND                                                       ; gnd    ;              ;         ; --         ;                 ; --       ; --           ;
; N7       ; 56         ; 1        ; ~ALTERA_DATA0~ / RESERVED_INPUT_WITH_WEAK_PULLUP          ; input  ; 3.3-V LVTTL  ;         ; Row I/O    ; N               ; no       ; On           ;
; N8       ; 54         ; 1        ; DRAM_DQM[3]                                               ; output ; 3.3-V LVTTL  ;         ; Row I/O    ; Y               ; no       ; Off          ;
; N9       ;            ;          ; GND                                                       ; gnd    ;              ;         ; --         ;                 ; --       ; --           ;
; N10      ;            ;          ; VCCINT                                                    ; power  ;              ; 1.2V    ; --         ;                 ; --       ; --           ;
; N11      ;            ;          ; GND                                                       ; gnd    ;              ;         ; --         ;                 ; --       ; --           ;
; N12      ;            ;          ; VCCINT                                                    ; power  ;              ; 1.2V    ; --         ;                 ; --       ; --           ;
; N13      ;            ;          ; GND                                                       ; gnd    ;              ;         ; --         ;                 ; --       ; --           ;
; N14      ;            ;          ; VCCINT                                                    ; power  ;              ; 1.2V    ; --         ;                 ; --       ; --           ;
; N15      ;            ;          ; GND                                                       ; gnd    ;              ;         ; --         ;                 ; --       ; --           ;
; N16      ;            ;          ; VCCINT                                                    ; power  ;              ; 1.2V    ; --         ;                 ; --       ; --           ;
; N17      ;            ;          ; GND                                                       ; gnd    ;              ;         ; --         ;                 ; --       ; --           ;
; N18      ;            ;          ; VCCINT                                                    ; power  ;              ; 1.2V    ; --         ;                 ; --       ; --           ;
; N19      ;            ;          ; GND                                                       ; gnd    ;              ;         ; --         ;                 ; --       ; --           ;
; N20      ;            ;          ; VCCINT                                                    ; power  ;              ; 1.2V    ; --         ;                 ; --       ; --           ;
; N21      ; 348        ; 6        ; KEY[2]                                                    ; input  ; 3.3-V LVTTL  ;         ; Row I/O    ; Y               ; no       ; Off          ;
; N22      ; 340        ; 6        ; ^MSEL0                                                    ;        ;              ;         ; --         ;                 ; --       ; --           ;
; N23      ;            ;          ; GND                                                       ; gnd    ;              ;         ; --         ;                 ; --       ; --           ;
; N24      ;            ; 6        ; VCCIO6                                                    ; power  ;              ; 3.3V    ; --         ;                 ; --       ; --           ;
; N25      ; 352        ; 6        ; RESERVED_INPUT_WITH_WEAK_PULLUP                           ;        ;              ;         ; Row I/O    ;                 ; no       ; On           ;
; N26      ; 351        ; 6        ; RESERVED_INPUT_WITH_WEAK_PULLUP                           ;        ;              ;         ; Row I/O    ;                 ; no       ; On           ;
; N27      ;            ;          ; GND                                                       ; gnd    ;              ;         ; --         ;                 ; --       ; --           ;
; N28      ;            ; 6        ; VCCIO6                                                    ; power  ;              ; 3.3V    ; --         ;                 ; --       ; --           ;
; P1       ; 53         ; 1        ; DRAM_ADDR[3]                                              ; output ; 3.3-V LVTTL  ;         ; Row I/O    ; Y               ; no       ; Off          ;
; P2       ; 52         ; 1        ; DRAM_DQ[18]                                               ; bidir  ; 3.3-V LVTTL  ;         ; Row I/O    ; Y               ; no       ; Off          ;
; P3       ; 55         ; 1        ; ~ALTERA_DCLK~                                             ; output ; 3.3-V LVTTL  ;         ; Row I/O    ; N               ; no       ; On           ;
; P4       ; 57         ; 1        ; ^nCONFIG                                                  ;        ;              ;         ; --         ;                 ; --       ; --           ;
; P5       ; 59         ; 1        ; altera_reserved_tck                                       ; input  ; 3.3-V LVTTL  ;         ; --         ; N               ; no       ; Off          ;
; P6       ; 61         ; 1        ; altera_reserved_tdo                                       ; output ; 3.3-V LVTTL  ;         ; --         ; N               ; no       ; Off          ;
; P7       ; 58         ; 1        ; altera_reserved_tdi                                       ; input  ; 3.3-V LVTTL  ;         ; --         ; N               ; no       ; Off          ;
; P8       ; 60         ; 1        ; altera_reserved_tms                                       ; input  ; 3.3-V LVTTL  ;         ; --         ; N               ; no       ; Off          ;
; P9       ;            ;          ; VCCINT                                                    ; power  ;              ; 1.2V    ; --         ;                 ; --       ; --           ;
; P10      ;            ;          ; GND                                                       ; gnd    ;              ;         ; --         ;                 ; --       ; --           ;
; P11      ;            ;          ; VCCINT                                                    ; power  ;              ; 1.2V    ; --         ;                 ; --       ; --           ;
; P12      ;            ;          ; GND                                                       ; gnd    ;              ;         ; --         ;                 ; --       ; --           ;
; P13      ;            ;          ; VCCINT                                                    ; power  ;              ; 1.2V    ; --         ;                 ; --       ; --           ;
; P14      ;            ;          ; GND                                                       ; gnd    ;              ;         ; --         ;                 ; --       ; --           ;
; P15      ;            ;          ; VCCINT                                                    ; power  ;              ; 1.2V    ; --         ;                 ; --       ; --           ;
; P16      ;            ;          ; GND                                                       ; gnd    ;              ;         ; --         ;                 ; --       ; --           ;
; P17      ;            ;          ; VCCINT                                                    ; power  ;              ; 1.2V    ; --         ;                 ; --       ; --           ;
; P18      ;            ;          ; GND                                                       ; gnd    ;              ;         ; --         ;                 ; --       ; --           ;
; P19      ;            ;          ; VCCINT                                                    ; power  ;              ; 1.2V    ; --         ;                 ; --       ; --           ;
; P20      ;            ;          ; GND                                                       ; gnd    ;              ;         ; --         ;                 ; --       ; --           ;
; P21      ; 334        ; 5        ; RESERVED_INPUT_WITH_WEAK_PULLUP                           ;        ;              ;         ; Row I/O    ;                 ; no       ; On           ;
; P22      ; 343        ; 6        ; ^MSEL3                                                    ;        ;              ;         ; --         ;                 ; --       ; --           ;
; P23      ; 341        ; 6        ; ^MSEL1                                                    ;        ;              ;         ; --         ;                 ; --       ; --           ;
; P24      ; 339        ; 6        ; ^CONF_DONE                                                ;        ;              ;         ; --         ;                 ; --       ; --           ;
; P25      ; 346        ; 6        ; RESERVED_INPUT_WITH_WEAK_PULLUP                           ;        ;              ;         ; Row I/O    ;                 ; no       ; On           ;
; P26      ; 345        ; 6        ; RESERVED_INPUT_WITH_WEAK_PULLUP                           ;        ;              ;         ; Row I/O    ;                 ; no       ; On           ;
; P27      ; 350        ; 6        ; RESERVED_INPUT_WITH_WEAK_PULLUP                           ;        ;              ;         ; Row I/O    ;                 ; no       ; On           ;
; P28      ; 349        ; 6        ; ~ALTERA_nCEO~ / RESERVED_OUTPUT_OPEN_DRAIN                ; output ; 3.3-V LVTTL  ;         ; Row I/O    ; N               ; no       ; Off          ;
; R1       ; 68         ; 2        ; DRAM_DQ[26]                                               ; bidir  ; 3.3-V LVTTL  ;         ; Row I/O    ; Y               ; no       ; Off          ;
; R2       ; 67         ; 2        ; DRAM_DQ[27]                                               ; bidir  ; 3.3-V LVTTL  ;         ; Row I/O    ; Y               ; no       ; Off          ;
; R3       ; 73         ; 2        ; DRAM_DQ[28]                                               ; bidir  ; 3.3-V LVTTL  ;         ; Row I/O    ; Y               ; no       ; Off          ;
; R4       ; 74         ; 2        ; DRAM_BA[1]                                                ; output ; 3.3-V LVTTL  ;         ; Row I/O    ; Y               ; no       ; Off          ;
; R5       ; 77         ; 2        ; DRAM_ADDR[10]                                             ; output ; 3.3-V LVTTL  ;         ; Row I/O    ; Y               ; no       ; Off          ;
; R6       ; 70         ; 2        ; DRAM_ADDR[0]                                              ; output ; 3.3-V LVTTL  ;         ; Row I/O    ; Y               ; no       ; Off          ;
; R7       ; 69         ; 2        ; DRAM_DQ[25]                                               ; bidir  ; 3.3-V LVTTL  ;         ; Row I/O    ; Y               ; no       ; Off          ;
; R8       ; 62         ; 1        ; ^nCE                                                      ;        ;              ;         ; --         ;                 ; --       ; --           ;
; R9       ;            ;          ; GND                                                       ; gnd    ;              ;         ; --         ;                 ; --       ; --           ;
; R10      ;            ;          ; VCCINT                                                    ; power  ;              ; 1.2V    ; --         ;                 ; --       ; --           ;
; R11      ;            ;          ; GND                                                       ; gnd    ;              ;         ; --         ;                 ; --       ; --           ;
; R12      ;            ;          ; VCCINT                                                    ; power  ;              ; 1.2V    ; --         ;                 ; --       ; --           ;
; R13      ;            ;          ; GND                                                       ; gnd    ;              ;         ; --         ;                 ; --       ; --           ;
; R14      ;            ;          ; VCCINT                                                    ; power  ;              ; 1.2V    ; --         ;                 ; --       ; --           ;
; R15      ;            ;          ; GND                                                       ; gnd    ;              ;         ; --         ;                 ; --       ; --           ;
; R16      ;            ;          ; VCCINT                                                    ; power  ;              ; 1.2V    ; --         ;                 ; --       ; --           ;
; R17      ;            ;          ; GND                                                       ; gnd    ;              ;         ; --         ;                 ; --       ; --           ;
; R18      ;            ;          ; VCCINT                                                    ; power  ;              ; 1.2V    ; --         ;                 ; --       ; --           ;
; R19      ;            ;          ; GND                                                       ; gnd    ;              ;         ; --         ;                 ; --       ; --           ;
; R20      ;            ;          ; VCCINT                                                    ; power  ;              ; 1.2V    ; --         ;                 ; --       ; --           ;
; R21      ; 333        ; 5        ; RESERVED_INPUT_WITH_WEAK_PULLUP                           ;        ;              ;         ; Row I/O    ;                 ; no       ; On           ;
; R22      ; 332        ; 5        ; RESERVED_INPUT_WITH_WEAK_PULLUP                           ;        ;              ;         ; Row I/O    ;                 ; no       ; On           ;
; R23      ; 331        ; 5        ; RESERVED_INPUT_WITH_WEAK_PULLUP                           ;        ;              ;         ; Row I/O    ;                 ; no       ; On           ;
; R24      ; 330        ; 5        ; KEY[3]                                                    ; input  ; 3.3-V LVTTL  ;         ; Row I/O    ; Y               ; no       ; Off          ;
; R25      ; 327        ; 5        ; RESERVED_INPUT_WITH_WEAK_PULLUP                           ;        ;              ;         ; Row I/O    ;                 ; no       ; On           ;
; R26      ; 326        ; 5        ; RESERVED_INPUT_WITH_WEAK_PULLUP                           ;        ;              ;         ; Row I/O    ;                 ; no       ; On           ;
; R27      ; 329        ; 5        ; RESERVED_INPUT_WITH_WEAK_PULLUP                           ;        ;              ;         ; Row I/O    ;                 ; no       ; On           ;
; R28      ; 328        ; 5        ; RESERVED_INPUT_WITH_WEAK_PULLUP                           ;        ;              ;         ; Row I/O    ;                 ; no       ; On           ;
; T1       ;            ; 2        ; VCCIO2                                                    ; power  ;              ; 3.3V    ; --         ;                 ; --       ; --           ;
; T2       ;            ;          ; GND                                                       ; gnd    ;              ;         ; --         ;                 ; --       ; --           ;
; T3       ; 76         ; 2        ; DRAM_DQ[29]                                               ; bidir  ; 3.3-V LVTTL  ;         ; Row I/O    ; Y               ; no       ; Off          ;
; T4       ; 75         ; 2        ; DRAM_CS_N                                                 ; output ; 3.3-V LVTTL  ;         ; Row I/O    ; Y               ; no       ; Off          ;
; T5       ;            ; 2        ; VCCIO2                                                    ; power  ;              ; 3.3V    ; --         ;                 ; --       ; --           ;
; T6       ;            ;          ; GND                                                       ; gnd    ;              ;         ; --         ;                 ; --       ; --           ;
; T7       ; 78         ; 2        ; RESERVED_INPUT_WITH_WEAK_PULLUP                           ;        ;              ;         ; Row I/O    ;                 ; --       ; --           ;
; T8       ; 100        ; 2        ; RESERVED_INPUT_WITH_WEAK_PULLUP                           ;        ;              ;         ; Row I/O    ;                 ; --       ; --           ;
; T9       ;            ;          ; VCCINT                                                    ; power  ;              ; 1.2V    ; --         ;                 ; --       ; --           ;
; T10      ;            ;          ; GND                                                       ; gnd    ;              ;         ; --         ;                 ; --       ; --           ;
; T11      ;            ;          ; VCCINT                                                    ; power  ;              ; 1.2V    ; --         ;                 ; --       ; --           ;
; T12      ;            ;          ; GND                                                       ; gnd    ;              ;         ; --         ;                 ; --       ; --           ;
; T13      ;            ;          ; VCCINT                                                    ; power  ;              ; 1.2V    ; --         ;                 ; --       ; --           ;
; T14      ;            ;          ; GND                                                       ; gnd    ;              ;         ; --         ;                 ; --       ; --           ;
; T15      ;            ;          ; VCCINT                                                    ; power  ;              ; 1.2V    ; --         ;                 ; --       ; --           ;
; T16      ;            ;          ; GND                                                       ; gnd    ;              ;         ; --         ;                 ; --       ; --           ;
; T17      ;            ;          ; VCCINT                                                    ; power  ;              ; 1.2V    ; --         ;                 ; --       ; --           ;
; T18      ;            ;          ; GND                                                       ; gnd    ;              ;         ; --         ;                 ; --       ; --           ;
; T19      ;            ;          ; VCCINT                                                    ; power  ;              ; 1.2V    ; --         ;                 ; --       ; --           ;
; T20      ;            ;          ; GND                                                       ; gnd    ;              ;         ; --         ;                 ; --       ; --           ;
; T21      ; 325        ; 5        ; RESERVED_INPUT_WITH_WEAK_PULLUP                           ;        ;              ;         ; Row I/O    ;                 ; no       ; On           ;
; T22      ; 324        ; 5        ; RESERVED_INPUT_WITH_WEAK_PULLUP                           ;        ;              ;         ; Row I/O    ;                 ; no       ; On           ;
; T23      ;            ;          ; GND                                                       ; gnd    ;              ;         ; --         ;                 ; --       ; --           ;
; T24      ;            ; 5        ; VCCIO5                                                    ; power  ;              ; 3.3V    ; --         ;                 ; --       ; --           ;
; T25      ; 323        ; 5        ; RESERVED_INPUT_WITH_WEAK_PULLUP                           ;        ;              ;         ; Row I/O    ;                 ; no       ; On           ;
; T26      ; 322        ; 5        ; RESERVED_INPUT_WITH_WEAK_PULLUP                           ;        ;              ;         ; Row I/O    ;                 ; no       ; On           ;
; T27      ;            ;          ; GND                                                       ; gnd    ;              ;         ; --         ;                 ; --       ; --           ;
; T28      ;            ; 5        ; VCCIO5                                                    ; power  ;              ; 3.3V    ; --         ;                 ; --       ; --           ;
; U1       ; 80         ; 2        ; DRAM_DQ[31]                                               ; bidir  ; 3.3-V LVTTL  ;         ; Row I/O    ; Y               ; no       ; Off          ;
; U2       ; 79         ; 2        ; DRAM_DQM[0]                                               ; output ; 3.3-V LVTTL  ;         ; Row I/O    ; Y               ; no       ; Off          ;
; U3       ; 71         ; 2        ; DRAM_DQ[7]                                                ; bidir  ; 3.3-V LVTTL  ;         ; Row I/O    ; Y               ; no       ; Off          ;
; U4       ; 72         ; 2        ; DRAM_DQ[30]                                               ; bidir  ; 3.3-V LVTTL  ;         ; Row I/O    ; Y               ; no       ; Off          ;
; U5       ; 90         ; 2        ; DRAM_DQ[24]                                               ; bidir  ; 3.3-V LVTTL  ;         ; Row I/O    ; Y               ; no       ; Off          ;
; U6       ; 89         ; 2        ; DRAM_RAS_N                                                ; output ; 3.3-V LVTTL  ;         ; Row I/O    ; Y               ; no       ; Off          ;
; U7       ; 103        ; 2        ; DRAM_BA[0]                                                ; output ; 3.3-V LVTTL  ;         ; Row I/O    ; Y               ; no       ; Off          ;
; U8       ; 104        ; 2        ; DRAM_ADDR[2]                                              ; output ; 3.3-V LVTTL  ;         ; Row I/O    ; Y               ; no       ; Off          ;
; U9       ;            ;          ; GND                                                       ; gnd    ;              ;         ; --         ;                 ; --       ; --           ;
; U10      ;            ;          ; VCCINT                                                    ; power  ;              ; 1.2V    ; --         ;                 ; --       ; --           ;
; U11      ;            ;          ; GND                                                       ; gnd    ;              ;         ; --         ;                 ; --       ; --           ;
; U12      ;            ;          ; VCCINT                                                    ; power  ;              ; 1.2V    ; --         ;                 ; --       ; --           ;
; U13      ;            ;          ; GND                                                       ; gnd    ;              ;         ; --         ;                 ; --       ; --           ;
; U14      ;            ;          ; VCCINT                                                    ; power  ;              ; 1.2V    ; --         ;                 ; --       ; --           ;
; U15      ;            ;          ; GND                                                       ; gnd    ;              ;         ; --         ;                 ; --       ; --           ;
; U16      ;            ;          ; VCCINT                                                    ; power  ;              ; 1.2V    ; --         ;                 ; --       ; --           ;
; U17      ;            ;          ; GND                                                       ; gnd    ;              ;         ; --         ;                 ; --       ; --           ;
; U18      ;            ;          ; VCCINT                                                    ; power  ;              ; 1.2V    ; --         ;                 ; --       ; --           ;
; U19      ;            ;          ; GND                                                       ; gnd    ;              ;         ; --         ;                 ; --       ; --           ;
; U20      ;            ;          ; VCCINT                                                    ; power  ;              ; 1.2V    ; --         ;                 ; --       ; --           ;
; U21      ; 319        ; 5        ; HEX3[1]                                                   ; output ; 3.3-V LVTTL  ;         ; Row I/O    ; Y               ; no       ; Off          ;
; U22      ; 313        ; 5        ; RESERVED_INPUT_WITH_WEAK_PULLUP                           ;        ;              ;         ; Row I/O    ;                 ; no       ; On           ;
; U23      ; 305        ; 5        ; HEX1[5]                                                   ; output ; 3.3-V LVTTL  ;         ; Row I/O    ; Y               ; no       ; Off          ;
; U24      ; 316        ; 5        ; HEX1[6]                                                   ; output ; 3.3-V LVTTL  ;         ; Row I/O    ; Y               ; no       ; Off          ;
; U25      ; 315        ; 5        ; RESERVED_INPUT_WITH_WEAK_PULLUP                           ;        ;              ;         ; Row I/O    ;                 ; no       ; On           ;
; U26      ; 314        ; 5        ; RESERVED_INPUT_WITH_WEAK_PULLUP                           ;        ;              ;         ; Row I/O    ;                 ; no       ; On           ;
; U27      ; 318        ; 5        ; RESERVED_INPUT_WITH_WEAK_PULLUP                           ;        ;              ;         ; Row I/O    ;                 ; no       ; On           ;
; U28      ; 317        ; 5        ; RESERVED_INPUT_WITH_WEAK_PULLUP                           ;        ;              ;         ; Row I/O    ;                 ; no       ; On           ;
; V1       ; 84         ; 2        ; DRAM_DQ[6]                                                ; bidir  ; 3.3-V LVTTL  ;         ; Row I/O    ; Y               ; no       ; Off          ;
; V2       ; 83         ; 2        ; DRAM_DQ[5]                                                ; bidir  ; 3.3-V LVTTL  ;         ; Row I/O    ; Y               ; no       ; Off          ;
; V3       ; 82         ; 2        ; DRAM_DQ[4]                                                ; bidir  ; 3.3-V LVTTL  ;         ; Row I/O    ; Y               ; no       ; Off          ;
; V4       ; 81         ; 2        ; DRAM_DQ[2]                                                ; bidir  ; 3.3-V LVTTL  ;         ; Row I/O    ; Y               ; no       ; Off          ;
; V5       ; 108        ; 2        ; DRAM_ADDR[4]                                              ; output ; 3.3-V LVTTL  ;         ; Row I/O    ; Y               ; no       ; Off          ;
; V6       ; 107        ; 2        ; DRAM_WE_N                                                 ; output ; 3.3-V LVTTL  ;         ; Row I/O    ; Y               ; no       ; Off          ;
; V7       ; 110        ; 2        ; DRAM_CAS_N                                                ; output ; 3.3-V LVTTL  ;         ; Row I/O    ; Y               ; no       ; Off          ;
; V8       ; 109        ; 2        ; DRAM_ADDR[1]                                              ; output ; 3.3-V LVTTL  ;         ; Row I/O    ; Y               ; no       ; Off          ;
; V9       ;            ;          ; VCCINT                                                    ; power  ;              ; 1.2V    ; --         ;                 ; --       ; --           ;
; V10      ;            ;          ; GND                                                       ; gnd    ;              ;         ; --         ;                 ; --       ; --           ;
; V11      ;            ;          ; VCCINT                                                    ; power  ;              ; 1.2V    ; --         ;                 ; --       ; --           ;
; V12      ;            ;          ; GND                                                       ; gnd    ;              ;         ; --         ;                 ; --       ; --           ;
; V13      ;            ;          ; VCCINT                                                    ; power  ;              ; 1.2V    ; --         ;                 ; --       ; --           ;
; V14      ;            ;          ; GND                                                       ; gnd    ;              ;         ; --         ;                 ; --       ; --           ;
; V15      ;            ;          ; VCCINT                                                    ; power  ;              ; 1.2V    ; --         ;                 ; --       ; --           ;
; V16      ;            ;          ; GND                                                       ; gnd    ;              ;         ; --         ;                 ; --       ; --           ;
; V17      ;            ;          ; VCCINT                                                    ; power  ;              ; 1.2V    ; --         ;                 ; --       ; --           ;
; V18      ;            ;          ; GND                                                       ; gnd    ;              ;         ; --         ;                 ; --       ; --           ;
; V19      ;            ;          ; VCCINT                                                    ; power  ;              ; 1.2V    ; --         ;                 ; --       ; --           ;
; V20      ;            ;          ; GND                                                       ; gnd    ;              ;         ; --         ;                 ; --       ; --           ;
; V21      ; 311        ; 5        ; HEX3[0]                                                   ; output ; 3.3-V LVTTL  ;         ; Row I/O    ; Y               ; no       ; Off          ;
; V22      ; 312        ; 5        ; RESERVED_INPUT_WITH_WEAK_PULLUP                           ;        ;              ;         ; Row I/O    ;                 ; no       ; On           ;
; V23      ; 309        ; 5        ; RESERVED_INPUT_WITH_WEAK_PULLUP                           ;        ;              ;         ; Row I/O    ;                 ; no       ; On           ;
; V24      ; 308        ; 5        ; RESERVED_INPUT_WITH_WEAK_PULLUP                           ;        ;              ;         ; Row I/O    ;                 ; no       ; On           ;
; V25      ; 307        ; 5        ; RESERVED_INPUT_WITH_WEAK_PULLUP                           ;        ;              ;         ; Row I/O    ;                 ; no       ; On           ;
; V26      ; 306        ; 5        ; RESERVED_INPUT_WITH_WEAK_PULLUP                           ;        ;              ;         ; Row I/O    ;                 ; no       ; On           ;
; V27      ; 304        ; 5        ; RESERVED_INPUT_WITH_WEAK_PULLUP                           ;        ;              ;         ; Row I/O    ;                 ; no       ; On           ;
; V28      ; 303        ; 5        ; EX_IO[6]                                                  ; output ; 3.3-V LVTTL  ;         ; Row I/O    ; N               ; no       ; Off          ;
; W1       ; 88         ; 2        ; DRAM_DQ[3]                                                ; bidir  ; 3.3-V LVTTL  ;         ; Row I/O    ; Y               ; no       ; Off          ;
; W2       ; 87         ; 2        ; DRAM_DQ[1]                                                ; bidir  ; 3.3-V LVTTL  ;         ; Row I/O    ; Y               ; no       ; Off          ;
; W3       ; 112        ; 2        ; DRAM_DQ[0]                                                ; bidir  ; 3.3-V LVTTL  ;         ; Row I/O    ; Y               ; no       ; Off          ;
; W4       ; 111        ; 2        ; DRAM_DQM[1]                                               ; output ; 3.3-V LVTTL  ;         ; Row I/O    ; Y               ; no       ; Off          ;
; W5       ;            ; 2        ; VCCIO2                                                    ; power  ;              ; 3.3V    ; --         ;                 ; --       ; --           ;
; W6       ;            ;          ; GND                                                       ; gnd    ;              ;         ; --         ;                 ; --       ; --           ;
; W7       ; 115        ; 2        ; DRAM_ADDR[6]                                              ; output ; 3.3-V LVTTL  ;         ; Row I/O    ; Y               ; no       ; Off          ;
; W8       ; 116        ; 2        ; DRAM_ADDR[5]                                              ; output ; 3.3-V LVTTL  ;         ; Row I/O    ; Y               ; no       ; Off          ;
; W9       ;            ;          ; GND                                                       ; gnd    ;              ;         ; --         ;                 ; --       ; --           ;
; W10      ;            ;          ; VCCINT                                                    ; power  ;              ; 1.2V    ; --         ;                 ; --       ; --           ;
; W11      ;            ;          ; GND                                                       ; gnd    ;              ;         ; --         ;                 ; --       ; --           ;
; W12      ;            ;          ; VCCINT                                                    ; power  ;              ; 1.2V    ; --         ;                 ; --       ; --           ;
; W13      ;            ;          ; GND                                                       ; gnd    ;              ;         ; --         ;                 ; --       ; --           ;
; W14      ;            ;          ; VCCINT                                                    ; power  ;              ; 1.2V    ; --         ;                 ; --       ; --           ;
; W15      ;            ;          ; GND                                                       ; gnd    ;              ;         ; --         ;                 ; --       ; --           ;
; W16      ;            ;          ; VCCINT                                                    ; power  ;              ; 1.2V    ; --         ;                 ; --       ; --           ;
; W17      ;            ;          ; GND                                                       ; gnd    ;              ;         ; --         ;                 ; --       ; --           ;
; W18      ;            ;          ; VCCINT                                                    ; power  ;              ; 1.2V    ; --         ;                 ; --       ; --           ;
; W19      ;            ;          ; GND                                                       ; gnd    ;              ;         ; --         ;                 ; --       ; --           ;
; W20      ;            ;          ; VCCINT                                                    ; power  ;              ; 1.2V    ; --         ;                 ; --       ; --           ;
; W21      ; 310        ; 5        ; HEX1[2]                                                   ; output ; 3.3-V LVTTL  ;         ; Row I/O    ; Y               ; no       ; Off          ;
; W22      ; 321        ; 5        ; HEX1[3]                                                   ; output ; 3.3-V LVTTL  ;         ; Row I/O    ; Y               ; no       ; Off          ;
; W23      ;            ;          ; GND                                                       ; gnd    ;              ;         ; --         ;                 ; --       ; --           ;
; W24      ;            ; 5        ; VCCIO5                                                    ; power  ;              ; 3.3V    ; --         ;                 ; --       ; --           ;
; W25      ; 300        ; 5        ; HEX1[4]                                                   ; output ; 3.3-V LVTTL  ;         ; Row I/O    ; Y               ; no       ; Off          ;
; W26      ; 299        ; 5        ; HEX2[3]                                                   ; output ; 3.3-V LVTTL  ;         ; Row I/O    ; Y               ; no       ; Off          ;
; W27      ; 301        ; 5        ; HEX2[5]                                                   ; output ; 3.3-V LVTTL  ;         ; Row I/O    ; Y               ; no       ; Off          ;
; W28      ; 302        ; 5        ; HEX2[6]                                                   ; output ; 3.3-V LVTTL  ;         ; Row I/O    ; Y               ; no       ; Off          ;
; Y1       ; 66         ; 2        ; GND+                                                      ;        ;              ;         ; Row I/O    ;                 ; --       ; --           ;
; Y2       ; 65         ; 2        ; CLOCK_50                                                  ; input  ; 3.3-V LVTTL  ;         ; Row I/O    ; Y               ; no       ; Off          ;
; Y3       ; 92         ; 2        ; DRAM_DQ[8]                                                ; bidir  ; 3.3-V LVTTL  ;         ; Row I/O    ; Y               ; no       ; Off          ;
; Y4       ; 91         ; 2        ; DRAM_DQ[9]                                                ; bidir  ; 3.3-V LVTTL  ;         ; Row I/O    ; Y               ; no       ; Off          ;
; Y5       ; 114        ; 2        ; DRAM_ADDR[8]                                              ; output ; 3.3-V LVTTL  ;         ; Row I/O    ; Y               ; no       ; Off          ;
; Y6       ; 113        ; 2        ; DRAM_ADDR[9]                                              ; output ; 3.3-V LVTTL  ;         ; Row I/O    ; Y               ; no       ; Off          ;
; Y7       ; 117        ; 2        ; DRAM_ADDR[12]                                             ; output ; 3.3-V LVTTL  ;         ; Row I/O    ; Y               ; no       ; Off          ;
; Y8       ;            ; --       ; VCCA1                                                     ; power  ;              ; 2.5V    ; --         ;                 ; --       ; --           ;
; Y9       ;            ;          ; VCCD_PLL1                                                 ; power  ;              ; 1.2V    ; --         ;                 ; --       ; --           ;
; Y10      ; 140        ; 3        ; RESERVED_INPUT_WITH_WEAK_PULLUP                           ;        ;              ;         ; Column I/O ;                 ; --       ; --           ;
; Y11      ;            ;          ; GND                                                       ; gnd    ;              ;         ; --         ;                 ; --       ; --           ;
; Y12      ; 187        ; 3        ; EX_IO[2]                                                  ; output ; 3.3-V LVTTL  ;         ; Column I/O ; N               ; no       ; Off          ;
; Y13      ; 189        ; 3        ; RESERVED_INPUT_WITH_WEAK_PULLUP                           ;        ;              ;         ; Column I/O ;                 ; no       ; On           ;
; Y14      ; 197        ; 3        ; RESERVED_INPUT_WITH_WEAK_PULLUP                           ;        ;              ;         ; Column I/O ;                 ; no       ; On           ;
; Y15      ; 198        ; 3        ; RESERVED_INPUT_WITH_WEAK_PULLUP                           ;        ;              ;         ; Column I/O ;                 ; no       ; On           ;
; Y16      ; 250        ; 4        ; cmos_db[5]                                                ; input  ; 3.3-V LVTTL  ;         ; Column I/O ; Y               ; no       ; Off          ;
; Y17      ; 249        ; 4        ; cmos_db[3]                                                ; input  ; 3.3-V LVTTL  ;         ; Column I/O ; Y               ; no       ; Off          ;
; Y18      ;            ;          ; GND                                                       ; gnd    ;              ;         ; --         ;                 ; --       ; --           ;
; Y19      ; 263        ; 4        ; HEX3[6]                                                   ; output ; 3.3-V LVTTL  ;         ; Column I/O ; Y               ; no       ; Off          ;
; Y20      ;            ;          ; VCCD_PLL4                                                 ; power  ;              ; 1.2V    ; --         ;                 ; --       ; --           ;
; Y21      ;            ; --       ; VCCA4                                                     ; power  ;              ; 2.5V    ; --         ;                 ; --       ; --           ;
; Y22      ; 320        ; 5        ; HEX1[1]                                                   ; output ; 3.3-V LVTTL  ;         ; Row I/O    ; Y               ; no       ; Off          ;
; Y23      ; 288        ; 5        ; SW[17]                                                    ; input  ; 3.3-V LVTTL  ;         ; Row I/O    ; Y               ; no       ; Off          ;
; Y24      ; 287        ; 5        ; SW[16]                                                    ; input  ; 3.3-V LVTTL  ;         ; Row I/O    ; Y               ; no       ; Off          ;
; Y25      ; 298        ; 5        ; HEX2[2]                                                   ; output ; 3.3-V LVTTL  ;         ; Row I/O    ; Y               ; no       ; Off          ;
; Y26      ; 297        ; 5        ; HEX2[4]                                                   ; output ; 3.3-V LVTTL  ;         ; Row I/O    ; Y               ; no       ; Off          ;
; Y27      ; 336        ; 5        ; GND+                                                      ;        ;              ;         ; Row I/O    ;                 ; --       ; --           ;
; Y28      ; 335        ; 5        ; GND+                                                      ;        ;              ;         ; Row I/O    ;                 ; --       ; --           ;
+----------+------------+----------+-----------------------------------------------------------+--------+--------------+---------+------------+-----------------+----------+--------------+
Note: Pin directions (input, output or bidir) are based on device operating in user mode.


+----------------------------------------------------------------------------------------------------------------------------------------------------------------------------------------------------------------------------------------------------------------------------+
; PLL Summary                                                                                                                                                                                                                                                                ;
+-------------------------------+---------------------------------------------------------------------------------+---------------------------------------------------------------------------+------------------------------------------------------------------------------+
; Name                          ; VIDEO_PLL:pll_ref1|altpll:altpll_component|VIDEO_PLL_altpll:auto_generated|pll1 ; sdram_pll:u6|altpll:altpll_component|sdram_pll_altpll:auto_generated|pll1 ; pll_test:pll_ref|altpll:altpll_component|pll_test_altpll:auto_generated|pll1 ;
+-------------------------------+---------------------------------------------------------------------------------+---------------------------------------------------------------------------+------------------------------------------------------------------------------+
; SDC pin name                  ; pll_ref1|altpll_component|auto_generated|pll1                                   ; u6|altpll_component|auto_generated|pll1                                   ; pll_ref|altpll_component|auto_generated|pll1                                 ;
; PLL mode                      ; Normal                                                                          ; Normal                                                                    ; Normal                                                                       ;
; Compensate clock              ; clock0                                                                          ; clock0                                                                    ; clock0                                                                       ;
; Compensated input/output pins ; --                                                                              ; --                                                                        ; --                                                                           ;
; Switchover type               ; --                                                                              ; --                                                                        ; --                                                                           ;
; Input frequency 0             ; 50.0 MHz                                                                        ; 50.0 MHz                                                                  ; 50.0 MHz                                                                     ;
; Input frequency 1             ; --                                                                              ; --                                                                        ; --                                                                           ;
; Nominal PFD frequency         ; 50.0 MHz                                                                        ; 50.0 MHz                                                                  ; 50.0 MHz                                                                     ;
; Nominal VCO frequency         ; 600.0 MHz                                                                       ; 600.0 MHz                                                                 ; 600.0 MHz                                                                    ;
; VCO post scale K counter      ; 2                                                                               ; 2                                                                         ; 2                                                                            ;
; VCO frequency control         ; Auto                                                                            ; Auto                                                                      ; Auto                                                                         ;
; VCO phase shift step          ; 208 ps                                                                          ; 208 ps                                                                    ; 208 ps                                                                       ;
; VCO multiply                  ; --                                                                              ; --                                                                        ; --                                                                           ;
; VCO divide                    ; --                                                                              ; --                                                                        ; --                                                                           ;
; Freq min lock                 ; 25.0 MHz                                                                        ; 25.0 MHz                                                                  ; 25.0 MHz                                                                     ;
; Freq max lock                 ; 54.18 MHz                                                                       ; 54.18 MHz                                                                 ; 54.18 MHz                                                                    ;
; M VCO Tap                     ; 0                                                                               ; 4                                                                         ; 0                                                                            ;
; M Initial                     ; 1                                                                               ; 2                                                                         ; 1                                                                            ;
; M value                       ; 12                                                                              ; 12                                                                        ; 12                                                                           ;
; N value                       ; 1                                                                               ; 1                                                                         ; 1                                                                            ;
; Charge pump current           ; setting 1                                                                       ; setting 1                                                                 ; setting 1                                                                    ;
; Loop filter resistance        ; setting 27                                                                      ; setting 27                                                                ; setting 27                                                                   ;
; Loop filter capacitance       ; setting 0                                                                       ; setting 0                                                                 ; setting 0                                                                    ;
; Bandwidth                     ; 680 kHz to 980 kHz                                                              ; 680 kHz to 980 kHz                                                        ; 680 kHz to 980 kHz                                                           ;
; Bandwidth type                ; Medium                                                                          ; Medium                                                                    ; Medium                                                                       ;
; Real time reconfigurable      ; Off                                                                             ; Off                                                                       ; Off                                                                          ;
; Scan chain MIF file           ; --                                                                              ; --                                                                        ; --                                                                           ;
; Preserve PLL counter order    ; Off                                                                             ; Off                                                                       ; Off                                                                          ;
; PLL location                  ; PLL_4                                                                           ; PLL_1                                                                     ; PLL_3                                                                        ;
; Inclk0 signal                 ; CLOCK2_50                                                                       ; CLOCK_50                                                                  ; CLOCK3_50                                                                    ;
; Inclk1 signal                 ; --                                                                              ; --                                                                        ; --                                                                           ;
; Inclk0 signal type            ; Dedicated Pin                                                                   ; Dedicated Pin                                                             ; Global Clock                                                                 ;
; Inclk1 signal type            ; --                                                                              ; --                                                                        ; --                                                                           ;
+-------------------------------+---------------------------------------------------------------------------------+---------------------------------------------------------------------------+------------------------------------------------------------------------------+


+-------------------------------------------------------------------------------------------------------------------------------------------------------------------------------------------------------------------------------------------------------------------------------------------------------------------------------+
; PLL Usage                                                                                                                                                                                                                                                                                                                     ;
+---------------------------------------------------------------------------------------------+--------------+------+-----+------------------+----------------+------------------+------------+---------+---------------+------------+---------------+---------+---------+------------------------------------------------------+
; Name                                                                                        ; Output Clock ; Mult ; Div ; Output Frequency ; Phase Shift    ; Phase Shift Step ; Duty Cycle ; Counter ; Counter Value ; High / Low ; Cascade Input ; Initial ; VCO Tap ; SDC Pin Name                                         ;
+---------------------------------------------------------------------------------------------+--------------+------+-----+------------------+----------------+------------------+------------+---------+---------------+------------+---------------+---------+---------+------------------------------------------------------+
; VIDEO_PLL:pll_ref1|altpll:altpll_component|VIDEO_PLL_altpll:auto_generated|wire_pll1_clk[0] ; clock0       ; 1    ; 2   ; 25.0 MHz         ; 0 (0 ps)       ; 1.88 (208 ps)    ; 50/50      ; C0      ; 24            ; 12/12 Even ; --            ; 1       ; 0       ; pll_ref1|altpll_component|auto_generated|pll1|clk[0] ;
; sdram_pll:u6|altpll:altpll_component|sdram_pll_altpll:auto_generated|wire_pll1_clk[0]       ; clock0       ; 2    ; 1   ; 100.0 MHz        ; 0 (0 ps)       ; 7.50 (208 ps)    ; 50/50      ; C1      ; 6             ; 3/3 Even   ; --            ; 2       ; 4       ; u6|altpll_component|auto_generated|pll1|clk[0]       ;
; sdram_pll:u6|altpll:altpll_component|sdram_pll_altpll:auto_generated|wire_pll1_clk[1]       ; clock1       ; 2    ; 1   ; 100.0 MHz        ; -90 (-2500 ps) ; 7.50 (208 ps)    ; 50/50      ; C0      ; 6             ; 3/3 Even   ; --            ; 1       ; 0       ; u6|altpll_component|auto_generated|pll1|clk[1]       ;
; pll_test:pll_ref|altpll:altpll_component|pll_test_altpll:auto_generated|wire_pll1_clk[0]    ; clock0       ; 12   ; 25  ; 24.0 MHz         ; 0 (0 ps)       ; 1.80 (208 ps)    ; 50/50      ; C0      ; 25            ; 13/12 Odd  ; --            ; 1       ; 0       ; pll_ref|altpll_component|auto_generated|pll1|clk[0]  ;
+---------------------------------------------------------------------------------------------+--------------+------+-----+------------------+----------------+------------------+------------+---------+---------------+------------+---------------+---------+---------+------------------------------------------------------+


+------------------------------------------------------+
; I/O Assignment Warnings                              ;
+---------------+--------------------------------------+
; Pin Name      ; Reason                               ;
+---------------+--------------------------------------+
; LEDG[0]       ; Missing drive strength and slew rate ;
; LEDG[1]       ; Missing drive strength and slew rate ;
; LEDG[2]       ; Missing drive strength and slew rate ;
; LEDG[3]       ; Missing drive strength and slew rate ;
; LEDG[4]       ; Missing drive strength and slew rate ;
; LEDG[5]       ; Missing drive strength and slew rate ;
; LEDG[6]       ; Missing drive strength and slew rate ;
; LEDG[7]       ; Missing drive strength and slew rate ;
; LEDG[8]       ; Missing drive strength and slew rate ;
; LEDR[0]       ; Missing drive strength and slew rate ;
; LEDR[1]       ; Missing drive strength and slew rate ;
; LEDR[2]       ; Missing drive strength and slew rate ;
; LEDR[3]       ; Missing drive strength and slew rate ;
; LEDR[4]       ; Missing drive strength and slew rate ;
; LEDR[5]       ; Missing drive strength and slew rate ;
; LEDR[6]       ; Missing drive strength and slew rate ;
; LEDR[7]       ; Missing drive strength and slew rate ;
; LEDR[8]       ; Missing drive strength and slew rate ;
; LEDR[9]       ; Missing drive strength and slew rate ;
; LEDR[10]      ; Missing drive strength and slew rate ;
; LEDR[11]      ; Missing drive strength and slew rate ;
; LEDR[12]      ; Missing drive strength and slew rate ;
; LEDR[13]      ; Missing drive strength and slew rate ;
; LEDR[14]      ; Missing drive strength and slew rate ;
; LEDR[15]      ; Missing drive strength and slew rate ;
; LEDR[16]      ; Missing drive strength and slew rate ;
; LEDR[17]      ; Missing drive strength and slew rate ;
; HEX0[0]       ; Missing drive strength and slew rate ;
; HEX0[1]       ; Missing drive strength and slew rate ;
; HEX0[2]       ; Missing drive strength and slew rate ;
; HEX0[3]       ; Missing drive strength               ;
; HEX0[4]       ; Missing drive strength               ;
; HEX0[5]       ; Missing drive strength               ;
; HEX0[6]       ; Missing drive strength               ;
; HEX1[0]       ; Missing drive strength               ;
; HEX1[1]       ; Missing drive strength               ;
; HEX1[2]       ; Missing drive strength               ;
; HEX1[3]       ; Missing drive strength               ;
; HEX1[4]       ; Missing drive strength               ;
; HEX1[5]       ; Missing drive strength               ;
; HEX1[6]       ; Missing drive strength               ;
; HEX2[0]       ; Missing drive strength               ;
; HEX2[1]       ; Missing drive strength               ;
; HEX2[2]       ; Missing drive strength               ;
; HEX2[3]       ; Missing drive strength               ;
; HEX2[4]       ; Missing drive strength               ;
; HEX2[5]       ; Missing drive strength               ;
; HEX2[6]       ; Missing drive strength               ;
; HEX3[0]       ; Missing drive strength               ;
; HEX3[1]       ; Missing drive strength               ;
; HEX3[2]       ; Missing drive strength               ;
; HEX3[3]       ; Missing drive strength               ;
; HEX3[4]       ; Missing drive strength               ;
; HEX3[5]       ; Missing drive strength               ;
; HEX3[6]       ; Missing drive strength               ;
; HEX4[0]       ; Missing drive strength               ;
; HEX4[1]       ; Missing drive strength               ;
; HEX4[2]       ; Missing drive strength               ;
; HEX4[3]       ; Missing drive strength               ;
; HEX4[4]       ; Missing drive strength               ;
; HEX4[5]       ; Missing drive strength               ;
; HEX4[6]       ; Missing drive strength               ;
; HEX5[0]       ; Missing drive strength               ;
; HEX5[1]       ; Missing drive strength               ;
; HEX5[2]       ; Missing drive strength               ;
; HEX5[3]       ; Missing drive strength               ;
; HEX5[4]       ; Missing drive strength               ;
; HEX5[5]       ; Missing drive strength               ;
; HEX5[6]       ; Missing drive strength               ;
; HEX6[0]       ; Missing drive strength               ;
; HEX6[1]       ; Missing drive strength               ;
; HEX6[2]       ; Missing drive strength               ;
; HEX6[3]       ; Missing drive strength               ;
; HEX6[4]       ; Missing drive strength               ;
; HEX6[5]       ; Missing drive strength               ;
; HEX6[6]       ; Missing drive strength               ;
; HEX7[0]       ; Missing drive strength               ;
; HEX7[1]       ; Missing drive strength               ;
; HEX7[2]       ; Missing drive strength               ;
; HEX7[3]       ; Missing drive strength               ;
; HEX7[4]       ; Missing drive strength               ;
; HEX7[5]       ; Missing drive strength               ;
; HEX7[6]       ; Missing drive strength               ;
; VGA_BLANK_N   ; Missing drive strength               ;
; VGA_B[0]      ; Missing drive strength               ;
; VGA_B[1]      ; Missing drive strength               ;
; VGA_B[2]      ; Missing drive strength               ;
; VGA_B[3]      ; Missing drive strength               ;
; VGA_B[4]      ; Missing drive strength               ;
; VGA_B[5]      ; Missing drive strength               ;
; VGA_B[6]      ; Missing drive strength               ;
; VGA_B[7]      ; Missing drive strength               ;
; VGA_CLK       ; Missing drive strength               ;
; VGA_G[0]      ; Missing drive strength               ;
; VGA_G[1]      ; Missing drive strength               ;
; VGA_G[2]      ; Missing drive strength               ;
; VGA_G[3]      ; Missing drive strength               ;
; VGA_G[4]      ; Missing drive strength               ;
; VGA_G[5]      ; Missing drive strength               ;
; VGA_G[6]      ; Missing drive strength               ;
; VGA_G[7]      ; Missing drive strength               ;
; VGA_HS        ; Missing drive strength               ;
; VGA_R[0]      ; Missing drive strength               ;
; VGA_R[1]      ; Missing drive strength               ;
; VGA_R[2]      ; Missing drive strength               ;
; VGA_R[3]      ; Missing drive strength               ;
; VGA_R[4]      ; Missing drive strength               ;
; VGA_R[5]      ; Missing drive strength               ;
; VGA_R[6]      ; Missing drive strength               ;
; VGA_R[7]      ; Missing drive strength               ;
; VGA_SYNC_N    ; Missing drive strength               ;
; VGA_VS        ; Missing drive strength               ;
; DRAM_ADDR[0]  ; Missing drive strength               ;
; DRAM_ADDR[1]  ; Missing drive strength               ;
; DRAM_ADDR[2]  ; Missing drive strength               ;
; DRAM_ADDR[3]  ; Missing drive strength               ;
; DRAM_ADDR[4]  ; Missing drive strength               ;
; DRAM_ADDR[5]  ; Missing drive strength               ;
; DRAM_ADDR[6]  ; Missing drive strength               ;
; DRAM_ADDR[7]  ; Missing drive strength               ;
; DRAM_ADDR[8]  ; Missing drive strength               ;
; DRAM_ADDR[9]  ; Missing drive strength               ;
; DRAM_ADDR[10] ; Missing drive strength               ;
; DRAM_ADDR[11] ; Missing drive strength               ;
; DRAM_ADDR[12] ; Missing drive strength               ;
; DRAM_BA[0]    ; Missing drive strength               ;
; DRAM_BA[1]    ; Missing drive strength               ;
; DRAM_CAS_N    ; Missing drive strength               ;
; DRAM_CKE      ; Missing drive strength               ;
; DRAM_CLK      ; Missing drive strength               ;
; DRAM_CS_N     ; Missing drive strength               ;
; DRAM_DQM[0]   ; Missing drive strength               ;
; DRAM_DQM[1]   ; Missing drive strength               ;
; DRAM_DQM[2]   ; Missing drive strength               ;
; DRAM_DQM[3]   ; Missing drive strength               ;
; DRAM_RAS_N    ; Missing drive strength               ;
; DRAM_WE_N     ; Missing drive strength               ;
; cmos_pwdn     ; Missing drive strength               ;
; cmos_rst_n    ; Missing drive strength               ;
; cmos_xclk     ; Missing drive strength               ;
; EX_IO[0]      ; Missing drive strength               ;
; EX_IO[1]      ; Missing drive strength               ;
; EX_IO[2]      ; Missing drive strength               ;
; EX_IO[3]      ; Missing drive strength               ;
; EX_IO[4]      ; Missing drive strength               ;
; EX_IO[5]      ; Missing drive strength               ;
; EX_IO[6]      ; Missing drive strength               ;
; DRAM_DQ[0]    ; Missing drive strength               ;
; DRAM_DQ[1]    ; Missing drive strength               ;
; DRAM_DQ[2]    ; Missing drive strength               ;
; DRAM_DQ[3]    ; Missing drive strength               ;
; DRAM_DQ[4]    ; Missing drive strength               ;
; DRAM_DQ[5]    ; Missing drive strength               ;
; DRAM_DQ[6]    ; Missing drive strength               ;
; DRAM_DQ[7]    ; Missing drive strength               ;
; DRAM_DQ[8]    ; Missing drive strength               ;
; DRAM_DQ[9]    ; Missing drive strength               ;
; DRAM_DQ[10]   ; Missing drive strength               ;
; DRAM_DQ[11]   ; Missing drive strength               ;
; DRAM_DQ[12]   ; Missing drive strength               ;
; DRAM_DQ[13]   ; Missing drive strength               ;
; DRAM_DQ[14]   ; Missing drive strength               ;
; DRAM_DQ[15]   ; Missing drive strength               ;
; DRAM_DQ[16]   ; Missing drive strength               ;
; DRAM_DQ[17]   ; Missing drive strength               ;
; DRAM_DQ[18]   ; Missing drive strength               ;
; DRAM_DQ[19]   ; Missing drive strength               ;
; DRAM_DQ[20]   ; Missing drive strength               ;
; DRAM_DQ[21]   ; Missing drive strength               ;
; DRAM_DQ[22]   ; Missing drive strength               ;
; DRAM_DQ[23]   ; Missing drive strength               ;
; DRAM_DQ[24]   ; Missing drive strength               ;
; DRAM_DQ[25]   ; Missing drive strength               ;
; DRAM_DQ[26]   ; Missing drive strength               ;
; DRAM_DQ[27]   ; Missing drive strength               ;
; DRAM_DQ[28]   ; Missing drive strength               ;
; DRAM_DQ[29]   ; Missing drive strength               ;
; DRAM_DQ[30]   ; Missing drive strength               ;
; DRAM_DQ[31]   ; Missing drive strength               ;
; cmos_scl      ; Missing drive strength               ;
; cmos_sda      ; Missing drive strength               ;
; EX_IO[0]      ; Missing location assignment          ;
; EX_IO[1]      ; Missing location assignment          ;
; EX_IO[2]      ; Missing location assignment          ;
; EX_IO[3]      ; Missing location assignment          ;
; EX_IO[4]      ; Missing location assignment          ;
; EX_IO[5]      ; Missing location assignment          ;
; EX_IO[6]      ; Missing location assignment          ;
+---------------+--------------------------------------+


+----------------------------------------------------------------------------------------------------------------------------------------------------------------------------------------------------------------------------------------------------------------------------------------------------------------------------------------------------------------------------------------------------------------------------------------------------------------------------------------------------------------------------------------------------------------------------------------------------------------------------------------------------------------------------------------------------------------------------------------------------------+
; Fitter Resource Utilization by Entity                                                                                                                                                                                                                                                                                                                                                                                                                                                                                                                                                                                                                                                                                                                    ;
+-----------------------------------------------------------------------------------------------------------------------------------------+-------------+---------------------------+---------------+-------------+------+--------------+---------+-----------+------+--------------+--------------+-------------------+------------------+-------------------------------------------------------------------------------------------------------------------------------------------------------------------------------------------------------------------------------------------------------------------------------------------------------------------------------------------------------------+-----------------------------------+--------------+
; Compilation Hierarchy Node                                                                                                              ; Logic Cells ; Dedicated Logic Registers ; I/O Registers ; Memory Bits ; M9Ks ; DSP Elements ; DSP 9x9 ; DSP 18x18 ; Pins ; Virtual Pins ; LUT-Only LCs ; Register-Only LCs ; LUT/Register LCs ; Full Hierarchy Name                                                                                                                                                                                                                                                                                                                                         ; Entity Name                       ; Library Name ;
+-----------------------------------------------------------------------------------------------------------------------------------------+-------------+---------------------------+---------------+-------------+------+--------------+---------+-----------+------+--------------+--------------+-------------------+------------------+-------------------------------------------------------------------------------------------------------------------------------------------------------------------------------------------------------------------------------------------------------------------------------------------------------------------------------------------------------------+-----------------------------------+--------------+
; |DE2_115_D8M_RTL                                                                                                                        ; 3974 (37)   ; 2961 (0)                  ; 0 (0)         ; 901120      ; 110  ; 0            ; 0       ; 0         ; 217  ; 0            ; 1013 (37)    ; 1545 (0)          ; 1416 (0)         ; |DE2_115_D8M_RTL                                                                                                                                                                                                                                                                                                                                            ; DE2_115_D8M_RTL                   ; work         ;
;    |CLOCKMEM:ck1|                                                                                                                       ; 44 (44)     ; 33 (33)                   ; 0 (0)         ; 0           ; 0    ; 0            ; 0       ; 0         ; 0    ; 0            ; 11 (11)      ; 0 (0)             ; 33 (33)          ; |DE2_115_D8M_RTL|CLOCKMEM:ck1                                                                                                                                                                                                                                                                                                                               ; CLOCKMEM                          ; work         ;
;    |CLOCKMEM:ck2|                                                                                                                       ; 44 (44)     ; 33 (33)                   ; 0 (0)         ; 0           ; 0    ; 0            ; 0       ; 0         ; 0    ; 0            ; 11 (11)      ; 0 (0)             ; 33 (33)          ; |DE2_115_D8M_RTL|CLOCKMEM:ck2                                                                                                                                                                                                                                                                                                                               ; CLOCKMEM                          ; work         ;
;    |CLOCKMEM:ck3|                                                                                                                       ; 44 (44)     ; 33 (33)                   ; 0 (0)         ; 0           ; 0    ; 0            ; 0       ; 0         ; 0    ; 0            ; 11 (11)      ; 0 (0)             ; 33 (33)          ; |DE2_115_D8M_RTL|CLOCKMEM:ck3                                                                                                                                                                                                                                                                                                                               ; CLOCKMEM                          ; work         ;
;    |FpsMonitor:uFps|                                                                                                                    ; 79 (79)     ; 44 (44)                   ; 0 (0)         ; 0           ; 0    ; 0            ; 0       ; 0         ; 0    ; 0            ; 35 (35)      ; 7 (7)             ; 37 (37)          ; |DE2_115_D8M_RTL|FpsMonitor:uFps                                                                                                                                                                                                                                                                                                                            ; FpsMonitor                        ; work         ;
;    |RESET_DELAY:u2|                                                                                                                     ; 60 (60)     ; 36 (36)                   ; 0 (0)         ; 0           ; 0    ; 0            ; 0       ; 0         ; 0    ; 0            ; 24 (24)      ; 1 (1)             ; 35 (35)          ; |DE2_115_D8M_RTL|RESET_DELAY:u2                                                                                                                                                                                                                                                                                                                             ; RESET_DELAY                       ; work         ;
;    |Sdram_Control:u7|                                                                                                                   ; 910 (146)   ; 750 (98)                  ; 0 (0)         ; 40960       ; 5    ; 0            ; 0       ; 0         ; 0    ; 0            ; 160 (48)     ; 416 (13)          ; 334 (86)         ; |DE2_115_D8M_RTL|Sdram_Control:u7                                                                                                                                                                                                                                                                                                                           ; Sdram_Control                     ; work         ;
;       |Sdram_RD_FIFO:u_read1_fifo|                                                                                                      ; 318 (0)     ; 274 (0)                   ; 0 (0)         ; 8192        ; 1    ; 0            ; 0       ; 0         ; 0    ; 0            ; 44 (0)       ; 194 (0)           ; 80 (0)           ; |DE2_115_D8M_RTL|Sdram_Control:u7|Sdram_RD_FIFO:u_read1_fifo                                                                                                                                                                                                                                                                                                ; Sdram_RD_FIFO                     ; work         ;
;          |dcfifo:dcfifo_component|                                                                                                      ; 318 (0)     ; 274 (0)                   ; 0 (0)         ; 8192        ; 1    ; 0            ; 0       ; 0         ; 0    ; 0            ; 44 (0)       ; 194 (0)           ; 80 (0)           ; |DE2_115_D8M_RTL|Sdram_Control:u7|Sdram_RD_FIFO:u_read1_fifo|dcfifo:dcfifo_component                                                                                                                                                                                                                                                                        ; dcfifo                            ; work         ;
;             |dcfifo_jej1:auto_generated|                                                                                                ; 318 (61)    ; 274 (48)                  ; 0 (0)         ; 8192        ; 1    ; 0            ; 0       ; 0         ; 0    ; 0            ; 44 (17)      ; 194 (29)          ; 80 (8)           ; |DE2_115_D8M_RTL|Sdram_Control:u7|Sdram_RD_FIFO:u_read1_fifo|dcfifo:dcfifo_component|dcfifo_jej1:auto_generated                                                                                                                                                                                                                                             ; dcfifo_jej1                       ; work         ;
;                |a_gray2bin_7ib:wrptr_g_gray2bin|                                                                                        ; 9 (9)       ; 0 (0)                     ; 0 (0)         ; 0           ; 0    ; 0            ; 0       ; 0         ; 0    ; 0            ; 3 (3)        ; 0 (0)             ; 6 (6)            ; |DE2_115_D8M_RTL|Sdram_Control:u7|Sdram_RD_FIFO:u_read1_fifo|dcfifo:dcfifo_component|dcfifo_jej1:auto_generated|a_gray2bin_7ib:wrptr_g_gray2bin                                                                                                                                                                                                             ; a_gray2bin_7ib                    ; work         ;
;                |a_gray2bin_7ib:ws_dgrp_gray2bin|                                                                                        ; 10 (10)     ; 0 (0)                     ; 0 (0)         ; 0           ; 0    ; 0            ; 0       ; 0         ; 0    ; 0            ; 2 (2)        ; 0 (0)             ; 8 (8)            ; |DE2_115_D8M_RTL|Sdram_Control:u7|Sdram_RD_FIFO:u_read1_fifo|dcfifo:dcfifo_component|dcfifo_jej1:auto_generated|a_gray2bin_7ib:ws_dgrp_gray2bin                                                                                                                                                                                                             ; a_gray2bin_7ib                    ; work         ;
;                |a_graycounter_2lc:wrptr_g1p|                                                                                            ; 21 (21)     ; 15 (15)                   ; 0 (0)         ; 0           ; 0    ; 0            ; 0       ; 0         ; 0    ; 0            ; 6 (6)        ; 0 (0)             ; 15 (15)          ; |DE2_115_D8M_RTL|Sdram_Control:u7|Sdram_RD_FIFO:u_read1_fifo|dcfifo:dcfifo_component|dcfifo_jej1:auto_generated|a_graycounter_2lc:wrptr_g1p                                                                                                                                                                                                                 ; a_graycounter_2lc                 ; work         ;
;                |a_graycounter_677:rdptr_g1p|                                                                                            ; 28 (28)     ; 15 (15)                   ; 0 (0)         ; 0           ; 0    ; 0            ; 0       ; 0         ; 0    ; 0            ; 12 (12)      ; 0 (0)             ; 16 (16)          ; |DE2_115_D8M_RTL|Sdram_Control:u7|Sdram_RD_FIFO:u_read1_fifo|dcfifo:dcfifo_component|dcfifo_jej1:auto_generated|a_graycounter_677:rdptr_g1p                                                                                                                                                                                                                 ; a_graycounter_677                 ; work         ;
;                |alt_synch_pipe_hpl:rs_dgwp|                                                                                             ; 88 (0)      ; 88 (0)                    ; 0 (0)         ; 0           ; 0    ; 0            ; 0       ; 0         ; 0    ; 0            ; 0 (0)        ; 77 (0)            ; 11 (0)           ; |DE2_115_D8M_RTL|Sdram_Control:u7|Sdram_RD_FIFO:u_read1_fifo|dcfifo:dcfifo_component|dcfifo_jej1:auto_generated|alt_synch_pipe_hpl:rs_dgwp                                                                                                                                                                                                                  ; alt_synch_pipe_hpl                ; work         ;
;                   |dffpipe_2f9:dffpipe5|                                                                                                ; 88 (88)     ; 88 (88)                   ; 0 (0)         ; 0           ; 0    ; 0            ; 0       ; 0         ; 0    ; 0            ; 0 (0)        ; 77 (77)           ; 11 (11)          ; |DE2_115_D8M_RTL|Sdram_Control:u7|Sdram_RD_FIFO:u_read1_fifo|dcfifo:dcfifo_component|dcfifo_jej1:auto_generated|alt_synch_pipe_hpl:rs_dgwp|dffpipe_2f9:dffpipe5                                                                                                                                                                                             ; dffpipe_2f9                       ; work         ;
;                |alt_synch_pipe_ipl:ws_dgrp|                                                                                             ; 88 (0)      ; 88 (0)                    ; 0 (0)         ; 0           ; 0    ; 0            ; 0       ; 0         ; 0    ; 0            ; 0 (0)        ; 87 (0)            ; 1 (0)            ; |DE2_115_D8M_RTL|Sdram_Control:u7|Sdram_RD_FIFO:u_read1_fifo|dcfifo:dcfifo_component|dcfifo_jej1:auto_generated|alt_synch_pipe_ipl:ws_dgrp                                                                                                                                                                                                                  ; alt_synch_pipe_ipl                ; work         ;
;                   |dffpipe_3f9:dffpipe14|                                                                                               ; 88 (88)     ; 88 (88)                   ; 0 (0)         ; 0           ; 0    ; 0            ; 0       ; 0         ; 0    ; 0            ; 0 (0)        ; 87 (87)           ; 1 (1)            ; |DE2_115_D8M_RTL|Sdram_Control:u7|Sdram_RD_FIFO:u_read1_fifo|dcfifo:dcfifo_component|dcfifo_jej1:auto_generated|alt_synch_pipe_ipl:ws_dgrp|dffpipe_3f9:dffpipe14                                                                                                                                                                                            ; dffpipe_3f9                       ; work         ;
;                |altsyncram_rq41:fifo_ram|                                                                                               ; 0 (0)       ; 0 (0)                     ; 0 (0)         ; 8192        ; 1    ; 0            ; 0       ; 0         ; 0    ; 0            ; 0 (0)        ; 0 (0)             ; 0 (0)            ; |DE2_115_D8M_RTL|Sdram_Control:u7|Sdram_RD_FIFO:u_read1_fifo|dcfifo:dcfifo_component|dcfifo_jej1:auto_generated|altsyncram_rq41:fifo_ram                                                                                                                                                                                                                    ; altsyncram_rq41                   ; work         ;
;                |cmpr_c66:rdempty_eq_comp1_lsb|                                                                                          ; 1 (1)       ; 0 (0)                     ; 0 (0)         ; 0           ; 0    ; 0            ; 0       ; 0         ; 0    ; 0            ; 0 (0)        ; 0 (0)             ; 1 (1)            ; |DE2_115_D8M_RTL|Sdram_Control:u7|Sdram_RD_FIFO:u_read1_fifo|dcfifo:dcfifo_component|dcfifo_jej1:auto_generated|cmpr_c66:rdempty_eq_comp1_lsb                                                                                                                                                                                                               ; cmpr_c66                          ; work         ;
;                |dffpipe_pe9:ws_brp|                                                                                                     ; 10 (10)     ; 10 (10)                   ; 0 (0)         ; 0           ; 0    ; 0            ; 0       ; 0         ; 0    ; 0            ; 0 (0)        ; 0 (0)             ; 10 (10)          ; |DE2_115_D8M_RTL|Sdram_Control:u7|Sdram_RD_FIFO:u_read1_fifo|dcfifo:dcfifo_component|dcfifo_jej1:auto_generated|dffpipe_pe9:ws_brp                                                                                                                                                                                                                          ; dffpipe_pe9                       ; work         ;
;                |dffpipe_pe9:ws_bwp|                                                                                                     ; 10 (10)     ; 10 (10)                   ; 0 (0)         ; 0           ; 0    ; 0            ; 0       ; 0         ; 0    ; 0            ; 0 (0)        ; 1 (1)             ; 9 (9)            ; |DE2_115_D8M_RTL|Sdram_Control:u7|Sdram_RD_FIFO:u_read1_fifo|dcfifo:dcfifo_component|dcfifo_jej1:auto_generated|dffpipe_pe9:ws_bwp                                                                                                                                                                                                                          ; dffpipe_pe9                       ; work         ;
;                |mux_j28:rdemp_eq_comp_lsb_mux|                                                                                          ; 8 (8)       ; 0 (0)                     ; 0 (0)         ; 0           ; 0    ; 0            ; 0       ; 0         ; 0    ; 0            ; 0 (0)        ; 0 (0)             ; 8 (8)            ; |DE2_115_D8M_RTL|Sdram_Control:u7|Sdram_RD_FIFO:u_read1_fifo|dcfifo:dcfifo_component|dcfifo_jej1:auto_generated|mux_j28:rdemp_eq_comp_lsb_mux                                                                                                                                                                                                               ; mux_j28                           ; work         ;
;                |mux_j28:rdemp_eq_comp_msb_mux|                                                                                          ; 7 (7)       ; 0 (0)                     ; 0 (0)         ; 0           ; 0    ; 0            ; 0       ; 0         ; 0    ; 0            ; 1 (1)        ; 0 (0)             ; 6 (6)            ; |DE2_115_D8M_RTL|Sdram_Control:u7|Sdram_RD_FIFO:u_read1_fifo|dcfifo:dcfifo_component|dcfifo_jej1:auto_generated|mux_j28:rdemp_eq_comp_msb_mux                                                                                                                                                                                                               ; mux_j28                           ; work         ;
;                |mux_j28:wrfull_eq_comp_lsb_mux|                                                                                         ; 9 (9)       ; 0 (0)                     ; 0 (0)         ; 0           ; 0    ; 0            ; 0       ; 0         ; 0    ; 0            ; 1 (1)        ; 0 (0)             ; 8 (8)            ; |DE2_115_D8M_RTL|Sdram_Control:u7|Sdram_RD_FIFO:u_read1_fifo|dcfifo:dcfifo_component|dcfifo_jej1:auto_generated|mux_j28:wrfull_eq_comp_lsb_mux                                                                                                                                                                                                              ; mux_j28                           ; work         ;
;                |mux_j28:wrfull_eq_comp_msb_mux|                                                                                         ; 7 (7)       ; 0 (0)                     ; 0 (0)         ; 0           ; 0    ; 0            ; 0       ; 0         ; 0    ; 0            ; 2 (2)        ; 0 (0)             ; 5 (5)            ; |DE2_115_D8M_RTL|Sdram_Control:u7|Sdram_RD_FIFO:u_read1_fifo|dcfifo:dcfifo_component|dcfifo_jej1:auto_generated|mux_j28:wrfull_eq_comp_msb_mux                                                                                                                                                                                                              ; mux_j28                           ; work         ;
;       |Sdram_WR_FIFO:u_write1_fifo|                                                                                                     ; 301 (0)     ; 274 (0)                   ; 0 (0)         ; 32768       ; 4    ; 0            ; 0       ; 0         ; 0    ; 0            ; 27 (0)       ; 190 (0)           ; 84 (0)           ; |DE2_115_D8M_RTL|Sdram_Control:u7|Sdram_WR_FIFO:u_write1_fifo                                                                                                                                                                                                                                                                                               ; Sdram_WR_FIFO                     ; work         ;
;          |dcfifo:dcfifo_component|                                                                                                      ; 301 (0)     ; 274 (0)                   ; 0 (0)         ; 32768       ; 4    ; 0            ; 0       ; 0         ; 0    ; 0            ; 27 (0)       ; 190 (0)           ; 84 (0)           ; |DE2_115_D8M_RTL|Sdram_Control:u7|Sdram_WR_FIFO:u_write1_fifo|dcfifo:dcfifo_component                                                                                                                                                                                                                                                                       ; dcfifo                            ; work         ;
;             |dcfifo_0ej1:auto_generated|                                                                                                ; 301 (59)    ; 274 (48)                  ; 0 (0)         ; 32768       ; 4    ; 0            ; 0       ; 0         ; 0    ; 0            ; 27 (6)       ; 190 (33)          ; 84 (9)           ; |DE2_115_D8M_RTL|Sdram_Control:u7|Sdram_WR_FIFO:u_write1_fifo|dcfifo:dcfifo_component|dcfifo_0ej1:auto_generated                                                                                                                                                                                                                                            ; dcfifo_0ej1                       ; work         ;
;                |a_gray2bin_7ib:rdptr_g_gray2bin|                                                                                        ; 10 (10)     ; 0 (0)                     ; 0 (0)         ; 0           ; 0    ; 0            ; 0       ; 0         ; 0    ; 0            ; 2 (2)        ; 0 (0)             ; 8 (8)            ; |DE2_115_D8M_RTL|Sdram_Control:u7|Sdram_WR_FIFO:u_write1_fifo|dcfifo:dcfifo_component|dcfifo_0ej1:auto_generated|a_gray2bin_7ib:rdptr_g_gray2bin                                                                                                                                                                                                            ; a_gray2bin_7ib                    ; work         ;
;                |a_gray2bin_7ib:rs_dgwp_gray2bin|                                                                                        ; 10 (10)     ; 0 (0)                     ; 0 (0)         ; 0           ; 0    ; 0            ; 0       ; 0         ; 0    ; 0            ; 0 (0)        ; 0 (0)             ; 10 (10)          ; |DE2_115_D8M_RTL|Sdram_Control:u7|Sdram_WR_FIFO:u_write1_fifo|dcfifo:dcfifo_component|dcfifo_0ej1:auto_generated|a_gray2bin_7ib:rs_dgwp_gray2bin                                                                                                                                                                                                            ; a_gray2bin_7ib                    ; work         ;
;                |a_graycounter_2lc:wrptr_g1p|                                                                                            ; 21 (21)     ; 15 (15)                   ; 0 (0)         ; 0           ; 0    ; 0            ; 0       ; 0         ; 0    ; 0            ; 6 (6)        ; 0 (0)             ; 15 (15)          ; |DE2_115_D8M_RTL|Sdram_Control:u7|Sdram_WR_FIFO:u_write1_fifo|dcfifo:dcfifo_component|dcfifo_0ej1:auto_generated|a_graycounter_2lc:wrptr_g1p                                                                                                                                                                                                                ; a_graycounter_2lc                 ; work         ;
;                |a_graycounter_677:rdptr_g1p|                                                                                            ; 23 (23)     ; 15 (15)                   ; 0 (0)         ; 0           ; 0    ; 0            ; 0       ; 0         ; 0    ; 0            ; 8 (8)        ; 0 (0)             ; 15 (15)          ; |DE2_115_D8M_RTL|Sdram_Control:u7|Sdram_WR_FIFO:u_write1_fifo|dcfifo:dcfifo_component|dcfifo_0ej1:auto_generated|a_graycounter_677:rdptr_g1p                                                                                                                                                                                                                ; a_graycounter_677                 ; work         ;
;                |alt_synch_pipe_fpl:rs_dgwp|                                                                                             ; 88 (0)      ; 88 (0)                    ; 0 (0)         ; 0           ; 0    ; 0            ; 0       ; 0         ; 0    ; 0            ; 0 (0)        ; 80 (0)            ; 8 (0)            ; |DE2_115_D8M_RTL|Sdram_Control:u7|Sdram_WR_FIFO:u_write1_fifo|dcfifo:dcfifo_component|dcfifo_0ej1:auto_generated|alt_synch_pipe_fpl:rs_dgwp                                                                                                                                                                                                                 ; alt_synch_pipe_fpl                ; work         ;
;                   |dffpipe_0f9:dffpipe13|                                                                                               ; 88 (88)     ; 88 (88)                   ; 0 (0)         ; 0           ; 0    ; 0            ; 0       ; 0         ; 0    ; 0            ; 0 (0)        ; 80 (80)           ; 8 (8)            ; |DE2_115_D8M_RTL|Sdram_Control:u7|Sdram_WR_FIFO:u_write1_fifo|dcfifo:dcfifo_component|dcfifo_0ej1:auto_generated|alt_synch_pipe_fpl:rs_dgwp|dffpipe_0f9:dffpipe13                                                                                                                                                                                           ; dffpipe_0f9                       ; work         ;
;                |alt_synch_pipe_gpl:ws_dgrp|                                                                                             ; 88 (0)      ; 88 (0)                    ; 0 (0)         ; 0           ; 0    ; 0            ; 0       ; 0         ; 0    ; 0            ; 0 (0)        ; 77 (0)            ; 11 (0)           ; |DE2_115_D8M_RTL|Sdram_Control:u7|Sdram_WR_FIFO:u_write1_fifo|dcfifo:dcfifo_component|dcfifo_0ej1:auto_generated|alt_synch_pipe_gpl:ws_dgrp                                                                                                                                                                                                                 ; alt_synch_pipe_gpl                ; work         ;
;                   |dffpipe_1f9:dffpipe22|                                                                                               ; 88 (88)     ; 88 (88)                   ; 0 (0)         ; 0           ; 0    ; 0            ; 0       ; 0         ; 0    ; 0            ; 0 (0)        ; 77 (77)           ; 11 (11)          ; |DE2_115_D8M_RTL|Sdram_Control:u7|Sdram_WR_FIFO:u_write1_fifo|dcfifo:dcfifo_component|dcfifo_0ej1:auto_generated|alt_synch_pipe_gpl:ws_dgrp|dffpipe_1f9:dffpipe22                                                                                                                                                                                           ; dffpipe_1f9                       ; work         ;
;                |altsyncram_rq41:fifo_ram|                                                                                               ; 0 (0)       ; 0 (0)                     ; 0 (0)         ; 32768       ; 4    ; 0            ; 0       ; 0         ; 0    ; 0            ; 0 (0)        ; 0 (0)             ; 0 (0)            ; |DE2_115_D8M_RTL|Sdram_Control:u7|Sdram_WR_FIFO:u_write1_fifo|dcfifo:dcfifo_component|dcfifo_0ej1:auto_generated|altsyncram_rq41:fifo_ram                                                                                                                                                                                                                   ; altsyncram_rq41                   ; work         ;
;                |cmpr_c66:wrfull_eq_comp_lsb|                                                                                            ; 1 (1)       ; 0 (0)                     ; 0 (0)         ; 0           ; 0    ; 0            ; 0       ; 0         ; 0    ; 0            ; 0 (0)        ; 0 (0)             ; 1 (1)            ; |DE2_115_D8M_RTL|Sdram_Control:u7|Sdram_WR_FIFO:u_write1_fifo|dcfifo:dcfifo_component|dcfifo_0ej1:auto_generated|cmpr_c66:wrfull_eq_comp_lsb                                                                                                                                                                                                                ; cmpr_c66                          ; work         ;
;                |dffpipe_pe9:rs_brp|                                                                                                     ; 10 (10)     ; 10 (10)                   ; 0 (0)         ; 0           ; 0    ; 0            ; 0       ; 0         ; 0    ; 0            ; 0 (0)        ; 0 (0)             ; 10 (10)          ; |DE2_115_D8M_RTL|Sdram_Control:u7|Sdram_WR_FIFO:u_write1_fifo|dcfifo:dcfifo_component|dcfifo_0ej1:auto_generated|dffpipe_pe9:rs_brp                                                                                                                                                                                                                         ; dffpipe_pe9                       ; work         ;
;                |dffpipe_pe9:rs_bwp|                                                                                                     ; 10 (10)     ; 10 (10)                   ; 0 (0)         ; 0           ; 0    ; 0            ; 0       ; 0         ; 0    ; 0            ; 0 (0)        ; 0 (0)             ; 10 (10)          ; |DE2_115_D8M_RTL|Sdram_Control:u7|Sdram_WR_FIFO:u_write1_fifo|dcfifo:dcfifo_component|dcfifo_0ej1:auto_generated|dffpipe_pe9:rs_bwp                                                                                                                                                                                                                         ; dffpipe_pe9                       ; work         ;
;                |mux_j28:rdemp_eq_comp_lsb_mux|                                                                                          ; 9 (9)       ; 0 (0)                     ; 0 (0)         ; 0           ; 0    ; 0            ; 0       ; 0         ; 0    ; 0            ; 1 (1)        ; 0 (0)             ; 8 (8)            ; |DE2_115_D8M_RTL|Sdram_Control:u7|Sdram_WR_FIFO:u_write1_fifo|dcfifo:dcfifo_component|dcfifo_0ej1:auto_generated|mux_j28:rdemp_eq_comp_lsb_mux                                                                                                                                                                                                              ; mux_j28                           ; work         ;
;                |mux_j28:rdemp_eq_comp_msb_mux|                                                                                          ; 7 (7)       ; 0 (0)                     ; 0 (0)         ; 0           ; 0    ; 0            ; 0       ; 0         ; 0    ; 0            ; 1 (1)        ; 0 (0)             ; 6 (6)            ; |DE2_115_D8M_RTL|Sdram_Control:u7|Sdram_WR_FIFO:u_write1_fifo|dcfifo:dcfifo_component|dcfifo_0ej1:auto_generated|mux_j28:rdemp_eq_comp_msb_mux                                                                                                                                                                                                              ; mux_j28                           ; work         ;
;                |mux_j28:wrfull_eq_comp_lsb_mux|                                                                                         ; 8 (8)       ; 0 (0)                     ; 0 (0)         ; 0           ; 0    ; 0            ; 0       ; 0         ; 0    ; 0            ; 2 (2)        ; 0 (0)             ; 6 (6)            ; |DE2_115_D8M_RTL|Sdram_Control:u7|Sdram_WR_FIFO:u_write1_fifo|dcfifo:dcfifo_component|dcfifo_0ej1:auto_generated|mux_j28:wrfull_eq_comp_lsb_mux                                                                                                                                                                                                             ; mux_j28                           ; work         ;
;                |mux_j28:wrfull_eq_comp_msb_mux|                                                                                         ; 7 (7)       ; 0 (0)                     ; 0 (0)         ; 0           ; 0    ; 0            ; 0       ; 0         ; 0    ; 0            ; 1 (1)        ; 0 (0)             ; 6 (6)            ; |DE2_115_D8M_RTL|Sdram_Control:u7|Sdram_WR_FIFO:u_write1_fifo|dcfifo:dcfifo_component|dcfifo_0ej1:auto_generated|mux_j28:wrfull_eq_comp_msb_mux                                                                                                                                                                                                             ; mux_j28                           ; work         ;
;       |command:u_command|                                                                                                               ; 66 (66)     ; 49 (49)                   ; 0 (0)         ; 0           ; 0    ; 0            ; 0       ; 0         ; 0    ; 0            ; 17 (17)      ; 5 (5)             ; 44 (44)          ; |DE2_115_D8M_RTL|Sdram_Control:u7|command:u_command                                                                                                                                                                                                                                                                                                         ; command                           ; work         ;
;       |control_interface:u_control_interface|                                                                                           ; 79 (79)     ; 55 (55)                   ; 0 (0)         ; 0           ; 0    ; 0            ; 0       ; 0         ; 0    ; 0            ; 24 (24)      ; 14 (14)           ; 41 (41)          ; |DE2_115_D8M_RTL|Sdram_Control:u7|control_interface:u_control_interface                                                                                                                                                                                                                                                                                     ; control_interface                 ; work         ;
;    |VGA_Controller:u1|                                                                                                                  ; 58 (58)     ; 26 (26)                   ; 0 (0)         ; 0           ; 0    ; 0            ; 0       ; 0         ; 0    ; 0            ; 32 (32)      ; 0 (0)             ; 26 (26)          ; |DE2_115_D8M_RTL|VGA_Controller:u1                                                                                                                                                                                                                                                                                                                          ; VGA_Controller                    ; work         ;
;    |VIDEO_PLL:pll_ref1|                                                                                                                 ; 0 (0)       ; 0 (0)                     ; 0 (0)         ; 0           ; 0    ; 0            ; 0       ; 0         ; 0    ; 0            ; 0 (0)        ; 0 (0)             ; 0 (0)            ; |DE2_115_D8M_RTL|VIDEO_PLL:pll_ref1                                                                                                                                                                                                                                                                                                                         ; VIDEO_PLL                         ; work         ;
;       |altpll:altpll_component|                                                                                                         ; 0 (0)       ; 0 (0)                     ; 0 (0)         ; 0           ; 0    ; 0            ; 0       ; 0         ; 0    ; 0            ; 0 (0)        ; 0 (0)             ; 0 (0)            ; |DE2_115_D8M_RTL|VIDEO_PLL:pll_ref1|altpll:altpll_component                                                                                                                                                                                                                                                                                                 ; altpll                            ; work         ;
;          |VIDEO_PLL_altpll:auto_generated|                                                                                              ; 0 (0)       ; 0 (0)                     ; 0 (0)         ; 0           ; 0    ; 0            ; 0       ; 0         ; 0    ; 0            ; 0 (0)        ; 0 (0)             ; 0 (0)            ; |DE2_115_D8M_RTL|VIDEO_PLL:pll_ref1|altpll:altpll_component|VIDEO_PLL_altpll:auto_generated                                                                                                                                                                                                                                                                 ; VIDEO_PLL_altpll                  ; work         ;
;    |camera_interface:camera_inst|                                                                                                       ; 655 (302)   ; 262 (100)                 ; 0 (0)         ; 0           ; 0    ; 0            ; 0       ; 0         ; 0    ; 0            ; 393 (202)    ; 28 (22)           ; 234 (77)         ; |DE2_115_D8M_RTL|camera_interface:camera_inst                                                                                                                                                                                                                                                                                                               ; camera_interface                  ; work         ;
;       |asyn_fifo:m2|                                                                                                                    ; 40 (20)     ; 28 (12)                   ; 0 (0)         ; 0           ; 0    ; 0            ; 0       ; 0         ; 0    ; 0            ; 12 (8)       ; 6 (0)             ; 22 (12)          ; |DE2_115_D8M_RTL|camera_interface:camera_inst|asyn_fifo:m2                                                                                                                                                                                                                                                                                                  ; asyn_fifo                         ; work         ;
;          |dual_port_sync:m0|                                                                                                            ; 20 (20)     ; 16 (16)                   ; 0 (0)         ; 0           ; 0    ; 0            ; 0       ; 0         ; 0    ; 0            ; 4 (4)        ; 6 (6)             ; 10 (10)          ; |DE2_115_D8M_RTL|camera_interface:camera_inst|asyn_fifo:m2|dual_port_sync:m0                                                                                                                                                                                                                                                                                ; dual_port_sync                    ; work         ;
;       |debounce_explicit:m3|                                                                                                            ; 45 (45)     ; 25 (25)                   ; 0 (0)         ; 0           ; 0    ; 0            ; 0       ; 0         ; 0    ; 0            ; 20 (20)      ; 0 (0)             ; 25 (25)          ; |DE2_115_D8M_RTL|camera_interface:camera_inst|debounce_explicit:m3                                                                                                                                                                                                                                                                                          ; debounce_explicit                 ; work         ;
;       |debounce_explicit:m4|                                                                                                            ; 45 (45)     ; 25 (25)                   ; 0 (0)         ; 0           ; 0    ; 0            ; 0       ; 0         ; 0    ; 0            ; 20 (20)      ; 0 (0)             ; 25 (25)          ; |DE2_115_D8M_RTL|camera_interface:camera_inst|debounce_explicit:m4                                                                                                                                                                                                                                                                                          ; debounce_explicit                 ; work         ;
;       |debounce_explicit:m5|                                                                                                            ; 45 (45)     ; 25 (25)                   ; 0 (0)         ; 0           ; 0    ; 0            ; 0       ; 0         ; 0    ; 0            ; 20 (20)      ; 0 (0)             ; 25 (25)          ; |DE2_115_D8M_RTL|camera_interface:camera_inst|debounce_explicit:m5                                                                                                                                                                                                                                                                                          ; debounce_explicit                 ; work         ;
;       |debounce_explicit:m6|                                                                                                            ; 45 (45)     ; 25 (25)                   ; 0 (0)         ; 0           ; 0    ; 0            ; 0       ; 0         ; 0    ; 0            ; 20 (20)      ; 0 (0)             ; 25 (25)          ; |DE2_115_D8M_RTL|camera_interface:camera_inst|debounce_explicit:m6                                                                                                                                                                                                                                                                                          ; debounce_explicit                 ; work         ;
;       |i2c_top:m0|                                                                                                                      ; 135 (135)   ; 34 (34)                   ; 0 (0)         ; 0           ; 0    ; 0            ; 0       ; 0         ; 0    ; 0            ; 99 (99)      ; 0 (0)             ; 36 (36)          ; |DE2_115_D8M_RTL|camera_interface:camera_inst|i2c_top:m0                                                                                                                                                                                                                                                                                                    ; i2c_top                           ; work         ;
;    |lpm_mult:Mult0|                                                                                                                     ; 31 (0)      ; 0 (0)                     ; 0 (0)         ; 0           ; 0    ; 0            ; 0       ; 0         ; 0    ; 0            ; 28 (0)       ; 0 (0)             ; 3 (0)            ; |DE2_115_D8M_RTL|lpm_mult:Mult0                                                                                                                                                                                                                                                                                                                             ; lpm_mult                          ; work         ;
;       |multcore:mult_core|                                                                                                              ; 31 (19)     ; 0 (0)                     ; 0 (0)         ; 0           ; 0    ; 0            ; 0       ; 0         ; 0    ; 0            ; 28 (16)      ; 0 (0)             ; 3 (3)            ; |DE2_115_D8M_RTL|lpm_mult:Mult0|multcore:mult_core                                                                                                                                                                                                                                                                                                          ; multcore                          ; work         ;
;          |mpar_add:padder|                                                                                                              ; 12 (0)      ; 0 (0)                     ; 0 (0)         ; 0           ; 0    ; 0            ; 0       ; 0         ; 0    ; 0            ; 12 (0)       ; 0 (0)             ; 0 (0)            ; |DE2_115_D8M_RTL|lpm_mult:Mult0|multcore:mult_core|mpar_add:padder                                                                                                                                                                                                                                                                                          ; mpar_add                          ; work         ;
;             |lpm_add_sub:adder[0]|                                                                                                      ; 12 (0)      ; 0 (0)                     ; 0 (0)         ; 0           ; 0    ; 0            ; 0       ; 0         ; 0    ; 0            ; 12 (0)       ; 0 (0)             ; 0 (0)            ; |DE2_115_D8M_RTL|lpm_mult:Mult0|multcore:mult_core|mpar_add:padder|lpm_add_sub:adder[0]                                                                                                                                                                                                                                                                     ; lpm_add_sub                       ; work         ;
;                |add_sub_mgh:auto_generated|                                                                                             ; 12 (12)     ; 0 (0)                     ; 0 (0)         ; 0           ; 0    ; 0            ; 0       ; 0         ; 0    ; 0            ; 12 (12)      ; 0 (0)             ; 0 (0)            ; |DE2_115_D8M_RTL|lpm_mult:Mult0|multcore:mult_core|mpar_add:padder|lpm_add_sub:adder[0]|add_sub_mgh:auto_generated                                                                                                                                                                                                                                          ; add_sub_mgh                       ; work         ;
;    |lpm_mult:Mult1|                                                                                                                     ; 37 (0)      ; 0 (0)                     ; 0 (0)         ; 0           ; 0    ; 0            ; 0       ; 0         ; 0    ; 0            ; 32 (0)       ; 0 (0)             ; 5 (0)            ; |DE2_115_D8M_RTL|lpm_mult:Mult1                                                                                                                                                                                                                                                                                                                             ; lpm_mult                          ; work         ;
;       |multcore:mult_core|                                                                                                              ; 37 (23)     ; 0 (0)                     ; 0 (0)         ; 0           ; 0    ; 0            ; 0       ; 0         ; 0    ; 0            ; 32 (18)      ; 0 (0)             ; 5 (5)            ; |DE2_115_D8M_RTL|lpm_mult:Mult1|multcore:mult_core                                                                                                                                                                                                                                                                                                          ; multcore                          ; work         ;
;          |mpar_add:padder|                                                                                                              ; 14 (0)      ; 0 (0)                     ; 0 (0)         ; 0           ; 0    ; 0            ; 0       ; 0         ; 0    ; 0            ; 14 (0)       ; 0 (0)             ; 0 (0)            ; |DE2_115_D8M_RTL|lpm_mult:Mult1|multcore:mult_core|mpar_add:padder                                                                                                                                                                                                                                                                                          ; mpar_add                          ; work         ;
;             |lpm_add_sub:adder[0]|                                                                                                      ; 14 (0)      ; 0 (0)                     ; 0 (0)         ; 0           ; 0    ; 0            ; 0       ; 0         ; 0    ; 0            ; 14 (0)       ; 0 (0)             ; 0 (0)            ; |DE2_115_D8M_RTL|lpm_mult:Mult1|multcore:mult_core|mpar_add:padder|lpm_add_sub:adder[0]                                                                                                                                                                                                                                                                     ; lpm_add_sub                       ; work         ;
;                |add_sub_ngh:auto_generated|                                                                                             ; 14 (14)     ; 0 (0)                     ; 0 (0)         ; 0           ; 0    ; 0            ; 0       ; 0         ; 0    ; 0            ; 14 (14)      ; 0 (0)             ; 0 (0)            ; |DE2_115_D8M_RTL|lpm_mult:Mult1|multcore:mult_core|mpar_add:padder|lpm_add_sub:adder[0]|add_sub_ngh:auto_generated                                                                                                                                                                                                                                          ; add_sub_ngh                       ; work         ;
;    |lpm_mult:Mult2|                                                                                                                     ; 29 (0)      ; 0 (0)                     ; 0 (0)         ; 0           ; 0    ; 0            ; 0       ; 0         ; 0    ; 0            ; 27 (0)       ; 0 (0)             ; 2 (0)            ; |DE2_115_D8M_RTL|lpm_mult:Mult2                                                                                                                                                                                                                                                                                                                             ; lpm_mult                          ; work         ;
;       |multcore:mult_core|                                                                                                              ; 29 (18)     ; 0 (0)                     ; 0 (0)         ; 0           ; 0    ; 0            ; 0       ; 0         ; 0    ; 0            ; 27 (16)      ; 0 (0)             ; 2 (2)            ; |DE2_115_D8M_RTL|lpm_mult:Mult2|multcore:mult_core                                                                                                                                                                                                                                                                                                          ; multcore                          ; work         ;
;          |mpar_add:padder|                                                                                                              ; 11 (0)      ; 0 (0)                     ; 0 (0)         ; 0           ; 0    ; 0            ; 0       ; 0         ; 0    ; 0            ; 11 (0)       ; 0 (0)             ; 0 (0)            ; |DE2_115_D8M_RTL|lpm_mult:Mult2|multcore:mult_core|mpar_add:padder                                                                                                                                                                                                                                                                                          ; mpar_add                          ; work         ;
;             |lpm_add_sub:adder[0]|                                                                                                      ; 11 (0)      ; 0 (0)                     ; 0 (0)         ; 0           ; 0    ; 0            ; 0       ; 0         ; 0    ; 0            ; 11 (0)       ; 0 (0)             ; 0 (0)            ; |DE2_115_D8M_RTL|lpm_mult:Mult2|multcore:mult_core|mpar_add:padder|lpm_add_sub:adder[0]                                                                                                                                                                                                                                                                     ; lpm_add_sub                       ; work         ;
;                |add_sub_kgh:auto_generated|                                                                                             ; 11 (11)     ; 0 (0)                     ; 0 (0)         ; 0           ; 0    ; 0            ; 0       ; 0         ; 0    ; 0            ; 11 (11)      ; 0 (0)             ; 0 (0)            ; |DE2_115_D8M_RTL|lpm_mult:Mult2|multcore:mult_core|mpar_add:padder|lpm_add_sub:adder[0]|add_sub_kgh:auto_generated                                                                                                                                                                                                                                          ; add_sub_kgh                       ; work         ;
;    |pll_test:pll_ref|                                                                                                                   ; 0 (0)       ; 0 (0)                     ; 0 (0)         ; 0           ; 0    ; 0            ; 0       ; 0         ; 0    ; 0            ; 0 (0)        ; 0 (0)             ; 0 (0)            ; |DE2_115_D8M_RTL|pll_test:pll_ref                                                                                                                                                                                                                                                                                                                           ; pll_test                          ; work         ;
;       |altpll:altpll_component|                                                                                                         ; 0 (0)       ; 0 (0)                     ; 0 (0)         ; 0           ; 0    ; 0            ; 0       ; 0         ; 0    ; 0            ; 0 (0)        ; 0 (0)             ; 0 (0)            ; |DE2_115_D8M_RTL|pll_test:pll_ref|altpll:altpll_component                                                                                                                                                                                                                                                                                                   ; altpll                            ; work         ;
;          |pll_test_altpll:auto_generated|                                                                                               ; 0 (0)       ; 0 (0)                     ; 0 (0)         ; 0           ; 0    ; 0            ; 0       ; 0         ; 0    ; 0            ; 0 (0)        ; 0 (0)             ; 0 (0)            ; |DE2_115_D8M_RTL|pll_test:pll_ref|altpll:altpll_component|pll_test_altpll:auto_generated                                                                                                                                                                                                                                                                    ; pll_test_altpll                   ; work         ;
;    |sdram_pll:u6|                                                                                                                       ; 0 (0)       ; 0 (0)                     ; 0 (0)         ; 0           ; 0    ; 0            ; 0       ; 0         ; 0    ; 0            ; 0 (0)        ; 0 (0)             ; 0 (0)            ; |DE2_115_D8M_RTL|sdram_pll:u6                                                                                                                                                                                                                                                                                                                               ; sdram_pll                         ; sdram_pll    ;
;       |altpll:altpll_component|                                                                                                         ; 0 (0)       ; 0 (0)                     ; 0 (0)         ; 0           ; 0    ; 0            ; 0       ; 0         ; 0    ; 0            ; 0 (0)        ; 0 (0)             ; 0 (0)            ; |DE2_115_D8M_RTL|sdram_pll:u6|altpll:altpll_component                                                                                                                                                                                                                                                                                                       ; altpll                            ; work         ;
;          |sdram_pll_altpll:auto_generated|                                                                                              ; 0 (0)       ; 0 (0)                     ; 0 (0)         ; 0           ; 0    ; 0            ; 0       ; 0         ; 0    ; 0            ; 0 (0)        ; 0 (0)             ; 0 (0)            ; |DE2_115_D8M_RTL|sdram_pll:u6|altpll:altpll_component|sdram_pll_altpll:auto_generated                                                                                                                                                                                                                                                                       ; sdram_pll_altpll                  ; work         ;
;    |sld_hub:auto_hub|                                                                                                                   ; 150 (1)     ; 91 (0)                    ; 0 (0)         ; 0           ; 0    ; 0            ; 0       ; 0         ; 0    ; 0            ; 59 (1)       ; 24 (0)            ; 67 (0)           ; |DE2_115_D8M_RTL|sld_hub:auto_hub                                                                                                                                                                                                                                                                                                                           ; sld_hub                           ; altera_sld   ;
;       |alt_sld_fab_with_jtag_input:\instrumentation_fabric_with_node_gen:fabric_gen_new_way:with_jtag_input_gen:instrumentation_fabric| ; 149 (0)     ; 91 (0)                    ; 0 (0)         ; 0           ; 0    ; 0            ; 0       ; 0         ; 0    ; 0            ; 58 (0)       ; 24 (0)            ; 67 (0)           ; |DE2_115_D8M_RTL|sld_hub:auto_hub|alt_sld_fab_with_jtag_input:\instrumentation_fabric_with_node_gen:fabric_gen_new_way:with_jtag_input_gen:instrumentation_fabric                                                                                                                                                                                           ; alt_sld_fab_with_jtag_input       ; altera_sld   ;
;          |alt_sld_fab:instrumentation_fabric|                                                                                           ; 149 (0)     ; 91 (0)                    ; 0 (0)         ; 0           ; 0    ; 0            ; 0       ; 0         ; 0    ; 0            ; 58 (0)       ; 24 (0)            ; 67 (0)           ; |DE2_115_D8M_RTL|sld_hub:auto_hub|alt_sld_fab_with_jtag_input:\instrumentation_fabric_with_node_gen:fabric_gen_new_way:with_jtag_input_gen:instrumentation_fabric|alt_sld_fab:instrumentation_fabric                                                                                                                                                        ; alt_sld_fab                       ; alt_sld_fab  ;
;             |alt_sld_fab_alt_sld_fab:alt_sld_fab|                                                                                       ; 149 (6)     ; 91 (5)                    ; 0 (0)         ; 0           ; 0    ; 0            ; 0       ; 0         ; 0    ; 0            ; 58 (1)       ; 24 (2)            ; 67 (0)           ; |DE2_115_D8M_RTL|sld_hub:auto_hub|alt_sld_fab_with_jtag_input:\instrumentation_fabric_with_node_gen:fabric_gen_new_way:with_jtag_input_gen:instrumentation_fabric|alt_sld_fab:instrumentation_fabric|alt_sld_fab_alt_sld_fab:alt_sld_fab                                                                                                                    ; alt_sld_fab_alt_sld_fab           ; alt_sld_fab  ;
;                |alt_sld_fab_alt_sld_fab_sldfabric:sldfabric|                                                                            ; 146 (0)     ; 86 (0)                    ; 0 (0)         ; 0           ; 0    ; 0            ; 0       ; 0         ; 0    ; 0            ; 57 (0)       ; 22 (0)            ; 67 (0)           ; |DE2_115_D8M_RTL|sld_hub:auto_hub|alt_sld_fab_with_jtag_input:\instrumentation_fabric_with_node_gen:fabric_gen_new_way:with_jtag_input_gen:instrumentation_fabric|alt_sld_fab:instrumentation_fabric|alt_sld_fab_alt_sld_fab:alt_sld_fab|alt_sld_fab_alt_sld_fab_sldfabric:sldfabric                                                                        ; alt_sld_fab_alt_sld_fab_sldfabric ; alt_sld_fab  ;
;                   |sld_jtag_hub:\jtag_hub_gen:real_sld_jtag_hub|                                                                        ; 146 (104)   ; 86 (58)                   ; 0 (0)         ; 0           ; 0    ; 0            ; 0       ; 0         ; 0    ; 0            ; 57 (43)      ; 22 (20)           ; 67 (42)          ; |DE2_115_D8M_RTL|sld_hub:auto_hub|alt_sld_fab_with_jtag_input:\instrumentation_fabric_with_node_gen:fabric_gen_new_way:with_jtag_input_gen:instrumentation_fabric|alt_sld_fab:instrumentation_fabric|alt_sld_fab_alt_sld_fab:alt_sld_fab|alt_sld_fab_alt_sld_fab_sldfabric:sldfabric|sld_jtag_hub:\jtag_hub_gen:real_sld_jtag_hub                           ; sld_jtag_hub                      ; work         ;
;                      |sld_rom_sr:hub_info_reg|                                                                                          ; 21 (21)     ; 9 (9)                     ; 0 (0)         ; 0           ; 0    ; 0            ; 0       ; 0         ; 0    ; 0            ; 12 (12)      ; 0 (0)             ; 9 (9)            ; |DE2_115_D8M_RTL|sld_hub:auto_hub|alt_sld_fab_with_jtag_input:\instrumentation_fabric_with_node_gen:fabric_gen_new_way:with_jtag_input_gen:instrumentation_fabric|alt_sld_fab:instrumentation_fabric|alt_sld_fab_alt_sld_fab:alt_sld_fab|alt_sld_fab_alt_sld_fab_sldfabric:sldfabric|sld_jtag_hub:\jtag_hub_gen:real_sld_jtag_hub|sld_rom_sr:hub_info_reg   ; sld_rom_sr                        ; work         ;
;                      |sld_shadow_jsm:shadow_jsm|                                                                                        ; 21 (21)     ; 19 (19)                   ; 0 (0)         ; 0           ; 0    ; 0            ; 0       ; 0         ; 0    ; 0            ; 2 (2)        ; 2 (2)             ; 17 (17)          ; |DE2_115_D8M_RTL|sld_hub:auto_hub|alt_sld_fab_with_jtag_input:\instrumentation_fabric_with_node_gen:fabric_gen_new_way:with_jtag_input_gen:instrumentation_fabric|alt_sld_fab:instrumentation_fabric|alt_sld_fab_alt_sld_fab:alt_sld_fab|alt_sld_fab_alt_sld_fab_sldfabric:sldfabric|sld_jtag_hub:\jtag_hub_gen:real_sld_jtag_hub|sld_shadow_jsm:shadow_jsm ; sld_shadow_jsm                    ; altera_sld   ;
;    |sld_signaltap:auto_signaltap_0|                                                                                                     ; 1806 (213)  ; 1653 (211)                ; 0 (0)         ; 860160      ; 105  ; 0            ; 0       ; 0         ; 0    ; 0            ; 153 (2)      ; 1069 (210)        ; 584 (0)          ; |DE2_115_D8M_RTL|sld_signaltap:auto_signaltap_0                                                                                                                                                                                                                                                                                                             ; sld_signaltap                     ; work         ;
;       |sld_signaltap_impl:sld_signaltap_body|                                                                                           ; 1594 (0)    ; 1442 (0)                  ; 0 (0)         ; 860160      ; 105  ; 0            ; 0       ; 0         ; 0    ; 0            ; 151 (0)      ; 859 (0)           ; 584 (0)          ; |DE2_115_D8M_RTL|sld_signaltap:auto_signaltap_0|sld_signaltap_impl:sld_signaltap_body                                                                                                                                                                                                                                                                       ; sld_signaltap_impl                ; work         ;
;          |sld_signaltap_implb:sld_signaltap_body|                                                                                       ; 1594 (539)  ; 1442 (506)                ; 0 (0)         ; 860160      ; 105  ; 0            ; 0       ; 0         ; 0    ; 0            ; 151 (34)     ; 859 (448)         ; 584 (55)         ; |DE2_115_D8M_RTL|sld_signaltap:auto_signaltap_0|sld_signaltap_impl:sld_signaltap_body|sld_signaltap_implb:sld_signaltap_body                                                                                                                                                                                                                                ; sld_signaltap_implb               ; work         ;
;             |altdpram:\stp_non_zero_ram_gen:attribute_mem_gen:attribute_mem|                                                            ; 84 (82)     ; 82 (82)                   ; 0 (0)         ; 0           ; 0    ; 0            ; 0       ; 0         ; 0    ; 0            ; 0 (0)        ; 55 (55)           ; 29 (0)           ; |DE2_115_D8M_RTL|sld_signaltap:auto_signaltap_0|sld_signaltap_impl:sld_signaltap_body|sld_signaltap_implb:sld_signaltap_body|altdpram:\stp_non_zero_ram_gen:attribute_mem_gen:attribute_mem                                                                                                                                                                 ; altdpram                          ; work         ;
;                |lpm_decode:wdecoder|                                                                                                    ; 2 (0)       ; 0 (0)                     ; 0 (0)         ; 0           ; 0    ; 0            ; 0       ; 0         ; 0    ; 0            ; 0 (0)        ; 0 (0)             ; 2 (0)            ; |DE2_115_D8M_RTL|sld_signaltap:auto_signaltap_0|sld_signaltap_impl:sld_signaltap_body|sld_signaltap_implb:sld_signaltap_body|altdpram:\stp_non_zero_ram_gen:attribute_mem_gen:attribute_mem|lpm_decode:wdecoder                                                                                                                                             ; lpm_decode                        ; work         ;
;                   |decode_dvf:auto_generated|                                                                                           ; 2 (2)       ; 0 (0)                     ; 0 (0)         ; 0           ; 0    ; 0            ; 0       ; 0         ; 0    ; 0            ; 0 (0)        ; 0 (0)             ; 2 (2)            ; |DE2_115_D8M_RTL|sld_signaltap:auto_signaltap_0|sld_signaltap_impl:sld_signaltap_body|sld_signaltap_implb:sld_signaltap_body|altdpram:\stp_non_zero_ram_gen:attribute_mem_gen:attribute_mem|lpm_decode:wdecoder|decode_dvf:auto_generated                                                                                                                   ; decode_dvf                        ; work         ;
;                |lpm_mux:mux|                                                                                                            ; 27 (0)      ; 0 (0)                     ; 0 (0)         ; 0           ; 0    ; 0            ; 0       ; 0         ; 0    ; 0            ; 0 (0)        ; 0 (0)             ; 27 (0)           ; |DE2_115_D8M_RTL|sld_signaltap:auto_signaltap_0|sld_signaltap_impl:sld_signaltap_body|sld_signaltap_implb:sld_signaltap_body|altdpram:\stp_non_zero_ram_gen:attribute_mem_gen:attribute_mem|lpm_mux:mux                                                                                                                                                     ; lpm_mux                           ; work         ;
;                   |mux_vsc:auto_generated|                                                                                              ; 27 (27)     ; 0 (0)                     ; 0 (0)         ; 0           ; 0    ; 0            ; 0       ; 0         ; 0    ; 0            ; 0 (0)        ; 0 (0)             ; 27 (27)          ; |DE2_115_D8M_RTL|sld_signaltap:auto_signaltap_0|sld_signaltap_impl:sld_signaltap_body|sld_signaltap_implb:sld_signaltap_body|altdpram:\stp_non_zero_ram_gen:attribute_mem_gen:attribute_mem|lpm_mux:mux|mux_vsc:auto_generated                                                                                                                              ; mux_vsc                           ; work         ;
;             |altsyncram:\stp_non_zero_ram_gen:stp_buffer_ram|                                                                           ; 0 (0)       ; 0 (0)                     ; 0 (0)         ; 860160      ; 105  ; 0            ; 0       ; 0         ; 0    ; 0            ; 0 (0)        ; 0 (0)             ; 0 (0)            ; |DE2_115_D8M_RTL|sld_signaltap:auto_signaltap_0|sld_signaltap_impl:sld_signaltap_body|sld_signaltap_implb:sld_signaltap_body|altsyncram:\stp_non_zero_ram_gen:stp_buffer_ram                                                                                                                                                                                ; altsyncram                        ; work         ;
;                |altsyncram_ee24:auto_generated|                                                                                         ; 0 (0)       ; 0 (0)                     ; 0 (0)         ; 860160      ; 105  ; 0            ; 0       ; 0         ; 0    ; 0            ; 0 (0)        ; 0 (0)             ; 0 (0)            ; |DE2_115_D8M_RTL|sld_signaltap:auto_signaltap_0|sld_signaltap_impl:sld_signaltap_body|sld_signaltap_implb:sld_signaltap_body|altsyncram:\stp_non_zero_ram_gen:stp_buffer_ram|altsyncram_ee24:auto_generated                                                                                                                                                 ; altsyncram_ee24                   ; work         ;
;             |lpm_shiftreg:segment_offset_config_deserialize|                                                                            ; 13 (13)     ; 13 (13)                   ; 0 (0)         ; 0           ; 0    ; 0            ; 0       ; 0         ; 0    ; 0            ; 0 (0)        ; 13 (13)           ; 0 (0)            ; |DE2_115_D8M_RTL|sld_signaltap:auto_signaltap_0|sld_signaltap_impl:sld_signaltap_body|sld_signaltap_implb:sld_signaltap_body|lpm_shiftreg:segment_offset_config_deserialize                                                                                                                                                                                 ; lpm_shiftreg                      ; work         ;
;             |lpm_shiftreg:status_register|                                                                                              ; 17 (17)     ; 17 (17)                   ; 0 (0)         ; 0           ; 0    ; 0            ; 0       ; 0         ; 0    ; 0            ; 0 (0)        ; 0 (0)             ; 17 (17)          ; |DE2_115_D8M_RTL|sld_signaltap:auto_signaltap_0|sld_signaltap_impl:sld_signaltap_body|sld_signaltap_implb:sld_signaltap_body|lpm_shiftreg:status_register                                                                                                                                                                                                   ; lpm_shiftreg                      ; work         ;
;             |serial_crc_16:\tdo_crc_gen:tdo_crc_calc|                                                                                   ; 14 (14)     ; 13 (13)                   ; 0 (0)         ; 0           ; 0    ; 0            ; 0       ; 0         ; 0    ; 0            ; 1 (1)        ; 0 (0)             ; 13 (13)          ; |DE2_115_D8M_RTL|sld_signaltap:auto_signaltap_0|sld_signaltap_impl:sld_signaltap_body|sld_signaltap_implb:sld_signaltap_body|serial_crc_16:\tdo_crc_gen:tdo_crc_calc                                                                                                                                                                                        ; serial_crc_16                     ; work         ;
;             |sld_buffer_manager:sld_buffer_manager_inst|                                                                                ; 117 (117)   ; 74 (74)                   ; 0 (0)         ; 0           ; 0    ; 0            ; 0       ; 0         ; 0    ; 0            ; 41 (41)      ; 13 (13)           ; 63 (63)          ; |DE2_115_D8M_RTL|sld_signaltap:auto_signaltap_0|sld_signaltap_impl:sld_signaltap_body|sld_signaltap_implb:sld_signaltap_body|sld_buffer_manager:sld_buffer_manager_inst                                                                                                                                                                                     ; sld_buffer_manager                ; work         ;
;             |sld_ela_control:ela_control|                                                                                               ; 580 (3)     ; 544 (2)                   ; 0 (0)         ; 0           ; 0    ; 0            ; 0       ; 0         ; 0    ; 0            ; 35 (1)       ; 329 (0)           ; 216 (2)          ; |DE2_115_D8M_RTL|sld_signaltap:auto_signaltap_0|sld_signaltap_impl:sld_signaltap_body|sld_signaltap_implb:sld_signaltap_body|sld_ela_control:ela_control                                                                                                                                                                                                    ; sld_ela_control                   ; work         ;
;                |lpm_shiftreg:trigger_config_deserialize|                                                                                ; 4 (4)       ; 4 (4)                     ; 0 (0)         ; 0           ; 0    ; 0            ; 0       ; 0         ; 0    ; 0            ; 0 (0)        ; 3 (3)             ; 1 (1)            ; |DE2_115_D8M_RTL|sld_signaltap:auto_signaltap_0|sld_signaltap_impl:sld_signaltap_body|sld_signaltap_implb:sld_signaltap_body|sld_ela_control:ela_control|lpm_shiftreg:trigger_config_deserialize                                                                                                                                                            ; lpm_shiftreg                      ; work         ;
;                |sld_ela_basic_multi_level_trigger:\basic_multi_level_mbpm_trigger_gen:multi_level_mbpm|                                 ; 526 (0)     ; 525 (0)                   ; 0 (0)         ; 0           ; 0    ; 0            ; 0       ; 0         ; 0    ; 0            ; 0 (0)        ; 315 (0)           ; 211 (0)          ; |DE2_115_D8M_RTL|sld_signaltap:auto_signaltap_0|sld_signaltap_impl:sld_signaltap_body|sld_signaltap_implb:sld_signaltap_body|sld_ela_control:ela_control|sld_ela_basic_multi_level_trigger:\basic_multi_level_mbpm_trigger_gen:multi_level_mbpm                                                                                                             ; sld_ela_basic_multi_level_trigger ; work         ;
;                   |lpm_shiftreg:trigger_condition_deserialize|                                                                          ; 315 (315)   ; 315 (315)                 ; 0 (0)         ; 0           ; 0    ; 0            ; 0       ; 0         ; 0    ; 0            ; 0 (0)        ; 310 (310)         ; 5 (5)            ; |DE2_115_D8M_RTL|sld_signaltap:auto_signaltap_0|sld_signaltap_impl:sld_signaltap_body|sld_signaltap_implb:sld_signaltap_body|sld_ela_control:ela_control|sld_ela_basic_multi_level_trigger:\basic_multi_level_mbpm_trigger_gen:multi_level_mbpm|lpm_shiftreg:trigger_condition_deserialize                                                                  ; lpm_shiftreg                      ; work         ;
;                   |sld_mbpmg:\trigger_modules_gen:0:trigger_match|                                                                      ; 216 (0)     ; 210 (0)                   ; 0 (0)         ; 0           ; 0    ; 0            ; 0       ; 0         ; 0    ; 0            ; 0 (0)        ; 5 (0)             ; 211 (0)          ; |DE2_115_D8M_RTL|sld_signaltap:auto_signaltap_0|sld_signaltap_impl:sld_signaltap_body|sld_signaltap_implb:sld_signaltap_body|sld_ela_control:ela_control|sld_ela_basic_multi_level_trigger:\basic_multi_level_mbpm_trigger_gen:multi_level_mbpm|sld_mbpmg:\trigger_modules_gen:0:trigger_match                                                              ; sld_mbpmg                         ; work         ;
;                      |sld_sbpmg:\gen_sbpmg_pipeline_less_than_two:sm0:0:sm1|                                                            ; 2 (2)       ; 2 (2)                     ; 0 (0)         ; 0           ; 0    ; 0            ; 0       ; 0         ; 0    ; 0            ; 0 (0)        ; 0 (0)             ; 2 (2)            ; |DE2_115_D8M_RTL|sld_signaltap:auto_signaltap_0|sld_signaltap_impl:sld_signaltap_body|sld_signaltap_implb:sld_signaltap_body|sld_ela_control:ela_control|sld_ela_basic_multi_level_trigger:\basic_multi_level_mbpm_trigger_gen:multi_level_mbpm|sld_mbpmg:\trigger_modules_gen:0:trigger_match|sld_sbpmg:\gen_sbpmg_pipeline_less_than_two:sm0:0:sm1        ; sld_sbpmg                         ; work         ;
;                      |sld_sbpmg:\gen_sbpmg_pipeline_less_than_two:sm0:100:sm1|                                                          ; 2 (2)       ; 2 (2)                     ; 0 (0)         ; 0           ; 0    ; 0            ; 0       ; 0         ; 0    ; 0            ; 0 (0)        ; 0 (0)             ; 2 (2)            ; |DE2_115_D8M_RTL|sld_signaltap:auto_signaltap_0|sld_signaltap_impl:sld_signaltap_body|sld_signaltap_implb:sld_signaltap_body|sld_ela_control:ela_control|sld_ela_basic_multi_level_trigger:\basic_multi_level_mbpm_trigger_gen:multi_level_mbpm|sld_mbpmg:\trigger_modules_gen:0:trigger_match|sld_sbpmg:\gen_sbpmg_pipeline_less_than_two:sm0:100:sm1      ; sld_sbpmg                         ; work         ;
;                      |sld_sbpmg:\gen_sbpmg_pipeline_less_than_two:sm0:101:sm1|                                                          ; 2 (2)       ; 2 (2)                     ; 0 (0)         ; 0           ; 0    ; 0            ; 0       ; 0         ; 0    ; 0            ; 0 (0)        ; 0 (0)             ; 2 (2)            ; |DE2_115_D8M_RTL|sld_signaltap:auto_signaltap_0|sld_signaltap_impl:sld_signaltap_body|sld_signaltap_implb:sld_signaltap_body|sld_ela_control:ela_control|sld_ela_basic_multi_level_trigger:\basic_multi_level_mbpm_trigger_gen:multi_level_mbpm|sld_mbpmg:\trigger_modules_gen:0:trigger_match|sld_sbpmg:\gen_sbpmg_pipeline_less_than_two:sm0:101:sm1      ; sld_sbpmg                         ; work         ;
;                      |sld_sbpmg:\gen_sbpmg_pipeline_less_than_two:sm0:102:sm1|                                                          ; 2 (2)       ; 2 (2)                     ; 0 (0)         ; 0           ; 0    ; 0            ; 0       ; 0         ; 0    ; 0            ; 0 (0)        ; 0 (0)             ; 2 (2)            ; |DE2_115_D8M_RTL|sld_signaltap:auto_signaltap_0|sld_signaltap_impl:sld_signaltap_body|sld_signaltap_implb:sld_signaltap_body|sld_ela_control:ela_control|sld_ela_basic_multi_level_trigger:\basic_multi_level_mbpm_trigger_gen:multi_level_mbpm|sld_mbpmg:\trigger_modules_gen:0:trigger_match|sld_sbpmg:\gen_sbpmg_pipeline_less_than_two:sm0:102:sm1      ; sld_sbpmg                         ; work         ;
;                      |sld_sbpmg:\gen_sbpmg_pipeline_less_than_two:sm0:103:sm1|                                                          ; 2 (2)       ; 2 (2)                     ; 0 (0)         ; 0           ; 0    ; 0            ; 0       ; 0         ; 0    ; 0            ; 0 (0)        ; 0 (0)             ; 2 (2)            ; |DE2_115_D8M_RTL|sld_signaltap:auto_signaltap_0|sld_signaltap_impl:sld_signaltap_body|sld_signaltap_implb:sld_signaltap_body|sld_ela_control:ela_control|sld_ela_basic_multi_level_trigger:\basic_multi_level_mbpm_trigger_gen:multi_level_mbpm|sld_mbpmg:\trigger_modules_gen:0:trigger_match|sld_sbpmg:\gen_sbpmg_pipeline_less_than_two:sm0:103:sm1      ; sld_sbpmg                         ; work         ;
;                      |sld_sbpmg:\gen_sbpmg_pipeline_less_than_two:sm0:104:sm1|                                                          ; 2 (2)       ; 2 (2)                     ; 0 (0)         ; 0           ; 0    ; 0            ; 0       ; 0         ; 0    ; 0            ; 0 (0)        ; 0 (0)             ; 2 (2)            ; |DE2_115_D8M_RTL|sld_signaltap:auto_signaltap_0|sld_signaltap_impl:sld_signaltap_body|sld_signaltap_implb:sld_signaltap_body|sld_ela_control:ela_control|sld_ela_basic_multi_level_trigger:\basic_multi_level_mbpm_trigger_gen:multi_level_mbpm|sld_mbpmg:\trigger_modules_gen:0:trigger_match|sld_sbpmg:\gen_sbpmg_pipeline_less_than_two:sm0:104:sm1      ; sld_sbpmg                         ; work         ;
;                      |sld_sbpmg:\gen_sbpmg_pipeline_less_than_two:sm0:10:sm1|                                                           ; 2 (2)       ; 2 (2)                     ; 0 (0)         ; 0           ; 0    ; 0            ; 0       ; 0         ; 0    ; 0            ; 0 (0)        ; 0 (0)             ; 2 (2)            ; |DE2_115_D8M_RTL|sld_signaltap:auto_signaltap_0|sld_signaltap_impl:sld_signaltap_body|sld_signaltap_implb:sld_signaltap_body|sld_ela_control:ela_control|sld_ela_basic_multi_level_trigger:\basic_multi_level_mbpm_trigger_gen:multi_level_mbpm|sld_mbpmg:\trigger_modules_gen:0:trigger_match|sld_sbpmg:\gen_sbpmg_pipeline_less_than_two:sm0:10:sm1       ; sld_sbpmg                         ; work         ;
;                      |sld_sbpmg:\gen_sbpmg_pipeline_less_than_two:sm0:11:sm1|                                                           ; 2 (2)       ; 2 (2)                     ; 0 (0)         ; 0           ; 0    ; 0            ; 0       ; 0         ; 0    ; 0            ; 0 (0)        ; 0 (0)             ; 2 (2)            ; |DE2_115_D8M_RTL|sld_signaltap:auto_signaltap_0|sld_signaltap_impl:sld_signaltap_body|sld_signaltap_implb:sld_signaltap_body|sld_ela_control:ela_control|sld_ela_basic_multi_level_trigger:\basic_multi_level_mbpm_trigger_gen:multi_level_mbpm|sld_mbpmg:\trigger_modules_gen:0:trigger_match|sld_sbpmg:\gen_sbpmg_pipeline_less_than_two:sm0:11:sm1       ; sld_sbpmg                         ; work         ;
;                      |sld_sbpmg:\gen_sbpmg_pipeline_less_than_two:sm0:12:sm1|                                                           ; 2 (2)       ; 2 (2)                     ; 0 (0)         ; 0           ; 0    ; 0            ; 0       ; 0         ; 0    ; 0            ; 0 (0)        ; 0 (0)             ; 2 (2)            ; |DE2_115_D8M_RTL|sld_signaltap:auto_signaltap_0|sld_signaltap_impl:sld_signaltap_body|sld_signaltap_implb:sld_signaltap_body|sld_ela_control:ela_control|sld_ela_basic_multi_level_trigger:\basic_multi_level_mbpm_trigger_gen:multi_level_mbpm|sld_mbpmg:\trigger_modules_gen:0:trigger_match|sld_sbpmg:\gen_sbpmg_pipeline_less_than_two:sm0:12:sm1       ; sld_sbpmg                         ; work         ;
;                      |sld_sbpmg:\gen_sbpmg_pipeline_less_than_two:sm0:13:sm1|                                                           ; 2 (2)       ; 2 (2)                     ; 0 (0)         ; 0           ; 0    ; 0            ; 0       ; 0         ; 0    ; 0            ; 0 (0)        ; 0 (0)             ; 2 (2)            ; |DE2_115_D8M_RTL|sld_signaltap:auto_signaltap_0|sld_signaltap_impl:sld_signaltap_body|sld_signaltap_implb:sld_signaltap_body|sld_ela_control:ela_control|sld_ela_basic_multi_level_trigger:\basic_multi_level_mbpm_trigger_gen:multi_level_mbpm|sld_mbpmg:\trigger_modules_gen:0:trigger_match|sld_sbpmg:\gen_sbpmg_pipeline_less_than_two:sm0:13:sm1       ; sld_sbpmg                         ; work         ;
;                      |sld_sbpmg:\gen_sbpmg_pipeline_less_than_two:sm0:14:sm1|                                                           ; 2 (2)       ; 2 (2)                     ; 0 (0)         ; 0           ; 0    ; 0            ; 0       ; 0         ; 0    ; 0            ; 0 (0)        ; 0 (0)             ; 2 (2)            ; |DE2_115_D8M_RTL|sld_signaltap:auto_signaltap_0|sld_signaltap_impl:sld_signaltap_body|sld_signaltap_implb:sld_signaltap_body|sld_ela_control:ela_control|sld_ela_basic_multi_level_trigger:\basic_multi_level_mbpm_trigger_gen:multi_level_mbpm|sld_mbpmg:\trigger_modules_gen:0:trigger_match|sld_sbpmg:\gen_sbpmg_pipeline_less_than_two:sm0:14:sm1       ; sld_sbpmg                         ; work         ;
;                      |sld_sbpmg:\gen_sbpmg_pipeline_less_than_two:sm0:15:sm1|                                                           ; 2 (2)       ; 2 (2)                     ; 0 (0)         ; 0           ; 0    ; 0            ; 0       ; 0         ; 0    ; 0            ; 0 (0)        ; 0 (0)             ; 2 (2)            ; |DE2_115_D8M_RTL|sld_signaltap:auto_signaltap_0|sld_signaltap_impl:sld_signaltap_body|sld_signaltap_implb:sld_signaltap_body|sld_ela_control:ela_control|sld_ela_basic_multi_level_trigger:\basic_multi_level_mbpm_trigger_gen:multi_level_mbpm|sld_mbpmg:\trigger_modules_gen:0:trigger_match|sld_sbpmg:\gen_sbpmg_pipeline_less_than_two:sm0:15:sm1       ; sld_sbpmg                         ; work         ;
;                      |sld_sbpmg:\gen_sbpmg_pipeline_less_than_two:sm0:16:sm1|                                                           ; 2 (2)       ; 2 (2)                     ; 0 (0)         ; 0           ; 0    ; 0            ; 0       ; 0         ; 0    ; 0            ; 0 (0)        ; 0 (0)             ; 2 (2)            ; |DE2_115_D8M_RTL|sld_signaltap:auto_signaltap_0|sld_signaltap_impl:sld_signaltap_body|sld_signaltap_implb:sld_signaltap_body|sld_ela_control:ela_control|sld_ela_basic_multi_level_trigger:\basic_multi_level_mbpm_trigger_gen:multi_level_mbpm|sld_mbpmg:\trigger_modules_gen:0:trigger_match|sld_sbpmg:\gen_sbpmg_pipeline_less_than_two:sm0:16:sm1       ; sld_sbpmg                         ; work         ;
;                      |sld_sbpmg:\gen_sbpmg_pipeline_less_than_two:sm0:17:sm1|                                                           ; 2 (2)       ; 2 (2)                     ; 0 (0)         ; 0           ; 0    ; 0            ; 0       ; 0         ; 0    ; 0            ; 0 (0)        ; 0 (0)             ; 2 (2)            ; |DE2_115_D8M_RTL|sld_signaltap:auto_signaltap_0|sld_signaltap_impl:sld_signaltap_body|sld_signaltap_implb:sld_signaltap_body|sld_ela_control:ela_control|sld_ela_basic_multi_level_trigger:\basic_multi_level_mbpm_trigger_gen:multi_level_mbpm|sld_mbpmg:\trigger_modules_gen:0:trigger_match|sld_sbpmg:\gen_sbpmg_pipeline_less_than_two:sm0:17:sm1       ; sld_sbpmg                         ; work         ;
;                      |sld_sbpmg:\gen_sbpmg_pipeline_less_than_two:sm0:18:sm1|                                                           ; 2 (2)       ; 2 (2)                     ; 0 (0)         ; 0           ; 0    ; 0            ; 0       ; 0         ; 0    ; 0            ; 0 (0)        ; 0 (0)             ; 2 (2)            ; |DE2_115_D8M_RTL|sld_signaltap:auto_signaltap_0|sld_signaltap_impl:sld_signaltap_body|sld_signaltap_implb:sld_signaltap_body|sld_ela_control:ela_control|sld_ela_basic_multi_level_trigger:\basic_multi_level_mbpm_trigger_gen:multi_level_mbpm|sld_mbpmg:\trigger_modules_gen:0:trigger_match|sld_sbpmg:\gen_sbpmg_pipeline_less_than_two:sm0:18:sm1       ; sld_sbpmg                         ; work         ;
;                      |sld_sbpmg:\gen_sbpmg_pipeline_less_than_two:sm0:19:sm1|                                                           ; 2 (2)       ; 2 (2)                     ; 0 (0)         ; 0           ; 0    ; 0            ; 0       ; 0         ; 0    ; 0            ; 0 (0)        ; 0 (0)             ; 2 (2)            ; |DE2_115_D8M_RTL|sld_signaltap:auto_signaltap_0|sld_signaltap_impl:sld_signaltap_body|sld_signaltap_implb:sld_signaltap_body|sld_ela_control:ela_control|sld_ela_basic_multi_level_trigger:\basic_multi_level_mbpm_trigger_gen:multi_level_mbpm|sld_mbpmg:\trigger_modules_gen:0:trigger_match|sld_sbpmg:\gen_sbpmg_pipeline_less_than_two:sm0:19:sm1       ; sld_sbpmg                         ; work         ;
;                      |sld_sbpmg:\gen_sbpmg_pipeline_less_than_two:sm0:1:sm1|                                                            ; 2 (2)       ; 2 (2)                     ; 0 (0)         ; 0           ; 0    ; 0            ; 0       ; 0         ; 0    ; 0            ; 0 (0)        ; 0 (0)             ; 2 (2)            ; |DE2_115_D8M_RTL|sld_signaltap:auto_signaltap_0|sld_signaltap_impl:sld_signaltap_body|sld_signaltap_implb:sld_signaltap_body|sld_ela_control:ela_control|sld_ela_basic_multi_level_trigger:\basic_multi_level_mbpm_trigger_gen:multi_level_mbpm|sld_mbpmg:\trigger_modules_gen:0:trigger_match|sld_sbpmg:\gen_sbpmg_pipeline_less_than_two:sm0:1:sm1        ; sld_sbpmg                         ; work         ;
;                      |sld_sbpmg:\gen_sbpmg_pipeline_less_than_two:sm0:20:sm1|                                                           ; 2 (2)       ; 2 (2)                     ; 0 (0)         ; 0           ; 0    ; 0            ; 0       ; 0         ; 0    ; 0            ; 0 (0)        ; 0 (0)             ; 2 (2)            ; |DE2_115_D8M_RTL|sld_signaltap:auto_signaltap_0|sld_signaltap_impl:sld_signaltap_body|sld_signaltap_implb:sld_signaltap_body|sld_ela_control:ela_control|sld_ela_basic_multi_level_trigger:\basic_multi_level_mbpm_trigger_gen:multi_level_mbpm|sld_mbpmg:\trigger_modules_gen:0:trigger_match|sld_sbpmg:\gen_sbpmg_pipeline_less_than_two:sm0:20:sm1       ; sld_sbpmg                         ; work         ;
;                      |sld_sbpmg:\gen_sbpmg_pipeline_less_than_two:sm0:21:sm1|                                                           ; 2 (2)       ; 2 (2)                     ; 0 (0)         ; 0           ; 0    ; 0            ; 0       ; 0         ; 0    ; 0            ; 0 (0)        ; 0 (0)             ; 2 (2)            ; |DE2_115_D8M_RTL|sld_signaltap:auto_signaltap_0|sld_signaltap_impl:sld_signaltap_body|sld_signaltap_implb:sld_signaltap_body|sld_ela_control:ela_control|sld_ela_basic_multi_level_trigger:\basic_multi_level_mbpm_trigger_gen:multi_level_mbpm|sld_mbpmg:\trigger_modules_gen:0:trigger_match|sld_sbpmg:\gen_sbpmg_pipeline_less_than_two:sm0:21:sm1       ; sld_sbpmg                         ; work         ;
;                      |sld_sbpmg:\gen_sbpmg_pipeline_less_than_two:sm0:22:sm1|                                                           ; 2 (2)       ; 2 (2)                     ; 0 (0)         ; 0           ; 0    ; 0            ; 0       ; 0         ; 0    ; 0            ; 0 (0)        ; 0 (0)             ; 2 (2)            ; |DE2_115_D8M_RTL|sld_signaltap:auto_signaltap_0|sld_signaltap_impl:sld_signaltap_body|sld_signaltap_implb:sld_signaltap_body|sld_ela_control:ela_control|sld_ela_basic_multi_level_trigger:\basic_multi_level_mbpm_trigger_gen:multi_level_mbpm|sld_mbpmg:\trigger_modules_gen:0:trigger_match|sld_sbpmg:\gen_sbpmg_pipeline_less_than_two:sm0:22:sm1       ; sld_sbpmg                         ; work         ;
;                      |sld_sbpmg:\gen_sbpmg_pipeline_less_than_two:sm0:23:sm1|                                                           ; 3 (3)       ; 2 (2)                     ; 0 (0)         ; 0           ; 0    ; 0            ; 0       ; 0         ; 0    ; 0            ; 0 (0)        ; 1 (1)             ; 2 (2)            ; |DE2_115_D8M_RTL|sld_signaltap:auto_signaltap_0|sld_signaltap_impl:sld_signaltap_body|sld_signaltap_implb:sld_signaltap_body|sld_ela_control:ela_control|sld_ela_basic_multi_level_trigger:\basic_multi_level_mbpm_trigger_gen:multi_level_mbpm|sld_mbpmg:\trigger_modules_gen:0:trigger_match|sld_sbpmg:\gen_sbpmg_pipeline_less_than_two:sm0:23:sm1       ; sld_sbpmg                         ; work         ;
;                      |sld_sbpmg:\gen_sbpmg_pipeline_less_than_two:sm0:24:sm1|                                                           ; 2 (2)       ; 2 (2)                     ; 0 (0)         ; 0           ; 0    ; 0            ; 0       ; 0         ; 0    ; 0            ; 0 (0)        ; 0 (0)             ; 2 (2)            ; |DE2_115_D8M_RTL|sld_signaltap:auto_signaltap_0|sld_signaltap_impl:sld_signaltap_body|sld_signaltap_implb:sld_signaltap_body|sld_ela_control:ela_control|sld_ela_basic_multi_level_trigger:\basic_multi_level_mbpm_trigger_gen:multi_level_mbpm|sld_mbpmg:\trigger_modules_gen:0:trigger_match|sld_sbpmg:\gen_sbpmg_pipeline_less_than_two:sm0:24:sm1       ; sld_sbpmg                         ; work         ;
;                      |sld_sbpmg:\gen_sbpmg_pipeline_less_than_two:sm0:25:sm1|                                                           ; 2 (2)       ; 2 (2)                     ; 0 (0)         ; 0           ; 0    ; 0            ; 0       ; 0         ; 0    ; 0            ; 0 (0)        ; 0 (0)             ; 2 (2)            ; |DE2_115_D8M_RTL|sld_signaltap:auto_signaltap_0|sld_signaltap_impl:sld_signaltap_body|sld_signaltap_implb:sld_signaltap_body|sld_ela_control:ela_control|sld_ela_basic_multi_level_trigger:\basic_multi_level_mbpm_trigger_gen:multi_level_mbpm|sld_mbpmg:\trigger_modules_gen:0:trigger_match|sld_sbpmg:\gen_sbpmg_pipeline_less_than_two:sm0:25:sm1       ; sld_sbpmg                         ; work         ;
;                      |sld_sbpmg:\gen_sbpmg_pipeline_less_than_two:sm0:26:sm1|                                                           ; 2 (2)       ; 2 (2)                     ; 0 (0)         ; 0           ; 0    ; 0            ; 0       ; 0         ; 0    ; 0            ; 0 (0)        ; 0 (0)             ; 2 (2)            ; |DE2_115_D8M_RTL|sld_signaltap:auto_signaltap_0|sld_signaltap_impl:sld_signaltap_body|sld_signaltap_implb:sld_signaltap_body|sld_ela_control:ela_control|sld_ela_basic_multi_level_trigger:\basic_multi_level_mbpm_trigger_gen:multi_level_mbpm|sld_mbpmg:\trigger_modules_gen:0:trigger_match|sld_sbpmg:\gen_sbpmg_pipeline_less_than_two:sm0:26:sm1       ; sld_sbpmg                         ; work         ;
;                      |sld_sbpmg:\gen_sbpmg_pipeline_less_than_two:sm0:27:sm1|                                                           ; 2 (2)       ; 2 (2)                     ; 0 (0)         ; 0           ; 0    ; 0            ; 0       ; 0         ; 0    ; 0            ; 0 (0)        ; 0 (0)             ; 2 (2)            ; |DE2_115_D8M_RTL|sld_signaltap:auto_signaltap_0|sld_signaltap_impl:sld_signaltap_body|sld_signaltap_implb:sld_signaltap_body|sld_ela_control:ela_control|sld_ela_basic_multi_level_trigger:\basic_multi_level_mbpm_trigger_gen:multi_level_mbpm|sld_mbpmg:\trigger_modules_gen:0:trigger_match|sld_sbpmg:\gen_sbpmg_pipeline_less_than_two:sm0:27:sm1       ; sld_sbpmg                         ; work         ;
;                      |sld_sbpmg:\gen_sbpmg_pipeline_less_than_two:sm0:28:sm1|                                                           ; 2 (2)       ; 2 (2)                     ; 0 (0)         ; 0           ; 0    ; 0            ; 0       ; 0         ; 0    ; 0            ; 0 (0)        ; 0 (0)             ; 2 (2)            ; |DE2_115_D8M_RTL|sld_signaltap:auto_signaltap_0|sld_signaltap_impl:sld_signaltap_body|sld_signaltap_implb:sld_signaltap_body|sld_ela_control:ela_control|sld_ela_basic_multi_level_trigger:\basic_multi_level_mbpm_trigger_gen:multi_level_mbpm|sld_mbpmg:\trigger_modules_gen:0:trigger_match|sld_sbpmg:\gen_sbpmg_pipeline_less_than_two:sm0:28:sm1       ; sld_sbpmg                         ; work         ;
;                      |sld_sbpmg:\gen_sbpmg_pipeline_less_than_two:sm0:29:sm1|                                                           ; 2 (2)       ; 2 (2)                     ; 0 (0)         ; 0           ; 0    ; 0            ; 0       ; 0         ; 0    ; 0            ; 0 (0)        ; 0 (0)             ; 2 (2)            ; |DE2_115_D8M_RTL|sld_signaltap:auto_signaltap_0|sld_signaltap_impl:sld_signaltap_body|sld_signaltap_implb:sld_signaltap_body|sld_ela_control:ela_control|sld_ela_basic_multi_level_trigger:\basic_multi_level_mbpm_trigger_gen:multi_level_mbpm|sld_mbpmg:\trigger_modules_gen:0:trigger_match|sld_sbpmg:\gen_sbpmg_pipeline_less_than_two:sm0:29:sm1       ; sld_sbpmg                         ; work         ;
;                      |sld_sbpmg:\gen_sbpmg_pipeline_less_than_two:sm0:2:sm1|                                                            ; 2 (2)       ; 2 (2)                     ; 0 (0)         ; 0           ; 0    ; 0            ; 0       ; 0         ; 0    ; 0            ; 0 (0)        ; 0 (0)             ; 2 (2)            ; |DE2_115_D8M_RTL|sld_signaltap:auto_signaltap_0|sld_signaltap_impl:sld_signaltap_body|sld_signaltap_implb:sld_signaltap_body|sld_ela_control:ela_control|sld_ela_basic_multi_level_trigger:\basic_multi_level_mbpm_trigger_gen:multi_level_mbpm|sld_mbpmg:\trigger_modules_gen:0:trigger_match|sld_sbpmg:\gen_sbpmg_pipeline_less_than_two:sm0:2:sm1        ; sld_sbpmg                         ; work         ;
;                      |sld_sbpmg:\gen_sbpmg_pipeline_less_than_two:sm0:30:sm1|                                                           ; 2 (2)       ; 2 (2)                     ; 0 (0)         ; 0           ; 0    ; 0            ; 0       ; 0         ; 0    ; 0            ; 0 (0)        ; 0 (0)             ; 2 (2)            ; |DE2_115_D8M_RTL|sld_signaltap:auto_signaltap_0|sld_signaltap_impl:sld_signaltap_body|sld_signaltap_implb:sld_signaltap_body|sld_ela_control:ela_control|sld_ela_basic_multi_level_trigger:\basic_multi_level_mbpm_trigger_gen:multi_level_mbpm|sld_mbpmg:\trigger_modules_gen:0:trigger_match|sld_sbpmg:\gen_sbpmg_pipeline_less_than_two:sm0:30:sm1       ; sld_sbpmg                         ; work         ;
;                      |sld_sbpmg:\gen_sbpmg_pipeline_less_than_two:sm0:31:sm1|                                                           ; 2 (2)       ; 2 (2)                     ; 0 (0)         ; 0           ; 0    ; 0            ; 0       ; 0         ; 0    ; 0            ; 0 (0)        ; 0 (0)             ; 2 (2)            ; |DE2_115_D8M_RTL|sld_signaltap:auto_signaltap_0|sld_signaltap_impl:sld_signaltap_body|sld_signaltap_implb:sld_signaltap_body|sld_ela_control:ela_control|sld_ela_basic_multi_level_trigger:\basic_multi_level_mbpm_trigger_gen:multi_level_mbpm|sld_mbpmg:\trigger_modules_gen:0:trigger_match|sld_sbpmg:\gen_sbpmg_pipeline_less_than_two:sm0:31:sm1       ; sld_sbpmg                         ; work         ;
;                      |sld_sbpmg:\gen_sbpmg_pipeline_less_than_two:sm0:32:sm1|                                                           ; 3 (3)       ; 2 (2)                     ; 0 (0)         ; 0           ; 0    ; 0            ; 0       ; 0         ; 0    ; 0            ; 0 (0)        ; 1 (1)             ; 2 (2)            ; |DE2_115_D8M_RTL|sld_signaltap:auto_signaltap_0|sld_signaltap_impl:sld_signaltap_body|sld_signaltap_implb:sld_signaltap_body|sld_ela_control:ela_control|sld_ela_basic_multi_level_trigger:\basic_multi_level_mbpm_trigger_gen:multi_level_mbpm|sld_mbpmg:\trigger_modules_gen:0:trigger_match|sld_sbpmg:\gen_sbpmg_pipeline_less_than_two:sm0:32:sm1       ; sld_sbpmg                         ; work         ;
;                      |sld_sbpmg:\gen_sbpmg_pipeline_less_than_two:sm0:33:sm1|                                                           ; 2 (2)       ; 2 (2)                     ; 0 (0)         ; 0           ; 0    ; 0            ; 0       ; 0         ; 0    ; 0            ; 0 (0)        ; 0 (0)             ; 2 (2)            ; |DE2_115_D8M_RTL|sld_signaltap:auto_signaltap_0|sld_signaltap_impl:sld_signaltap_body|sld_signaltap_implb:sld_signaltap_body|sld_ela_control:ela_control|sld_ela_basic_multi_level_trigger:\basic_multi_level_mbpm_trigger_gen:multi_level_mbpm|sld_mbpmg:\trigger_modules_gen:0:trigger_match|sld_sbpmg:\gen_sbpmg_pipeline_less_than_two:sm0:33:sm1       ; sld_sbpmg                         ; work         ;
;                      |sld_sbpmg:\gen_sbpmg_pipeline_less_than_two:sm0:34:sm1|                                                           ; 2 (2)       ; 2 (2)                     ; 0 (0)         ; 0           ; 0    ; 0            ; 0       ; 0         ; 0    ; 0            ; 0 (0)        ; 0 (0)             ; 2 (2)            ; |DE2_115_D8M_RTL|sld_signaltap:auto_signaltap_0|sld_signaltap_impl:sld_signaltap_body|sld_signaltap_implb:sld_signaltap_body|sld_ela_control:ela_control|sld_ela_basic_multi_level_trigger:\basic_multi_level_mbpm_trigger_gen:multi_level_mbpm|sld_mbpmg:\trigger_modules_gen:0:trigger_match|sld_sbpmg:\gen_sbpmg_pipeline_less_than_two:sm0:34:sm1       ; sld_sbpmg                         ; work         ;
;                      |sld_sbpmg:\gen_sbpmg_pipeline_less_than_two:sm0:35:sm1|                                                           ; 3 (3)       ; 2 (2)                     ; 0 (0)         ; 0           ; 0    ; 0            ; 0       ; 0         ; 0    ; 0            ; 0 (0)        ; 1 (1)             ; 2 (2)            ; |DE2_115_D8M_RTL|sld_signaltap:auto_signaltap_0|sld_signaltap_impl:sld_signaltap_body|sld_signaltap_implb:sld_signaltap_body|sld_ela_control:ela_control|sld_ela_basic_multi_level_trigger:\basic_multi_level_mbpm_trigger_gen:multi_level_mbpm|sld_mbpmg:\trigger_modules_gen:0:trigger_match|sld_sbpmg:\gen_sbpmg_pipeline_less_than_two:sm0:35:sm1       ; sld_sbpmg                         ; work         ;
;                      |sld_sbpmg:\gen_sbpmg_pipeline_less_than_two:sm0:36:sm1|                                                           ; 2 (2)       ; 2 (2)                     ; 0 (0)         ; 0           ; 0    ; 0            ; 0       ; 0         ; 0    ; 0            ; 0 (0)        ; 0 (0)             ; 2 (2)            ; |DE2_115_D8M_RTL|sld_signaltap:auto_signaltap_0|sld_signaltap_impl:sld_signaltap_body|sld_signaltap_implb:sld_signaltap_body|sld_ela_control:ela_control|sld_ela_basic_multi_level_trigger:\basic_multi_level_mbpm_trigger_gen:multi_level_mbpm|sld_mbpmg:\trigger_modules_gen:0:trigger_match|sld_sbpmg:\gen_sbpmg_pipeline_less_than_two:sm0:36:sm1       ; sld_sbpmg                         ; work         ;
;                      |sld_sbpmg:\gen_sbpmg_pipeline_less_than_two:sm0:37:sm1|                                                           ; 2 (2)       ; 2 (2)                     ; 0 (0)         ; 0           ; 0    ; 0            ; 0       ; 0         ; 0    ; 0            ; 0 (0)        ; 0 (0)             ; 2 (2)            ; |DE2_115_D8M_RTL|sld_signaltap:auto_signaltap_0|sld_signaltap_impl:sld_signaltap_body|sld_signaltap_implb:sld_signaltap_body|sld_ela_control:ela_control|sld_ela_basic_multi_level_trigger:\basic_multi_level_mbpm_trigger_gen:multi_level_mbpm|sld_mbpmg:\trigger_modules_gen:0:trigger_match|sld_sbpmg:\gen_sbpmg_pipeline_less_than_two:sm0:37:sm1       ; sld_sbpmg                         ; work         ;
;                      |sld_sbpmg:\gen_sbpmg_pipeline_less_than_two:sm0:38:sm1|                                                           ; 2 (2)       ; 2 (2)                     ; 0 (0)         ; 0           ; 0    ; 0            ; 0       ; 0         ; 0    ; 0            ; 0 (0)        ; 0 (0)             ; 2 (2)            ; |DE2_115_D8M_RTL|sld_signaltap:auto_signaltap_0|sld_signaltap_impl:sld_signaltap_body|sld_signaltap_implb:sld_signaltap_body|sld_ela_control:ela_control|sld_ela_basic_multi_level_trigger:\basic_multi_level_mbpm_trigger_gen:multi_level_mbpm|sld_mbpmg:\trigger_modules_gen:0:trigger_match|sld_sbpmg:\gen_sbpmg_pipeline_less_than_two:sm0:38:sm1       ; sld_sbpmg                         ; work         ;
;                      |sld_sbpmg:\gen_sbpmg_pipeline_less_than_two:sm0:39:sm1|                                                           ; 2 (2)       ; 2 (2)                     ; 0 (0)         ; 0           ; 0    ; 0            ; 0       ; 0         ; 0    ; 0            ; 0 (0)        ; 0 (0)             ; 2 (2)            ; |DE2_115_D8M_RTL|sld_signaltap:auto_signaltap_0|sld_signaltap_impl:sld_signaltap_body|sld_signaltap_implb:sld_signaltap_body|sld_ela_control:ela_control|sld_ela_basic_multi_level_trigger:\basic_multi_level_mbpm_trigger_gen:multi_level_mbpm|sld_mbpmg:\trigger_modules_gen:0:trigger_match|sld_sbpmg:\gen_sbpmg_pipeline_less_than_two:sm0:39:sm1       ; sld_sbpmg                         ; work         ;
;                      |sld_sbpmg:\gen_sbpmg_pipeline_less_than_two:sm0:3:sm1|                                                            ; 2 (2)       ; 2 (2)                     ; 0 (0)         ; 0           ; 0    ; 0            ; 0       ; 0         ; 0    ; 0            ; 0 (0)        ; 0 (0)             ; 2 (2)            ; |DE2_115_D8M_RTL|sld_signaltap:auto_signaltap_0|sld_signaltap_impl:sld_signaltap_body|sld_signaltap_implb:sld_signaltap_body|sld_ela_control:ela_control|sld_ela_basic_multi_level_trigger:\basic_multi_level_mbpm_trigger_gen:multi_level_mbpm|sld_mbpmg:\trigger_modules_gen:0:trigger_match|sld_sbpmg:\gen_sbpmg_pipeline_less_than_two:sm0:3:sm1        ; sld_sbpmg                         ; work         ;
;                      |sld_sbpmg:\gen_sbpmg_pipeline_less_than_two:sm0:40:sm1|                                                           ; 2 (2)       ; 2 (2)                     ; 0 (0)         ; 0           ; 0    ; 0            ; 0       ; 0         ; 0    ; 0            ; 0 (0)        ; 0 (0)             ; 2 (2)            ; |DE2_115_D8M_RTL|sld_signaltap:auto_signaltap_0|sld_signaltap_impl:sld_signaltap_body|sld_signaltap_implb:sld_signaltap_body|sld_ela_control:ela_control|sld_ela_basic_multi_level_trigger:\basic_multi_level_mbpm_trigger_gen:multi_level_mbpm|sld_mbpmg:\trigger_modules_gen:0:trigger_match|sld_sbpmg:\gen_sbpmg_pipeline_less_than_two:sm0:40:sm1       ; sld_sbpmg                         ; work         ;
;                      |sld_sbpmg:\gen_sbpmg_pipeline_less_than_two:sm0:41:sm1|                                                           ; 2 (2)       ; 2 (2)                     ; 0 (0)         ; 0           ; 0    ; 0            ; 0       ; 0         ; 0    ; 0            ; 0 (0)        ; 0 (0)             ; 2 (2)            ; |DE2_115_D8M_RTL|sld_signaltap:auto_signaltap_0|sld_signaltap_impl:sld_signaltap_body|sld_signaltap_implb:sld_signaltap_body|sld_ela_control:ela_control|sld_ela_basic_multi_level_trigger:\basic_multi_level_mbpm_trigger_gen:multi_level_mbpm|sld_mbpmg:\trigger_modules_gen:0:trigger_match|sld_sbpmg:\gen_sbpmg_pipeline_less_than_two:sm0:41:sm1       ; sld_sbpmg                         ; work         ;
;                      |sld_sbpmg:\gen_sbpmg_pipeline_less_than_two:sm0:42:sm1|                                                           ; 2 (2)       ; 2 (2)                     ; 0 (0)         ; 0           ; 0    ; 0            ; 0       ; 0         ; 0    ; 0            ; 0 (0)        ; 0 (0)             ; 2 (2)            ; |DE2_115_D8M_RTL|sld_signaltap:auto_signaltap_0|sld_signaltap_impl:sld_signaltap_body|sld_signaltap_implb:sld_signaltap_body|sld_ela_control:ela_control|sld_ela_basic_multi_level_trigger:\basic_multi_level_mbpm_trigger_gen:multi_level_mbpm|sld_mbpmg:\trigger_modules_gen:0:trigger_match|sld_sbpmg:\gen_sbpmg_pipeline_less_than_two:sm0:42:sm1       ; sld_sbpmg                         ; work         ;
;                      |sld_sbpmg:\gen_sbpmg_pipeline_less_than_two:sm0:43:sm1|                                                           ; 2 (2)       ; 2 (2)                     ; 0 (0)         ; 0           ; 0    ; 0            ; 0       ; 0         ; 0    ; 0            ; 0 (0)        ; 0 (0)             ; 2 (2)            ; |DE2_115_D8M_RTL|sld_signaltap:auto_signaltap_0|sld_signaltap_impl:sld_signaltap_body|sld_signaltap_implb:sld_signaltap_body|sld_ela_control:ela_control|sld_ela_basic_multi_level_trigger:\basic_multi_level_mbpm_trigger_gen:multi_level_mbpm|sld_mbpmg:\trigger_modules_gen:0:trigger_match|sld_sbpmg:\gen_sbpmg_pipeline_less_than_two:sm0:43:sm1       ; sld_sbpmg                         ; work         ;
;                      |sld_sbpmg:\gen_sbpmg_pipeline_less_than_two:sm0:44:sm1|                                                           ; 2 (2)       ; 2 (2)                     ; 0 (0)         ; 0           ; 0    ; 0            ; 0       ; 0         ; 0    ; 0            ; 0 (0)        ; 0 (0)             ; 2 (2)            ; |DE2_115_D8M_RTL|sld_signaltap:auto_signaltap_0|sld_signaltap_impl:sld_signaltap_body|sld_signaltap_implb:sld_signaltap_body|sld_ela_control:ela_control|sld_ela_basic_multi_level_trigger:\basic_multi_level_mbpm_trigger_gen:multi_level_mbpm|sld_mbpmg:\trigger_modules_gen:0:trigger_match|sld_sbpmg:\gen_sbpmg_pipeline_less_than_two:sm0:44:sm1       ; sld_sbpmg                         ; work         ;
;                      |sld_sbpmg:\gen_sbpmg_pipeline_less_than_two:sm0:45:sm1|                                                           ; 2 (2)       ; 2 (2)                     ; 0 (0)         ; 0           ; 0    ; 0            ; 0       ; 0         ; 0    ; 0            ; 0 (0)        ; 0 (0)             ; 2 (2)            ; |DE2_115_D8M_RTL|sld_signaltap:auto_signaltap_0|sld_signaltap_impl:sld_signaltap_body|sld_signaltap_implb:sld_signaltap_body|sld_ela_control:ela_control|sld_ela_basic_multi_level_trigger:\basic_multi_level_mbpm_trigger_gen:multi_level_mbpm|sld_mbpmg:\trigger_modules_gen:0:trigger_match|sld_sbpmg:\gen_sbpmg_pipeline_less_than_two:sm0:45:sm1       ; sld_sbpmg                         ; work         ;
;                      |sld_sbpmg:\gen_sbpmg_pipeline_less_than_two:sm0:46:sm1|                                                           ; 2 (2)       ; 2 (2)                     ; 0 (0)         ; 0           ; 0    ; 0            ; 0       ; 0         ; 0    ; 0            ; 0 (0)        ; 0 (0)             ; 2 (2)            ; |DE2_115_D8M_RTL|sld_signaltap:auto_signaltap_0|sld_signaltap_impl:sld_signaltap_body|sld_signaltap_implb:sld_signaltap_body|sld_ela_control:ela_control|sld_ela_basic_multi_level_trigger:\basic_multi_level_mbpm_trigger_gen:multi_level_mbpm|sld_mbpmg:\trigger_modules_gen:0:trigger_match|sld_sbpmg:\gen_sbpmg_pipeline_less_than_two:sm0:46:sm1       ; sld_sbpmg                         ; work         ;
;                      |sld_sbpmg:\gen_sbpmg_pipeline_less_than_two:sm0:47:sm1|                                                           ; 3 (3)       ; 2 (2)                     ; 0 (0)         ; 0           ; 0    ; 0            ; 0       ; 0         ; 0    ; 0            ; 0 (0)        ; 0 (0)             ; 3 (3)            ; |DE2_115_D8M_RTL|sld_signaltap:auto_signaltap_0|sld_signaltap_impl:sld_signaltap_body|sld_signaltap_implb:sld_signaltap_body|sld_ela_control:ela_control|sld_ela_basic_multi_level_trigger:\basic_multi_level_mbpm_trigger_gen:multi_level_mbpm|sld_mbpmg:\trigger_modules_gen:0:trigger_match|sld_sbpmg:\gen_sbpmg_pipeline_less_than_two:sm0:47:sm1       ; sld_sbpmg                         ; work         ;
;                      |sld_sbpmg:\gen_sbpmg_pipeline_less_than_two:sm0:48:sm1|                                                           ; 2 (2)       ; 2 (2)                     ; 0 (0)         ; 0           ; 0    ; 0            ; 0       ; 0         ; 0    ; 0            ; 0 (0)        ; 0 (0)             ; 2 (2)            ; |DE2_115_D8M_RTL|sld_signaltap:auto_signaltap_0|sld_signaltap_impl:sld_signaltap_body|sld_signaltap_implb:sld_signaltap_body|sld_ela_control:ela_control|sld_ela_basic_multi_level_trigger:\basic_multi_level_mbpm_trigger_gen:multi_level_mbpm|sld_mbpmg:\trigger_modules_gen:0:trigger_match|sld_sbpmg:\gen_sbpmg_pipeline_less_than_two:sm0:48:sm1       ; sld_sbpmg                         ; work         ;
;                      |sld_sbpmg:\gen_sbpmg_pipeline_less_than_two:sm0:49:sm1|                                                           ; 2 (2)       ; 2 (2)                     ; 0 (0)         ; 0           ; 0    ; 0            ; 0       ; 0         ; 0    ; 0            ; 0 (0)        ; 0 (0)             ; 2 (2)            ; |DE2_115_D8M_RTL|sld_signaltap:auto_signaltap_0|sld_signaltap_impl:sld_signaltap_body|sld_signaltap_implb:sld_signaltap_body|sld_ela_control:ela_control|sld_ela_basic_multi_level_trigger:\basic_multi_level_mbpm_trigger_gen:multi_level_mbpm|sld_mbpmg:\trigger_modules_gen:0:trigger_match|sld_sbpmg:\gen_sbpmg_pipeline_less_than_two:sm0:49:sm1       ; sld_sbpmg                         ; work         ;
;                      |sld_sbpmg:\gen_sbpmg_pipeline_less_than_two:sm0:4:sm1|                                                            ; 2 (2)       ; 2 (2)                     ; 0 (0)         ; 0           ; 0    ; 0            ; 0       ; 0         ; 0    ; 0            ; 0 (0)        ; 0 (0)             ; 2 (2)            ; |DE2_115_D8M_RTL|sld_signaltap:auto_signaltap_0|sld_signaltap_impl:sld_signaltap_body|sld_signaltap_implb:sld_signaltap_body|sld_ela_control:ela_control|sld_ela_basic_multi_level_trigger:\basic_multi_level_mbpm_trigger_gen:multi_level_mbpm|sld_mbpmg:\trigger_modules_gen:0:trigger_match|sld_sbpmg:\gen_sbpmg_pipeline_less_than_two:sm0:4:sm1        ; sld_sbpmg                         ; work         ;
;                      |sld_sbpmg:\gen_sbpmg_pipeline_less_than_two:sm0:50:sm1|                                                           ; 2 (2)       ; 2 (2)                     ; 0 (0)         ; 0           ; 0    ; 0            ; 0       ; 0         ; 0    ; 0            ; 0 (0)        ; 0 (0)             ; 2 (2)            ; |DE2_115_D8M_RTL|sld_signaltap:auto_signaltap_0|sld_signaltap_impl:sld_signaltap_body|sld_signaltap_implb:sld_signaltap_body|sld_ela_control:ela_control|sld_ela_basic_multi_level_trigger:\basic_multi_level_mbpm_trigger_gen:multi_level_mbpm|sld_mbpmg:\trigger_modules_gen:0:trigger_match|sld_sbpmg:\gen_sbpmg_pipeline_less_than_two:sm0:50:sm1       ; sld_sbpmg                         ; work         ;
;                      |sld_sbpmg:\gen_sbpmg_pipeline_less_than_two:sm0:51:sm1|                                                           ; 2 (2)       ; 2 (2)                     ; 0 (0)         ; 0           ; 0    ; 0            ; 0       ; 0         ; 0    ; 0            ; 0 (0)        ; 0 (0)             ; 2 (2)            ; |DE2_115_D8M_RTL|sld_signaltap:auto_signaltap_0|sld_signaltap_impl:sld_signaltap_body|sld_signaltap_implb:sld_signaltap_body|sld_ela_control:ela_control|sld_ela_basic_multi_level_trigger:\basic_multi_level_mbpm_trigger_gen:multi_level_mbpm|sld_mbpmg:\trigger_modules_gen:0:trigger_match|sld_sbpmg:\gen_sbpmg_pipeline_less_than_two:sm0:51:sm1       ; sld_sbpmg                         ; work         ;
;                      |sld_sbpmg:\gen_sbpmg_pipeline_less_than_two:sm0:52:sm1|                                                           ; 2 (2)       ; 2 (2)                     ; 0 (0)         ; 0           ; 0    ; 0            ; 0       ; 0         ; 0    ; 0            ; 0 (0)        ; 0 (0)             ; 2 (2)            ; |DE2_115_D8M_RTL|sld_signaltap:auto_signaltap_0|sld_signaltap_impl:sld_signaltap_body|sld_signaltap_implb:sld_signaltap_body|sld_ela_control:ela_control|sld_ela_basic_multi_level_trigger:\basic_multi_level_mbpm_trigger_gen:multi_level_mbpm|sld_mbpmg:\trigger_modules_gen:0:trigger_match|sld_sbpmg:\gen_sbpmg_pipeline_less_than_two:sm0:52:sm1       ; sld_sbpmg                         ; work         ;
;                      |sld_sbpmg:\gen_sbpmg_pipeline_less_than_two:sm0:53:sm1|                                                           ; 2 (2)       ; 2 (2)                     ; 0 (0)         ; 0           ; 0    ; 0            ; 0       ; 0         ; 0    ; 0            ; 0 (0)        ; 0 (0)             ; 2 (2)            ; |DE2_115_D8M_RTL|sld_signaltap:auto_signaltap_0|sld_signaltap_impl:sld_signaltap_body|sld_signaltap_implb:sld_signaltap_body|sld_ela_control:ela_control|sld_ela_basic_multi_level_trigger:\basic_multi_level_mbpm_trigger_gen:multi_level_mbpm|sld_mbpmg:\trigger_modules_gen:0:trigger_match|sld_sbpmg:\gen_sbpmg_pipeline_less_than_two:sm0:53:sm1       ; sld_sbpmg                         ; work         ;
;                      |sld_sbpmg:\gen_sbpmg_pipeline_less_than_two:sm0:54:sm1|                                                           ; 2 (2)       ; 2 (2)                     ; 0 (0)         ; 0           ; 0    ; 0            ; 0       ; 0         ; 0    ; 0            ; 0 (0)        ; 0 (0)             ; 2 (2)            ; |DE2_115_D8M_RTL|sld_signaltap:auto_signaltap_0|sld_signaltap_impl:sld_signaltap_body|sld_signaltap_implb:sld_signaltap_body|sld_ela_control:ela_control|sld_ela_basic_multi_level_trigger:\basic_multi_level_mbpm_trigger_gen:multi_level_mbpm|sld_mbpmg:\trigger_modules_gen:0:trigger_match|sld_sbpmg:\gen_sbpmg_pipeline_less_than_two:sm0:54:sm1       ; sld_sbpmg                         ; work         ;
;                      |sld_sbpmg:\gen_sbpmg_pipeline_less_than_two:sm0:55:sm1|                                                           ; 2 (2)       ; 2 (2)                     ; 0 (0)         ; 0           ; 0    ; 0            ; 0       ; 0         ; 0    ; 0            ; 0 (0)        ; 0 (0)             ; 2 (2)            ; |DE2_115_D8M_RTL|sld_signaltap:auto_signaltap_0|sld_signaltap_impl:sld_signaltap_body|sld_signaltap_implb:sld_signaltap_body|sld_ela_control:ela_control|sld_ela_basic_multi_level_trigger:\basic_multi_level_mbpm_trigger_gen:multi_level_mbpm|sld_mbpmg:\trigger_modules_gen:0:trigger_match|sld_sbpmg:\gen_sbpmg_pipeline_less_than_two:sm0:55:sm1       ; sld_sbpmg                         ; work         ;
;                      |sld_sbpmg:\gen_sbpmg_pipeline_less_than_two:sm0:56:sm1|                                                           ; 2 (2)       ; 2 (2)                     ; 0 (0)         ; 0           ; 0    ; 0            ; 0       ; 0         ; 0    ; 0            ; 0 (0)        ; 0 (0)             ; 2 (2)            ; |DE2_115_D8M_RTL|sld_signaltap:auto_signaltap_0|sld_signaltap_impl:sld_signaltap_body|sld_signaltap_implb:sld_signaltap_body|sld_ela_control:ela_control|sld_ela_basic_multi_level_trigger:\basic_multi_level_mbpm_trigger_gen:multi_level_mbpm|sld_mbpmg:\trigger_modules_gen:0:trigger_match|sld_sbpmg:\gen_sbpmg_pipeline_less_than_two:sm0:56:sm1       ; sld_sbpmg                         ; work         ;
;                      |sld_sbpmg:\gen_sbpmg_pipeline_less_than_two:sm0:57:sm1|                                                           ; 2 (2)       ; 2 (2)                     ; 0 (0)         ; 0           ; 0    ; 0            ; 0       ; 0         ; 0    ; 0            ; 0 (0)        ; 0 (0)             ; 2 (2)            ; |DE2_115_D8M_RTL|sld_signaltap:auto_signaltap_0|sld_signaltap_impl:sld_signaltap_body|sld_signaltap_implb:sld_signaltap_body|sld_ela_control:ela_control|sld_ela_basic_multi_level_trigger:\basic_multi_level_mbpm_trigger_gen:multi_level_mbpm|sld_mbpmg:\trigger_modules_gen:0:trigger_match|sld_sbpmg:\gen_sbpmg_pipeline_less_than_two:sm0:57:sm1       ; sld_sbpmg                         ; work         ;
;                      |sld_sbpmg:\gen_sbpmg_pipeline_less_than_two:sm0:58:sm1|                                                           ; 2 (2)       ; 2 (2)                     ; 0 (0)         ; 0           ; 0    ; 0            ; 0       ; 0         ; 0    ; 0            ; 0 (0)        ; 0 (0)             ; 2 (2)            ; |DE2_115_D8M_RTL|sld_signaltap:auto_signaltap_0|sld_signaltap_impl:sld_signaltap_body|sld_signaltap_implb:sld_signaltap_body|sld_ela_control:ela_control|sld_ela_basic_multi_level_trigger:\basic_multi_level_mbpm_trigger_gen:multi_level_mbpm|sld_mbpmg:\trigger_modules_gen:0:trigger_match|sld_sbpmg:\gen_sbpmg_pipeline_less_than_two:sm0:58:sm1       ; sld_sbpmg                         ; work         ;
;                      |sld_sbpmg:\gen_sbpmg_pipeline_less_than_two:sm0:59:sm1|                                                           ; 3 (3)       ; 2 (2)                     ; 0 (0)         ; 0           ; 0    ; 0            ; 0       ; 0         ; 0    ; 0            ; 0 (0)        ; 1 (1)             ; 2 (2)            ; |DE2_115_D8M_RTL|sld_signaltap:auto_signaltap_0|sld_signaltap_impl:sld_signaltap_body|sld_signaltap_implb:sld_signaltap_body|sld_ela_control:ela_control|sld_ela_basic_multi_level_trigger:\basic_multi_level_mbpm_trigger_gen:multi_level_mbpm|sld_mbpmg:\trigger_modules_gen:0:trigger_match|sld_sbpmg:\gen_sbpmg_pipeline_less_than_two:sm0:59:sm1       ; sld_sbpmg                         ; work         ;
;                      |sld_sbpmg:\gen_sbpmg_pipeline_less_than_two:sm0:5:sm1|                                                            ; 2 (2)       ; 2 (2)                     ; 0 (0)         ; 0           ; 0    ; 0            ; 0       ; 0         ; 0    ; 0            ; 0 (0)        ; 0 (0)             ; 2 (2)            ; |DE2_115_D8M_RTL|sld_signaltap:auto_signaltap_0|sld_signaltap_impl:sld_signaltap_body|sld_signaltap_implb:sld_signaltap_body|sld_ela_control:ela_control|sld_ela_basic_multi_level_trigger:\basic_multi_level_mbpm_trigger_gen:multi_level_mbpm|sld_mbpmg:\trigger_modules_gen:0:trigger_match|sld_sbpmg:\gen_sbpmg_pipeline_less_than_two:sm0:5:sm1        ; sld_sbpmg                         ; work         ;
;                      |sld_sbpmg:\gen_sbpmg_pipeline_less_than_two:sm0:60:sm1|                                                           ; 2 (2)       ; 2 (2)                     ; 0 (0)         ; 0           ; 0    ; 0            ; 0       ; 0         ; 0    ; 0            ; 0 (0)        ; 0 (0)             ; 2 (2)            ; |DE2_115_D8M_RTL|sld_signaltap:auto_signaltap_0|sld_signaltap_impl:sld_signaltap_body|sld_signaltap_implb:sld_signaltap_body|sld_ela_control:ela_control|sld_ela_basic_multi_level_trigger:\basic_multi_level_mbpm_trigger_gen:multi_level_mbpm|sld_mbpmg:\trigger_modules_gen:0:trigger_match|sld_sbpmg:\gen_sbpmg_pipeline_less_than_two:sm0:60:sm1       ; sld_sbpmg                         ; work         ;
;                      |sld_sbpmg:\gen_sbpmg_pipeline_less_than_two:sm0:61:sm1|                                                           ; 2 (2)       ; 2 (2)                     ; 0 (0)         ; 0           ; 0    ; 0            ; 0       ; 0         ; 0    ; 0            ; 0 (0)        ; 0 (0)             ; 2 (2)            ; |DE2_115_D8M_RTL|sld_signaltap:auto_signaltap_0|sld_signaltap_impl:sld_signaltap_body|sld_signaltap_implb:sld_signaltap_body|sld_ela_control:ela_control|sld_ela_basic_multi_level_trigger:\basic_multi_level_mbpm_trigger_gen:multi_level_mbpm|sld_mbpmg:\trigger_modules_gen:0:trigger_match|sld_sbpmg:\gen_sbpmg_pipeline_less_than_two:sm0:61:sm1       ; sld_sbpmg                         ; work         ;
;                      |sld_sbpmg:\gen_sbpmg_pipeline_less_than_two:sm0:62:sm1|                                                           ; 2 (2)       ; 2 (2)                     ; 0 (0)         ; 0           ; 0    ; 0            ; 0       ; 0         ; 0    ; 0            ; 0 (0)        ; 0 (0)             ; 2 (2)            ; |DE2_115_D8M_RTL|sld_signaltap:auto_signaltap_0|sld_signaltap_impl:sld_signaltap_body|sld_signaltap_implb:sld_signaltap_body|sld_ela_control:ela_control|sld_ela_basic_multi_level_trigger:\basic_multi_level_mbpm_trigger_gen:multi_level_mbpm|sld_mbpmg:\trigger_modules_gen:0:trigger_match|sld_sbpmg:\gen_sbpmg_pipeline_less_than_two:sm0:62:sm1       ; sld_sbpmg                         ; work         ;
;                      |sld_sbpmg:\gen_sbpmg_pipeline_less_than_two:sm0:63:sm1|                                                           ; 2 (2)       ; 2 (2)                     ; 0 (0)         ; 0           ; 0    ; 0            ; 0       ; 0         ; 0    ; 0            ; 0 (0)        ; 0 (0)             ; 2 (2)            ; |DE2_115_D8M_RTL|sld_signaltap:auto_signaltap_0|sld_signaltap_impl:sld_signaltap_body|sld_signaltap_implb:sld_signaltap_body|sld_ela_control:ela_control|sld_ela_basic_multi_level_trigger:\basic_multi_level_mbpm_trigger_gen:multi_level_mbpm|sld_mbpmg:\trigger_modules_gen:0:trigger_match|sld_sbpmg:\gen_sbpmg_pipeline_less_than_two:sm0:63:sm1       ; sld_sbpmg                         ; work         ;
;                      |sld_sbpmg:\gen_sbpmg_pipeline_less_than_two:sm0:64:sm1|                                                           ; 2 (2)       ; 2 (2)                     ; 0 (0)         ; 0           ; 0    ; 0            ; 0       ; 0         ; 0    ; 0            ; 0 (0)        ; 0 (0)             ; 2 (2)            ; |DE2_115_D8M_RTL|sld_signaltap:auto_signaltap_0|sld_signaltap_impl:sld_signaltap_body|sld_signaltap_implb:sld_signaltap_body|sld_ela_control:ela_control|sld_ela_basic_multi_level_trigger:\basic_multi_level_mbpm_trigger_gen:multi_level_mbpm|sld_mbpmg:\trigger_modules_gen:0:trigger_match|sld_sbpmg:\gen_sbpmg_pipeline_less_than_two:sm0:64:sm1       ; sld_sbpmg                         ; work         ;
;                      |sld_sbpmg:\gen_sbpmg_pipeline_less_than_two:sm0:65:sm1|                                                           ; 2 (2)       ; 2 (2)                     ; 0 (0)         ; 0           ; 0    ; 0            ; 0       ; 0         ; 0    ; 0            ; 0 (0)        ; 0 (0)             ; 2 (2)            ; |DE2_115_D8M_RTL|sld_signaltap:auto_signaltap_0|sld_signaltap_impl:sld_signaltap_body|sld_signaltap_implb:sld_signaltap_body|sld_ela_control:ela_control|sld_ela_basic_multi_level_trigger:\basic_multi_level_mbpm_trigger_gen:multi_level_mbpm|sld_mbpmg:\trigger_modules_gen:0:trigger_match|sld_sbpmg:\gen_sbpmg_pipeline_less_than_two:sm0:65:sm1       ; sld_sbpmg                         ; work         ;
;                      |sld_sbpmg:\gen_sbpmg_pipeline_less_than_two:sm0:66:sm1|                                                           ; 2 (2)       ; 2 (2)                     ; 0 (0)         ; 0           ; 0    ; 0            ; 0       ; 0         ; 0    ; 0            ; 0 (0)        ; 0 (0)             ; 2 (2)            ; |DE2_115_D8M_RTL|sld_signaltap:auto_signaltap_0|sld_signaltap_impl:sld_signaltap_body|sld_signaltap_implb:sld_signaltap_body|sld_ela_control:ela_control|sld_ela_basic_multi_level_trigger:\basic_multi_level_mbpm_trigger_gen:multi_level_mbpm|sld_mbpmg:\trigger_modules_gen:0:trigger_match|sld_sbpmg:\gen_sbpmg_pipeline_less_than_two:sm0:66:sm1       ; sld_sbpmg                         ; work         ;
;                      |sld_sbpmg:\gen_sbpmg_pipeline_less_than_two:sm0:67:sm1|                                                           ; 3 (3)       ; 2 (2)                     ; 0 (0)         ; 0           ; 0    ; 0            ; 0       ; 0         ; 0    ; 0            ; 0 (0)        ; 1 (1)             ; 2 (2)            ; |DE2_115_D8M_RTL|sld_signaltap:auto_signaltap_0|sld_signaltap_impl:sld_signaltap_body|sld_signaltap_implb:sld_signaltap_body|sld_ela_control:ela_control|sld_ela_basic_multi_level_trigger:\basic_multi_level_mbpm_trigger_gen:multi_level_mbpm|sld_mbpmg:\trigger_modules_gen:0:trigger_match|sld_sbpmg:\gen_sbpmg_pipeline_less_than_two:sm0:67:sm1       ; sld_sbpmg                         ; work         ;
;                      |sld_sbpmg:\gen_sbpmg_pipeline_less_than_two:sm0:68:sm1|                                                           ; 2 (2)       ; 2 (2)                     ; 0 (0)         ; 0           ; 0    ; 0            ; 0       ; 0         ; 0    ; 0            ; 0 (0)        ; 0 (0)             ; 2 (2)            ; |DE2_115_D8M_RTL|sld_signaltap:auto_signaltap_0|sld_signaltap_impl:sld_signaltap_body|sld_signaltap_implb:sld_signaltap_body|sld_ela_control:ela_control|sld_ela_basic_multi_level_trigger:\basic_multi_level_mbpm_trigger_gen:multi_level_mbpm|sld_mbpmg:\trigger_modules_gen:0:trigger_match|sld_sbpmg:\gen_sbpmg_pipeline_less_than_two:sm0:68:sm1       ; sld_sbpmg                         ; work         ;
;                      |sld_sbpmg:\gen_sbpmg_pipeline_less_than_two:sm0:69:sm1|                                                           ; 2 (2)       ; 2 (2)                     ; 0 (0)         ; 0           ; 0    ; 0            ; 0       ; 0         ; 0    ; 0            ; 0 (0)        ; 0 (0)             ; 2 (2)            ; |DE2_115_D8M_RTL|sld_signaltap:auto_signaltap_0|sld_signaltap_impl:sld_signaltap_body|sld_signaltap_implb:sld_signaltap_body|sld_ela_control:ela_control|sld_ela_basic_multi_level_trigger:\basic_multi_level_mbpm_trigger_gen:multi_level_mbpm|sld_mbpmg:\trigger_modules_gen:0:trigger_match|sld_sbpmg:\gen_sbpmg_pipeline_less_than_two:sm0:69:sm1       ; sld_sbpmg                         ; work         ;
;                      |sld_sbpmg:\gen_sbpmg_pipeline_less_than_two:sm0:6:sm1|                                                            ; 2 (2)       ; 2 (2)                     ; 0 (0)         ; 0           ; 0    ; 0            ; 0       ; 0         ; 0    ; 0            ; 0 (0)        ; 0 (0)             ; 2 (2)            ; |DE2_115_D8M_RTL|sld_signaltap:auto_signaltap_0|sld_signaltap_impl:sld_signaltap_body|sld_signaltap_implb:sld_signaltap_body|sld_ela_control:ela_control|sld_ela_basic_multi_level_trigger:\basic_multi_level_mbpm_trigger_gen:multi_level_mbpm|sld_mbpmg:\trigger_modules_gen:0:trigger_match|sld_sbpmg:\gen_sbpmg_pipeline_less_than_two:sm0:6:sm1        ; sld_sbpmg                         ; work         ;
;                      |sld_sbpmg:\gen_sbpmg_pipeline_less_than_two:sm0:70:sm1|                                                           ; 2 (2)       ; 2 (2)                     ; 0 (0)         ; 0           ; 0    ; 0            ; 0       ; 0         ; 0    ; 0            ; 0 (0)        ; 0 (0)             ; 2 (2)            ; |DE2_115_D8M_RTL|sld_signaltap:auto_signaltap_0|sld_signaltap_impl:sld_signaltap_body|sld_signaltap_implb:sld_signaltap_body|sld_ela_control:ela_control|sld_ela_basic_multi_level_trigger:\basic_multi_level_mbpm_trigger_gen:multi_level_mbpm|sld_mbpmg:\trigger_modules_gen:0:trigger_match|sld_sbpmg:\gen_sbpmg_pipeline_less_than_two:sm0:70:sm1       ; sld_sbpmg                         ; work         ;
;                      |sld_sbpmg:\gen_sbpmg_pipeline_less_than_two:sm0:71:sm1|                                                           ; 2 (2)       ; 2 (2)                     ; 0 (0)         ; 0           ; 0    ; 0            ; 0       ; 0         ; 0    ; 0            ; 0 (0)        ; 0 (0)             ; 2 (2)            ; |DE2_115_D8M_RTL|sld_signaltap:auto_signaltap_0|sld_signaltap_impl:sld_signaltap_body|sld_signaltap_implb:sld_signaltap_body|sld_ela_control:ela_control|sld_ela_basic_multi_level_trigger:\basic_multi_level_mbpm_trigger_gen:multi_level_mbpm|sld_mbpmg:\trigger_modules_gen:0:trigger_match|sld_sbpmg:\gen_sbpmg_pipeline_less_than_two:sm0:71:sm1       ; sld_sbpmg                         ; work         ;
;                      |sld_sbpmg:\gen_sbpmg_pipeline_less_than_two:sm0:72:sm1|                                                           ; 2 (2)       ; 2 (2)                     ; 0 (0)         ; 0           ; 0    ; 0            ; 0       ; 0         ; 0    ; 0            ; 0 (0)        ; 0 (0)             ; 2 (2)            ; |DE2_115_D8M_RTL|sld_signaltap:auto_signaltap_0|sld_signaltap_impl:sld_signaltap_body|sld_signaltap_implb:sld_signaltap_body|sld_ela_control:ela_control|sld_ela_basic_multi_level_trigger:\basic_multi_level_mbpm_trigger_gen:multi_level_mbpm|sld_mbpmg:\trigger_modules_gen:0:trigger_match|sld_sbpmg:\gen_sbpmg_pipeline_less_than_two:sm0:72:sm1       ; sld_sbpmg                         ; work         ;
;                      |sld_sbpmg:\gen_sbpmg_pipeline_less_than_two:sm0:73:sm1|                                                           ; 2 (2)       ; 2 (2)                     ; 0 (0)         ; 0           ; 0    ; 0            ; 0       ; 0         ; 0    ; 0            ; 0 (0)        ; 0 (0)             ; 2 (2)            ; |DE2_115_D8M_RTL|sld_signaltap:auto_signaltap_0|sld_signaltap_impl:sld_signaltap_body|sld_signaltap_implb:sld_signaltap_body|sld_ela_control:ela_control|sld_ela_basic_multi_level_trigger:\basic_multi_level_mbpm_trigger_gen:multi_level_mbpm|sld_mbpmg:\trigger_modules_gen:0:trigger_match|sld_sbpmg:\gen_sbpmg_pipeline_less_than_two:sm0:73:sm1       ; sld_sbpmg                         ; work         ;
;                      |sld_sbpmg:\gen_sbpmg_pipeline_less_than_two:sm0:74:sm1|                                                           ; 2 (2)       ; 2 (2)                     ; 0 (0)         ; 0           ; 0    ; 0            ; 0       ; 0         ; 0    ; 0            ; 0 (0)        ; 0 (0)             ; 2 (2)            ; |DE2_115_D8M_RTL|sld_signaltap:auto_signaltap_0|sld_signaltap_impl:sld_signaltap_body|sld_signaltap_implb:sld_signaltap_body|sld_ela_control:ela_control|sld_ela_basic_multi_level_trigger:\basic_multi_level_mbpm_trigger_gen:multi_level_mbpm|sld_mbpmg:\trigger_modules_gen:0:trigger_match|sld_sbpmg:\gen_sbpmg_pipeline_less_than_two:sm0:74:sm1       ; sld_sbpmg                         ; work         ;
;                      |sld_sbpmg:\gen_sbpmg_pipeline_less_than_two:sm0:75:sm1|                                                           ; 2 (2)       ; 2 (2)                     ; 0 (0)         ; 0           ; 0    ; 0            ; 0       ; 0         ; 0    ; 0            ; 0 (0)        ; 0 (0)             ; 2 (2)            ; |DE2_115_D8M_RTL|sld_signaltap:auto_signaltap_0|sld_signaltap_impl:sld_signaltap_body|sld_signaltap_implb:sld_signaltap_body|sld_ela_control:ela_control|sld_ela_basic_multi_level_trigger:\basic_multi_level_mbpm_trigger_gen:multi_level_mbpm|sld_mbpmg:\trigger_modules_gen:0:trigger_match|sld_sbpmg:\gen_sbpmg_pipeline_less_than_two:sm0:75:sm1       ; sld_sbpmg                         ; work         ;
;                      |sld_sbpmg:\gen_sbpmg_pipeline_less_than_two:sm0:76:sm1|                                                           ; 2 (2)       ; 2 (2)                     ; 0 (0)         ; 0           ; 0    ; 0            ; 0       ; 0         ; 0    ; 0            ; 0 (0)        ; 0 (0)             ; 2 (2)            ; |DE2_115_D8M_RTL|sld_signaltap:auto_signaltap_0|sld_signaltap_impl:sld_signaltap_body|sld_signaltap_implb:sld_signaltap_body|sld_ela_control:ela_control|sld_ela_basic_multi_level_trigger:\basic_multi_level_mbpm_trigger_gen:multi_level_mbpm|sld_mbpmg:\trigger_modules_gen:0:trigger_match|sld_sbpmg:\gen_sbpmg_pipeline_less_than_two:sm0:76:sm1       ; sld_sbpmg                         ; work         ;
;                      |sld_sbpmg:\gen_sbpmg_pipeline_less_than_two:sm0:77:sm1|                                                           ; 2 (2)       ; 2 (2)                     ; 0 (0)         ; 0           ; 0    ; 0            ; 0       ; 0         ; 0    ; 0            ; 0 (0)        ; 0 (0)             ; 2 (2)            ; |DE2_115_D8M_RTL|sld_signaltap:auto_signaltap_0|sld_signaltap_impl:sld_signaltap_body|sld_signaltap_implb:sld_signaltap_body|sld_ela_control:ela_control|sld_ela_basic_multi_level_trigger:\basic_multi_level_mbpm_trigger_gen:multi_level_mbpm|sld_mbpmg:\trigger_modules_gen:0:trigger_match|sld_sbpmg:\gen_sbpmg_pipeline_less_than_two:sm0:77:sm1       ; sld_sbpmg                         ; work         ;
;                      |sld_sbpmg:\gen_sbpmg_pipeline_less_than_two:sm0:78:sm1|                                                           ; 2 (2)       ; 2 (2)                     ; 0 (0)         ; 0           ; 0    ; 0            ; 0       ; 0         ; 0    ; 0            ; 0 (0)        ; 0 (0)             ; 2 (2)            ; |DE2_115_D8M_RTL|sld_signaltap:auto_signaltap_0|sld_signaltap_impl:sld_signaltap_body|sld_signaltap_implb:sld_signaltap_body|sld_ela_control:ela_control|sld_ela_basic_multi_level_trigger:\basic_multi_level_mbpm_trigger_gen:multi_level_mbpm|sld_mbpmg:\trigger_modules_gen:0:trigger_match|sld_sbpmg:\gen_sbpmg_pipeline_less_than_two:sm0:78:sm1       ; sld_sbpmg                         ; work         ;
;                      |sld_sbpmg:\gen_sbpmg_pipeline_less_than_two:sm0:79:sm1|                                                           ; 2 (2)       ; 2 (2)                     ; 0 (0)         ; 0           ; 0    ; 0            ; 0       ; 0         ; 0    ; 0            ; 0 (0)        ; 0 (0)             ; 2 (2)            ; |DE2_115_D8M_RTL|sld_signaltap:auto_signaltap_0|sld_signaltap_impl:sld_signaltap_body|sld_signaltap_implb:sld_signaltap_body|sld_ela_control:ela_control|sld_ela_basic_multi_level_trigger:\basic_multi_level_mbpm_trigger_gen:multi_level_mbpm|sld_mbpmg:\trigger_modules_gen:0:trigger_match|sld_sbpmg:\gen_sbpmg_pipeline_less_than_two:sm0:79:sm1       ; sld_sbpmg                         ; work         ;
;                      |sld_sbpmg:\gen_sbpmg_pipeline_less_than_two:sm0:7:sm1|                                                            ; 2 (2)       ; 2 (2)                     ; 0 (0)         ; 0           ; 0    ; 0            ; 0       ; 0         ; 0    ; 0            ; 0 (0)        ; 0 (0)             ; 2 (2)            ; |DE2_115_D8M_RTL|sld_signaltap:auto_signaltap_0|sld_signaltap_impl:sld_signaltap_body|sld_signaltap_implb:sld_signaltap_body|sld_ela_control:ela_control|sld_ela_basic_multi_level_trigger:\basic_multi_level_mbpm_trigger_gen:multi_level_mbpm|sld_mbpmg:\trigger_modules_gen:0:trigger_match|sld_sbpmg:\gen_sbpmg_pipeline_less_than_two:sm0:7:sm1        ; sld_sbpmg                         ; work         ;
;                      |sld_sbpmg:\gen_sbpmg_pipeline_less_than_two:sm0:80:sm1|                                                           ; 2 (2)       ; 2 (2)                     ; 0 (0)         ; 0           ; 0    ; 0            ; 0       ; 0         ; 0    ; 0            ; 0 (0)        ; 0 (0)             ; 2 (2)            ; |DE2_115_D8M_RTL|sld_signaltap:auto_signaltap_0|sld_signaltap_impl:sld_signaltap_body|sld_signaltap_implb:sld_signaltap_body|sld_ela_control:ela_control|sld_ela_basic_multi_level_trigger:\basic_multi_level_mbpm_trigger_gen:multi_level_mbpm|sld_mbpmg:\trigger_modules_gen:0:trigger_match|sld_sbpmg:\gen_sbpmg_pipeline_less_than_two:sm0:80:sm1       ; sld_sbpmg                         ; work         ;
;                      |sld_sbpmg:\gen_sbpmg_pipeline_less_than_two:sm0:81:sm1|                                                           ; 2 (2)       ; 2 (2)                     ; 0 (0)         ; 0           ; 0    ; 0            ; 0       ; 0         ; 0    ; 0            ; 0 (0)        ; 0 (0)             ; 2 (2)            ; |DE2_115_D8M_RTL|sld_signaltap:auto_signaltap_0|sld_signaltap_impl:sld_signaltap_body|sld_signaltap_implb:sld_signaltap_body|sld_ela_control:ela_control|sld_ela_basic_multi_level_trigger:\basic_multi_level_mbpm_trigger_gen:multi_level_mbpm|sld_mbpmg:\trigger_modules_gen:0:trigger_match|sld_sbpmg:\gen_sbpmg_pipeline_less_than_two:sm0:81:sm1       ; sld_sbpmg                         ; work         ;
;                      |sld_sbpmg:\gen_sbpmg_pipeline_less_than_two:sm0:82:sm1|                                                           ; 2 (2)       ; 2 (2)                     ; 0 (0)         ; 0           ; 0    ; 0            ; 0       ; 0         ; 0    ; 0            ; 0 (0)        ; 0 (0)             ; 2 (2)            ; |DE2_115_D8M_RTL|sld_signaltap:auto_signaltap_0|sld_signaltap_impl:sld_signaltap_body|sld_signaltap_implb:sld_signaltap_body|sld_ela_control:ela_control|sld_ela_basic_multi_level_trigger:\basic_multi_level_mbpm_trigger_gen:multi_level_mbpm|sld_mbpmg:\trigger_modules_gen:0:trigger_match|sld_sbpmg:\gen_sbpmg_pipeline_less_than_two:sm0:82:sm1       ; sld_sbpmg                         ; work         ;
;                      |sld_sbpmg:\gen_sbpmg_pipeline_less_than_two:sm0:83:sm1|                                                           ; 2 (2)       ; 2 (2)                     ; 0 (0)         ; 0           ; 0    ; 0            ; 0       ; 0         ; 0    ; 0            ; 0 (0)        ; 0 (0)             ; 2 (2)            ; |DE2_115_D8M_RTL|sld_signaltap:auto_signaltap_0|sld_signaltap_impl:sld_signaltap_body|sld_signaltap_implb:sld_signaltap_body|sld_ela_control:ela_control|sld_ela_basic_multi_level_trigger:\basic_multi_level_mbpm_trigger_gen:multi_level_mbpm|sld_mbpmg:\trigger_modules_gen:0:trigger_match|sld_sbpmg:\gen_sbpmg_pipeline_less_than_two:sm0:83:sm1       ; sld_sbpmg                         ; work         ;
;                      |sld_sbpmg:\gen_sbpmg_pipeline_less_than_two:sm0:84:sm1|                                                           ; 2 (2)       ; 2 (2)                     ; 0 (0)         ; 0           ; 0    ; 0            ; 0       ; 0         ; 0    ; 0            ; 0 (0)        ; 0 (0)             ; 2 (2)            ; |DE2_115_D8M_RTL|sld_signaltap:auto_signaltap_0|sld_signaltap_impl:sld_signaltap_body|sld_signaltap_implb:sld_signaltap_body|sld_ela_control:ela_control|sld_ela_basic_multi_level_trigger:\basic_multi_level_mbpm_trigger_gen:multi_level_mbpm|sld_mbpmg:\trigger_modules_gen:0:trigger_match|sld_sbpmg:\gen_sbpmg_pipeline_less_than_two:sm0:84:sm1       ; sld_sbpmg                         ; work         ;
;                      |sld_sbpmg:\gen_sbpmg_pipeline_less_than_two:sm0:85:sm1|                                                           ; 2 (2)       ; 2 (2)                     ; 0 (0)         ; 0           ; 0    ; 0            ; 0       ; 0         ; 0    ; 0            ; 0 (0)        ; 0 (0)             ; 2 (2)            ; |DE2_115_D8M_RTL|sld_signaltap:auto_signaltap_0|sld_signaltap_impl:sld_signaltap_body|sld_signaltap_implb:sld_signaltap_body|sld_ela_control:ela_control|sld_ela_basic_multi_level_trigger:\basic_multi_level_mbpm_trigger_gen:multi_level_mbpm|sld_mbpmg:\trigger_modules_gen:0:trigger_match|sld_sbpmg:\gen_sbpmg_pipeline_less_than_two:sm0:85:sm1       ; sld_sbpmg                         ; work         ;
;                      |sld_sbpmg:\gen_sbpmg_pipeline_less_than_two:sm0:86:sm1|                                                           ; 2 (2)       ; 2 (2)                     ; 0 (0)         ; 0           ; 0    ; 0            ; 0       ; 0         ; 0    ; 0            ; 0 (0)        ; 0 (0)             ; 2 (2)            ; |DE2_115_D8M_RTL|sld_signaltap:auto_signaltap_0|sld_signaltap_impl:sld_signaltap_body|sld_signaltap_implb:sld_signaltap_body|sld_ela_control:ela_control|sld_ela_basic_multi_level_trigger:\basic_multi_level_mbpm_trigger_gen:multi_level_mbpm|sld_mbpmg:\trigger_modules_gen:0:trigger_match|sld_sbpmg:\gen_sbpmg_pipeline_less_than_two:sm0:86:sm1       ; sld_sbpmg                         ; work         ;
;                      |sld_sbpmg:\gen_sbpmg_pipeline_less_than_two:sm0:87:sm1|                                                           ; 2 (2)       ; 2 (2)                     ; 0 (0)         ; 0           ; 0    ; 0            ; 0       ; 0         ; 0    ; 0            ; 0 (0)        ; 0 (0)             ; 2 (2)            ; |DE2_115_D8M_RTL|sld_signaltap:auto_signaltap_0|sld_signaltap_impl:sld_signaltap_body|sld_signaltap_implb:sld_signaltap_body|sld_ela_control:ela_control|sld_ela_basic_multi_level_trigger:\basic_multi_level_mbpm_trigger_gen:multi_level_mbpm|sld_mbpmg:\trigger_modules_gen:0:trigger_match|sld_sbpmg:\gen_sbpmg_pipeline_less_than_two:sm0:87:sm1       ; sld_sbpmg                         ; work         ;
;                      |sld_sbpmg:\gen_sbpmg_pipeline_less_than_two:sm0:88:sm1|                                                           ; 2 (2)       ; 2 (2)                     ; 0 (0)         ; 0           ; 0    ; 0            ; 0       ; 0         ; 0    ; 0            ; 0 (0)        ; 0 (0)             ; 2 (2)            ; |DE2_115_D8M_RTL|sld_signaltap:auto_signaltap_0|sld_signaltap_impl:sld_signaltap_body|sld_signaltap_implb:sld_signaltap_body|sld_ela_control:ela_control|sld_ela_basic_multi_level_trigger:\basic_multi_level_mbpm_trigger_gen:multi_level_mbpm|sld_mbpmg:\trigger_modules_gen:0:trigger_match|sld_sbpmg:\gen_sbpmg_pipeline_less_than_two:sm0:88:sm1       ; sld_sbpmg                         ; work         ;
;                      |sld_sbpmg:\gen_sbpmg_pipeline_less_than_two:sm0:89:sm1|                                                           ; 2 (2)       ; 2 (2)                     ; 0 (0)         ; 0           ; 0    ; 0            ; 0       ; 0         ; 0    ; 0            ; 0 (0)        ; 0 (0)             ; 2 (2)            ; |DE2_115_D8M_RTL|sld_signaltap:auto_signaltap_0|sld_signaltap_impl:sld_signaltap_body|sld_signaltap_implb:sld_signaltap_body|sld_ela_control:ela_control|sld_ela_basic_multi_level_trigger:\basic_multi_level_mbpm_trigger_gen:multi_level_mbpm|sld_mbpmg:\trigger_modules_gen:0:trigger_match|sld_sbpmg:\gen_sbpmg_pipeline_less_than_two:sm0:89:sm1       ; sld_sbpmg                         ; work         ;
;                      |sld_sbpmg:\gen_sbpmg_pipeline_less_than_two:sm0:8:sm1|                                                            ; 2 (2)       ; 2 (2)                     ; 0 (0)         ; 0           ; 0    ; 0            ; 0       ; 0         ; 0    ; 0            ; 0 (0)        ; 0 (0)             ; 2 (2)            ; |DE2_115_D8M_RTL|sld_signaltap:auto_signaltap_0|sld_signaltap_impl:sld_signaltap_body|sld_signaltap_implb:sld_signaltap_body|sld_ela_control:ela_control|sld_ela_basic_multi_level_trigger:\basic_multi_level_mbpm_trigger_gen:multi_level_mbpm|sld_mbpmg:\trigger_modules_gen:0:trigger_match|sld_sbpmg:\gen_sbpmg_pipeline_less_than_two:sm0:8:sm1        ; sld_sbpmg                         ; work         ;
;                      |sld_sbpmg:\gen_sbpmg_pipeline_less_than_two:sm0:90:sm1|                                                           ; 2 (2)       ; 2 (2)                     ; 0 (0)         ; 0           ; 0    ; 0            ; 0       ; 0         ; 0    ; 0            ; 0 (0)        ; 0 (0)             ; 2 (2)            ; |DE2_115_D8M_RTL|sld_signaltap:auto_signaltap_0|sld_signaltap_impl:sld_signaltap_body|sld_signaltap_implb:sld_signaltap_body|sld_ela_control:ela_control|sld_ela_basic_multi_level_trigger:\basic_multi_level_mbpm_trigger_gen:multi_level_mbpm|sld_mbpmg:\trigger_modules_gen:0:trigger_match|sld_sbpmg:\gen_sbpmg_pipeline_less_than_two:sm0:90:sm1       ; sld_sbpmg                         ; work         ;
;                      |sld_sbpmg:\gen_sbpmg_pipeline_less_than_two:sm0:91:sm1|                                                           ; 2 (2)       ; 2 (2)                     ; 0 (0)         ; 0           ; 0    ; 0            ; 0       ; 0         ; 0    ; 0            ; 0 (0)        ; 0 (0)             ; 2 (2)            ; |DE2_115_D8M_RTL|sld_signaltap:auto_signaltap_0|sld_signaltap_impl:sld_signaltap_body|sld_signaltap_implb:sld_signaltap_body|sld_ela_control:ela_control|sld_ela_basic_multi_level_trigger:\basic_multi_level_mbpm_trigger_gen:multi_level_mbpm|sld_mbpmg:\trigger_modules_gen:0:trigger_match|sld_sbpmg:\gen_sbpmg_pipeline_less_than_two:sm0:91:sm1       ; sld_sbpmg                         ; work         ;
;                      |sld_sbpmg:\gen_sbpmg_pipeline_less_than_two:sm0:92:sm1|                                                           ; 2 (2)       ; 2 (2)                     ; 0 (0)         ; 0           ; 0    ; 0            ; 0       ; 0         ; 0    ; 0            ; 0 (0)        ; 0 (0)             ; 2 (2)            ; |DE2_115_D8M_RTL|sld_signaltap:auto_signaltap_0|sld_signaltap_impl:sld_signaltap_body|sld_signaltap_implb:sld_signaltap_body|sld_ela_control:ela_control|sld_ela_basic_multi_level_trigger:\basic_multi_level_mbpm_trigger_gen:multi_level_mbpm|sld_mbpmg:\trigger_modules_gen:0:trigger_match|sld_sbpmg:\gen_sbpmg_pipeline_less_than_two:sm0:92:sm1       ; sld_sbpmg                         ; work         ;
;                      |sld_sbpmg:\gen_sbpmg_pipeline_less_than_two:sm0:93:sm1|                                                           ; 2 (2)       ; 2 (2)                     ; 0 (0)         ; 0           ; 0    ; 0            ; 0       ; 0         ; 0    ; 0            ; 0 (0)        ; 0 (0)             ; 2 (2)            ; |DE2_115_D8M_RTL|sld_signaltap:auto_signaltap_0|sld_signaltap_impl:sld_signaltap_body|sld_signaltap_implb:sld_signaltap_body|sld_ela_control:ela_control|sld_ela_basic_multi_level_trigger:\basic_multi_level_mbpm_trigger_gen:multi_level_mbpm|sld_mbpmg:\trigger_modules_gen:0:trigger_match|sld_sbpmg:\gen_sbpmg_pipeline_less_than_two:sm0:93:sm1       ; sld_sbpmg                         ; work         ;
;                      |sld_sbpmg:\gen_sbpmg_pipeline_less_than_two:sm0:94:sm1|                                                           ; 2 (2)       ; 2 (2)                     ; 0 (0)         ; 0           ; 0    ; 0            ; 0       ; 0         ; 0    ; 0            ; 0 (0)        ; 0 (0)             ; 2 (2)            ; |DE2_115_D8M_RTL|sld_signaltap:auto_signaltap_0|sld_signaltap_impl:sld_signaltap_body|sld_signaltap_implb:sld_signaltap_body|sld_ela_control:ela_control|sld_ela_basic_multi_level_trigger:\basic_multi_level_mbpm_trigger_gen:multi_level_mbpm|sld_mbpmg:\trigger_modules_gen:0:trigger_match|sld_sbpmg:\gen_sbpmg_pipeline_less_than_two:sm0:94:sm1       ; sld_sbpmg                         ; work         ;
;                      |sld_sbpmg:\gen_sbpmg_pipeline_less_than_two:sm0:95:sm1|                                                           ; 2 (2)       ; 2 (2)                     ; 0 (0)         ; 0           ; 0    ; 0            ; 0       ; 0         ; 0    ; 0            ; 0 (0)        ; 0 (0)             ; 2 (2)            ; |DE2_115_D8M_RTL|sld_signaltap:auto_signaltap_0|sld_signaltap_impl:sld_signaltap_body|sld_signaltap_implb:sld_signaltap_body|sld_ela_control:ela_control|sld_ela_basic_multi_level_trigger:\basic_multi_level_mbpm_trigger_gen:multi_level_mbpm|sld_mbpmg:\trigger_modules_gen:0:trigger_match|sld_sbpmg:\gen_sbpmg_pipeline_less_than_two:sm0:95:sm1       ; sld_sbpmg                         ; work         ;
;                      |sld_sbpmg:\gen_sbpmg_pipeline_less_than_two:sm0:96:sm1|                                                           ; 2 (2)       ; 2 (2)                     ; 0 (0)         ; 0           ; 0    ; 0            ; 0       ; 0         ; 0    ; 0            ; 0 (0)        ; 0 (0)             ; 2 (2)            ; |DE2_115_D8M_RTL|sld_signaltap:auto_signaltap_0|sld_signaltap_impl:sld_signaltap_body|sld_signaltap_implb:sld_signaltap_body|sld_ela_control:ela_control|sld_ela_basic_multi_level_trigger:\basic_multi_level_mbpm_trigger_gen:multi_level_mbpm|sld_mbpmg:\trigger_modules_gen:0:trigger_match|sld_sbpmg:\gen_sbpmg_pipeline_less_than_two:sm0:96:sm1       ; sld_sbpmg                         ; work         ;
;                      |sld_sbpmg:\gen_sbpmg_pipeline_less_than_two:sm0:97:sm1|                                                           ; 2 (2)       ; 2 (2)                     ; 0 (0)         ; 0           ; 0    ; 0            ; 0       ; 0         ; 0    ; 0            ; 0 (0)        ; 0 (0)             ; 2 (2)            ; |DE2_115_D8M_RTL|sld_signaltap:auto_signaltap_0|sld_signaltap_impl:sld_signaltap_body|sld_signaltap_implb:sld_signaltap_body|sld_ela_control:ela_control|sld_ela_basic_multi_level_trigger:\basic_multi_level_mbpm_trigger_gen:multi_level_mbpm|sld_mbpmg:\trigger_modules_gen:0:trigger_match|sld_sbpmg:\gen_sbpmg_pipeline_less_than_two:sm0:97:sm1       ; sld_sbpmg                         ; work         ;
;                      |sld_sbpmg:\gen_sbpmg_pipeline_less_than_two:sm0:98:sm1|                                                           ; 2 (2)       ; 2 (2)                     ; 0 (0)         ; 0           ; 0    ; 0            ; 0       ; 0         ; 0    ; 0            ; 0 (0)        ; 0 (0)             ; 2 (2)            ; |DE2_115_D8M_RTL|sld_signaltap:auto_signaltap_0|sld_signaltap_impl:sld_signaltap_body|sld_signaltap_implb:sld_signaltap_body|sld_ela_control:ela_control|sld_ela_basic_multi_level_trigger:\basic_multi_level_mbpm_trigger_gen:multi_level_mbpm|sld_mbpmg:\trigger_modules_gen:0:trigger_match|sld_sbpmg:\gen_sbpmg_pipeline_less_than_two:sm0:98:sm1       ; sld_sbpmg                         ; work         ;
;                      |sld_sbpmg:\gen_sbpmg_pipeline_less_than_two:sm0:99:sm1|                                                           ; 2 (2)       ; 2 (2)                     ; 0 (0)         ; 0           ; 0    ; 0            ; 0       ; 0         ; 0    ; 0            ; 0 (0)        ; 0 (0)             ; 2 (2)            ; |DE2_115_D8M_RTL|sld_signaltap:auto_signaltap_0|sld_signaltap_impl:sld_signaltap_body|sld_signaltap_implb:sld_signaltap_body|sld_ela_control:ela_control|sld_ela_basic_multi_level_trigger:\basic_multi_level_mbpm_trigger_gen:multi_level_mbpm|sld_mbpmg:\trigger_modules_gen:0:trigger_match|sld_sbpmg:\gen_sbpmg_pipeline_less_than_two:sm0:99:sm1       ; sld_sbpmg                         ; work         ;
;                      |sld_sbpmg:\gen_sbpmg_pipeline_less_than_two:sm0:9:sm1|                                                            ; 2 (2)       ; 2 (2)                     ; 0 (0)         ; 0           ; 0    ; 0            ; 0       ; 0         ; 0    ; 0            ; 0 (0)        ; 0 (0)             ; 2 (2)            ; |DE2_115_D8M_RTL|sld_signaltap:auto_signaltap_0|sld_signaltap_impl:sld_signaltap_body|sld_signaltap_implb:sld_signaltap_body|sld_ela_control:ela_control|sld_ela_basic_multi_level_trigger:\basic_multi_level_mbpm_trigger_gen:multi_level_mbpm|sld_mbpmg:\trigger_modules_gen:0:trigger_match|sld_sbpmg:\gen_sbpmg_pipeline_less_than_two:sm0:9:sm1        ; sld_sbpmg                         ; work         ;
;                |sld_ela_trigger_flow_mgr:\builtin:ela_trigger_flow_mgr_entity|                                                          ; 46 (36)     ; 11 (1)                    ; 0 (0)         ; 0           ; 0    ; 0            ; 0       ; 0         ; 0    ; 0            ; 34 (34)      ; 10 (0)            ; 2 (2)            ; |DE2_115_D8M_RTL|sld_signaltap:auto_signaltap_0|sld_signaltap_impl:sld_signaltap_body|sld_signaltap_implb:sld_signaltap_body|sld_ela_control:ela_control|sld_ela_trigger_flow_mgr:\builtin:ela_trigger_flow_mgr_entity                                                                                                                                      ; sld_ela_trigger_flow_mgr          ; work         ;
;                   |lpm_shiftreg:trigger_config_deserialize|                                                                             ; 10 (10)     ; 10 (10)                   ; 0 (0)         ; 0           ; 0    ; 0            ; 0       ; 0         ; 0    ; 0            ; 0 (0)        ; 10 (10)           ; 0 (0)            ; |DE2_115_D8M_RTL|sld_signaltap:auto_signaltap_0|sld_signaltap_impl:sld_signaltap_body|sld_signaltap_implb:sld_signaltap_body|sld_ela_control:ela_control|sld_ela_trigger_flow_mgr:\builtin:ela_trigger_flow_mgr_entity|lpm_shiftreg:trigger_config_deserialize                                                                                              ; lpm_shiftreg                      ; work         ;
;                |sld_mbpmg:\trigger_in_trigger_module_enabled_gen:trigger_in_match|                                                      ; 3 (0)       ; 2 (0)                     ; 0 (0)         ; 0           ; 0    ; 0            ; 0       ; 0         ; 0    ; 0            ; 0 (0)        ; 1 (0)             ; 2 (0)            ; |DE2_115_D8M_RTL|sld_signaltap:auto_signaltap_0|sld_signaltap_impl:sld_signaltap_body|sld_signaltap_implb:sld_signaltap_body|sld_ela_control:ela_control|sld_mbpmg:\trigger_in_trigger_module_enabled_gen:trigger_in_match                                                                                                                                  ; sld_mbpmg                         ; work         ;
;                   |sld_sbpmg:\gen_sbpmg_pipeline_less_than_two:sm0:0:sm1|                                                               ; 3 (3)       ; 2 (2)                     ; 0 (0)         ; 0           ; 0    ; 0            ; 0       ; 0         ; 0    ; 0            ; 0 (0)        ; 1 (1)             ; 2 (2)            ; |DE2_115_D8M_RTL|sld_signaltap:auto_signaltap_0|sld_signaltap_impl:sld_signaltap_body|sld_signaltap_implb:sld_signaltap_body|sld_ela_control:ela_control|sld_mbpmg:\trigger_in_trigger_module_enabled_gen:trigger_in_match|sld_sbpmg:\gen_sbpmg_pipeline_less_than_two:sm0:0:sm1                                                                            ; sld_sbpmg                         ; work         ;
;             |sld_offload_buffer_mgr:\stp_non_zero_depth_offload_gen:stp_offload_buff_mgr_inst|                                          ; 204 (12)    ; 185 (0)                   ; 0 (0)         ; 0           ; 0    ; 0            ; 0       ; 0         ; 0    ; 0            ; 18 (12)      ; 1 (0)             ; 185 (0)          ; |DE2_115_D8M_RTL|sld_signaltap:auto_signaltap_0|sld_signaltap_impl:sld_signaltap_body|sld_signaltap_implb:sld_signaltap_body|sld_offload_buffer_mgr:\stp_non_zero_depth_offload_gen:stp_offload_buff_mgr_inst                                                                                                                                               ; sld_offload_buffer_mgr            ; work         ;
;                |lpm_counter:\adv_point_3_and_more:advance_pointer_counter|                                                              ; 9 (0)       ; 7 (0)                     ; 0 (0)         ; 0           ; 0    ; 0            ; 0       ; 0         ; 0    ; 0            ; 2 (0)        ; 0 (0)             ; 7 (0)            ; |DE2_115_D8M_RTL|sld_signaltap:auto_signaltap_0|sld_signaltap_impl:sld_signaltap_body|sld_signaltap_implb:sld_signaltap_body|sld_offload_buffer_mgr:\stp_non_zero_depth_offload_gen:stp_offload_buff_mgr_inst|lpm_counter:\adv_point_3_and_more:advance_pointer_counter                                                                                     ; lpm_counter                       ; work         ;
;                   |cntr_1ii:auto_generated|                                                                                             ; 9 (9)       ; 7 (7)                     ; 0 (0)         ; 0           ; 0    ; 0            ; 0       ; 0         ; 0    ; 0            ; 2 (2)        ; 0 (0)             ; 7 (7)            ; |DE2_115_D8M_RTL|sld_signaltap:auto_signaltap_0|sld_signaltap_impl:sld_signaltap_body|sld_signaltap_implb:sld_signaltap_body|sld_offload_buffer_mgr:\stp_non_zero_depth_offload_gen:stp_offload_buff_mgr_inst|lpm_counter:\adv_point_3_and_more:advance_pointer_counter|cntr_1ii:auto_generated                                                             ; cntr_1ii                          ; work         ;
;                |lpm_counter:read_pointer_counter|                                                                                       ; 13 (0)      ; 13 (0)                    ; 0 (0)         ; 0           ; 0    ; 0            ; 0       ; 0         ; 0    ; 0            ; 0 (0)        ; 0 (0)             ; 13 (0)           ; |DE2_115_D8M_RTL|sld_signaltap:auto_signaltap_0|sld_signaltap_impl:sld_signaltap_body|sld_signaltap_implb:sld_signaltap_body|sld_offload_buffer_mgr:\stp_non_zero_depth_offload_gen:stp_offload_buff_mgr_inst|lpm_counter:read_pointer_counter                                                                                                              ; lpm_counter                       ; work         ;
;                   |cntr_o9j:auto_generated|                                                                                             ; 13 (13)     ; 13 (13)                   ; 0 (0)         ; 0           ; 0    ; 0            ; 0       ; 0         ; 0    ; 0            ; 0 (0)        ; 0 (0)             ; 13 (13)          ; |DE2_115_D8M_RTL|sld_signaltap:auto_signaltap_0|sld_signaltap_impl:sld_signaltap_body|sld_signaltap_implb:sld_signaltap_body|sld_offload_buffer_mgr:\stp_non_zero_depth_offload_gen:stp_offload_buff_mgr_inst|lpm_counter:read_pointer_counter|cntr_o9j:auto_generated                                                                                      ; cntr_o9j                          ; work         ;
;                |lpm_counter:status_advance_pointer_counter|                                                                             ; 7 (0)       ; 5 (0)                     ; 0 (0)         ; 0           ; 0    ; 0            ; 0       ; 0         ; 0    ; 0            ; 2 (0)        ; 0 (0)             ; 5 (0)            ; |DE2_115_D8M_RTL|sld_signaltap:auto_signaltap_0|sld_signaltap_impl:sld_signaltap_body|sld_signaltap_implb:sld_signaltap_body|sld_offload_buffer_mgr:\stp_non_zero_depth_offload_gen:stp_offload_buff_mgr_inst|lpm_counter:status_advance_pointer_counter                                                                                                    ; lpm_counter                       ; work         ;
;                   |cntr_igi:auto_generated|                                                                                             ; 7 (7)       ; 5 (5)                     ; 0 (0)         ; 0           ; 0    ; 0            ; 0       ; 0         ; 0    ; 0            ; 2 (2)        ; 0 (0)             ; 5 (5)            ; |DE2_115_D8M_RTL|sld_signaltap:auto_signaltap_0|sld_signaltap_impl:sld_signaltap_body|sld_signaltap_implb:sld_signaltap_body|sld_offload_buffer_mgr:\stp_non_zero_depth_offload_gen:stp_offload_buff_mgr_inst|lpm_counter:status_advance_pointer_counter|cntr_igi:auto_generated                                                                            ; cntr_igi                          ; work         ;
;                |lpm_counter:status_read_pointer_counter|                                                                                ; 3 (0)       ; 1 (0)                     ; 0 (0)         ; 0           ; 0    ; 0            ; 0       ; 0         ; 0    ; 0            ; 2 (0)        ; 0 (0)             ; 1 (0)            ; |DE2_115_D8M_RTL|sld_signaltap:auto_signaltap_0|sld_signaltap_impl:sld_signaltap_body|sld_signaltap_implb:sld_signaltap_body|sld_offload_buffer_mgr:\stp_non_zero_depth_offload_gen:stp_offload_buff_mgr_inst|lpm_counter:status_read_pointer_counter                                                                                                       ; lpm_counter                       ; work         ;
;                   |cntr_23j:auto_generated|                                                                                             ; 3 (3)       ; 1 (1)                     ; 0 (0)         ; 0           ; 0    ; 0            ; 0       ; 0         ; 0    ; 0            ; 2 (2)        ; 0 (0)             ; 1 (1)            ; |DE2_115_D8M_RTL|sld_signaltap:auto_signaltap_0|sld_signaltap_impl:sld_signaltap_body|sld_signaltap_implb:sld_signaltap_body|sld_offload_buffer_mgr:\stp_non_zero_depth_offload_gen:stp_offload_buff_mgr_inst|lpm_counter:status_read_pointer_counter|cntr_23j:auto_generated                                                                               ; cntr_23j                          ; work         ;
;                |lpm_shiftreg:info_data_shift_out|                                                                                       ; 28 (28)     ; 27 (27)                   ; 0 (0)         ; 0           ; 0    ; 0            ; 0       ; 0         ; 0    ; 0            ; 0 (0)        ; 1 (1)             ; 27 (27)          ; |DE2_115_D8M_RTL|sld_signaltap:auto_signaltap_0|sld_signaltap_impl:sld_signaltap_body|sld_signaltap_implb:sld_signaltap_body|sld_offload_buffer_mgr:\stp_non_zero_depth_offload_gen:stp_offload_buff_mgr_inst|lpm_shiftreg:info_data_shift_out                                                                                                              ; lpm_shiftreg                      ; work         ;
;                |lpm_shiftreg:ram_data_shift_out|                                                                                        ; 105 (105)   ; 105 (105)                 ; 0 (0)         ; 0           ; 0    ; 0            ; 0       ; 0         ; 0    ; 0            ; 0 (0)        ; 0 (0)             ; 105 (105)        ; |DE2_115_D8M_RTL|sld_signaltap:auto_signaltap_0|sld_signaltap_impl:sld_signaltap_body|sld_signaltap_implb:sld_signaltap_body|sld_offload_buffer_mgr:\stp_non_zero_depth_offload_gen:stp_offload_buff_mgr_inst|lpm_shiftreg:ram_data_shift_out                                                                                                               ; lpm_shiftreg                      ; work         ;
;                |lpm_shiftreg:status_data_shift_out|                                                                                     ; 27 (27)     ; 27 (27)                   ; 0 (0)         ; 0           ; 0    ; 0            ; 0       ; 0         ; 0    ; 0            ; 0 (0)        ; 0 (0)             ; 27 (27)          ; |DE2_115_D8M_RTL|sld_signaltap:auto_signaltap_0|sld_signaltap_impl:sld_signaltap_body|sld_signaltap_implb:sld_signaltap_body|sld_offload_buffer_mgr:\stp_non_zero_depth_offload_gen:stp_offload_buff_mgr_inst|lpm_shiftreg:status_data_shift_out                                                                                                            ; lpm_shiftreg                      ; work         ;
;             |sld_rom_sr:crc_rom_sr|                                                                                                     ; 30 (30)     ; 8 (8)                     ; 0 (0)         ; 0           ; 0    ; 0            ; 0       ; 0         ; 0    ; 0            ; 22 (22)      ; 0 (0)             ; 8 (8)            ; |DE2_115_D8M_RTL|sld_signaltap:auto_signaltap_0|sld_signaltap_impl:sld_signaltap_body|sld_signaltap_implb:sld_signaltap_body|sld_rom_sr:crc_rom_sr                                                                                                                                                                                                          ; sld_rom_sr                        ; work         ;
+-----------------------------------------------------------------------------------------------------------------------------------------+-------------+---------------------------+---------------+-------------+------+--------------+---------+-----------+------+--------------+--------------+-------------------+------------------+-------------------------------------------------------------------------------------------------------------------------------------------------------------------------------------------------------------------------------------------------------------------------------------------------------------------------------------------------------------+-----------------------------------+--------------+
Note: For table entries with two numbers listed, the numbers in parentheses indicate the number of resources of the given type used by the specific entity alone. The numbers listed outside of parentheses indicate the total resources of the given type used by the specific entity and all of its sub-entities in the hierarchy.


+-----------------------------------------------------------------------------------------------+
; Delay Chain Summary                                                                           ;
+---------------+----------+---------------+---------------+-----------------------+-----+------+
; Name          ; Pin Type ; Pad to Core 0 ; Pad to Core 1 ; Pad to Input Register ; TCO ; TCOE ;
+---------------+----------+---------------+---------------+-----------------------+-----+------+
; LEDG[0]       ; Output   ; --            ; --            ; --                    ; --  ; --   ;
; LEDG[1]       ; Output   ; --            ; --            ; --                    ; --  ; --   ;
; LEDG[2]       ; Output   ; --            ; --            ; --                    ; --  ; --   ;
; LEDG[3]       ; Output   ; --            ; --            ; --                    ; --  ; --   ;
; LEDG[4]       ; Output   ; --            ; --            ; --                    ; --  ; --   ;
; LEDG[5]       ; Output   ; --            ; --            ; --                    ; --  ; --   ;
; LEDG[6]       ; Output   ; --            ; --            ; --                    ; --  ; --   ;
; LEDG[7]       ; Output   ; --            ; --            ; --                    ; --  ; --   ;
; LEDG[8]       ; Output   ; --            ; --            ; --                    ; --  ; --   ;
; LEDR[0]       ; Output   ; --            ; --            ; --                    ; --  ; --   ;
; LEDR[1]       ; Output   ; --            ; --            ; --                    ; --  ; --   ;
; LEDR[2]       ; Output   ; --            ; --            ; --                    ; --  ; --   ;
; LEDR[3]       ; Output   ; --            ; --            ; --                    ; --  ; --   ;
; LEDR[4]       ; Output   ; --            ; --            ; --                    ; --  ; --   ;
; LEDR[5]       ; Output   ; --            ; --            ; --                    ; --  ; --   ;
; LEDR[6]       ; Output   ; --            ; --            ; --                    ; --  ; --   ;
; LEDR[7]       ; Output   ; --            ; --            ; --                    ; --  ; --   ;
; LEDR[8]       ; Output   ; --            ; --            ; --                    ; --  ; --   ;
; LEDR[9]       ; Output   ; --            ; --            ; --                    ; --  ; --   ;
; LEDR[10]      ; Output   ; --            ; --            ; --                    ; --  ; --   ;
; LEDR[11]      ; Output   ; --            ; --            ; --                    ; --  ; --   ;
; LEDR[12]      ; Output   ; --            ; --            ; --                    ; --  ; --   ;
; LEDR[13]      ; Output   ; --            ; --            ; --                    ; --  ; --   ;
; LEDR[14]      ; Output   ; --            ; --            ; --                    ; --  ; --   ;
; LEDR[15]      ; Output   ; --            ; --            ; --                    ; --  ; --   ;
; LEDR[16]      ; Output   ; --            ; --            ; --                    ; --  ; --   ;
; LEDR[17]      ; Output   ; --            ; --            ; --                    ; --  ; --   ;
; SW[0]         ; Input    ; --            ; --            ; --                    ; --  ; --   ;
; SW[1]         ; Input    ; --            ; --            ; --                    ; --  ; --   ;
; SW[2]         ; Input    ; --            ; --            ; --                    ; --  ; --   ;
; SW[3]         ; Input    ; --            ; --            ; --                    ; --  ; --   ;
; SW[4]         ; Input    ; --            ; --            ; --                    ; --  ; --   ;
; SW[5]         ; Input    ; --            ; --            ; --                    ; --  ; --   ;
; SW[6]         ; Input    ; --            ; --            ; --                    ; --  ; --   ;
; SW[7]         ; Input    ; --            ; --            ; --                    ; --  ; --   ;
; SW[8]         ; Input    ; --            ; --            ; --                    ; --  ; --   ;
; SW[9]         ; Input    ; --            ; --            ; --                    ; --  ; --   ;
; SW[10]        ; Input    ; --            ; --            ; --                    ; --  ; --   ;
; SW[11]        ; Input    ; --            ; --            ; --                    ; --  ; --   ;
; SW[12]        ; Input    ; --            ; --            ; --                    ; --  ; --   ;
; SW[13]        ; Input    ; --            ; --            ; --                    ; --  ; --   ;
; SW[14]        ; Input    ; --            ; --            ; --                    ; --  ; --   ;
; SW[15]        ; Input    ; --            ; --            ; --                    ; --  ; --   ;
; SW[16]        ; Input    ; --            ; --            ; --                    ; --  ; --   ;
; SW[17]        ; Input    ; --            ; --            ; --                    ; --  ; --   ;
; HEX0[0]       ; Output   ; --            ; --            ; --                    ; --  ; --   ;
; HEX0[1]       ; Output   ; --            ; --            ; --                    ; --  ; --   ;
; HEX0[2]       ; Output   ; --            ; --            ; --                    ; --  ; --   ;
; HEX0[3]       ; Output   ; --            ; --            ; --                    ; --  ; --   ;
; HEX0[4]       ; Output   ; --            ; --            ; --                    ; --  ; --   ;
; HEX0[5]       ; Output   ; --            ; --            ; --                    ; --  ; --   ;
; HEX0[6]       ; Output   ; --            ; --            ; --                    ; --  ; --   ;
; HEX1[0]       ; Output   ; --            ; --            ; --                    ; --  ; --   ;
; HEX1[1]       ; Output   ; --            ; --            ; --                    ; --  ; --   ;
; HEX1[2]       ; Output   ; --            ; --            ; --                    ; --  ; --   ;
; HEX1[3]       ; Output   ; --            ; --            ; --                    ; --  ; --   ;
; HEX1[4]       ; Output   ; --            ; --            ; --                    ; --  ; --   ;
; HEX1[5]       ; Output   ; --            ; --            ; --                    ; --  ; --   ;
; HEX1[6]       ; Output   ; --            ; --            ; --                    ; --  ; --   ;
; HEX2[0]       ; Output   ; --            ; --            ; --                    ; --  ; --   ;
; HEX2[1]       ; Output   ; --            ; --            ; --                    ; --  ; --   ;
; HEX2[2]       ; Output   ; --            ; --            ; --                    ; --  ; --   ;
; HEX2[3]       ; Output   ; --            ; --            ; --                    ; --  ; --   ;
; HEX2[4]       ; Output   ; --            ; --            ; --                    ; --  ; --   ;
; HEX2[5]       ; Output   ; --            ; --            ; --                    ; --  ; --   ;
; HEX2[6]       ; Output   ; --            ; --            ; --                    ; --  ; --   ;
; HEX3[0]       ; Output   ; --            ; --            ; --                    ; --  ; --   ;
; HEX3[1]       ; Output   ; --            ; --            ; --                    ; --  ; --   ;
; HEX3[2]       ; Output   ; --            ; --            ; --                    ; --  ; --   ;
; HEX3[3]       ; Output   ; --            ; --            ; --                    ; --  ; --   ;
; HEX3[4]       ; Output   ; --            ; --            ; --                    ; --  ; --   ;
; HEX3[5]       ; Output   ; --            ; --            ; --                    ; --  ; --   ;
; HEX3[6]       ; Output   ; --            ; --            ; --                    ; --  ; --   ;
; HEX4[0]       ; Output   ; --            ; --            ; --                    ; --  ; --   ;
; HEX4[1]       ; Output   ; --            ; --            ; --                    ; --  ; --   ;
; HEX4[2]       ; Output   ; --            ; --            ; --                    ; --  ; --   ;
; HEX4[3]       ; Output   ; --            ; --            ; --                    ; --  ; --   ;
; HEX4[4]       ; Output   ; --            ; --            ; --                    ; --  ; --   ;
; HEX4[5]       ; Output   ; --            ; --            ; --                    ; --  ; --   ;
; HEX4[6]       ; Output   ; --            ; --            ; --                    ; --  ; --   ;
; HEX5[0]       ; Output   ; --            ; --            ; --                    ; --  ; --   ;
; HEX5[1]       ; Output   ; --            ; --            ; --                    ; --  ; --   ;
; HEX5[2]       ; Output   ; --            ; --            ; --                    ; --  ; --   ;
; HEX5[3]       ; Output   ; --            ; --            ; --                    ; --  ; --   ;
; HEX5[4]       ; Output   ; --            ; --            ; --                    ; --  ; --   ;
; HEX5[5]       ; Output   ; --            ; --            ; --                    ; --  ; --   ;
; HEX5[6]       ; Output   ; --            ; --            ; --                    ; --  ; --   ;
; HEX6[0]       ; Output   ; --            ; --            ; --                    ; --  ; --   ;
; HEX6[1]       ; Output   ; --            ; --            ; --                    ; --  ; --   ;
; HEX6[2]       ; Output   ; --            ; --            ; --                    ; --  ; --   ;
; HEX6[3]       ; Output   ; --            ; --            ; --                    ; --  ; --   ;
; HEX6[4]       ; Output   ; --            ; --            ; --                    ; --  ; --   ;
; HEX6[5]       ; Output   ; --            ; --            ; --                    ; --  ; --   ;
; HEX6[6]       ; Output   ; --            ; --            ; --                    ; --  ; --   ;
; HEX7[0]       ; Output   ; --            ; --            ; --                    ; --  ; --   ;
; HEX7[1]       ; Output   ; --            ; --            ; --                    ; --  ; --   ;
; HEX7[2]       ; Output   ; --            ; --            ; --                    ; --  ; --   ;
; HEX7[3]       ; Output   ; --            ; --            ; --                    ; --  ; --   ;
; HEX7[4]       ; Output   ; --            ; --            ; --                    ; --  ; --   ;
; HEX7[5]       ; Output   ; --            ; --            ; --                    ; --  ; --   ;
; HEX7[6]       ; Output   ; --            ; --            ; --                    ; --  ; --   ;
; VGA_BLANK_N   ; Output   ; --            ; --            ; --                    ; --  ; --   ;
; VGA_B[0]      ; Output   ; --            ; --            ; --                    ; --  ; --   ;
; VGA_B[1]      ; Output   ; --            ; --            ; --                    ; --  ; --   ;
; VGA_B[2]      ; Output   ; --            ; --            ; --                    ; --  ; --   ;
; VGA_B[3]      ; Output   ; --            ; --            ; --                    ; --  ; --   ;
; VGA_B[4]      ; Output   ; --            ; --            ; --                    ; --  ; --   ;
; VGA_B[5]      ; Output   ; --            ; --            ; --                    ; --  ; --   ;
; VGA_B[6]      ; Output   ; --            ; --            ; --                    ; --  ; --   ;
; VGA_B[7]      ; Output   ; --            ; --            ; --                    ; --  ; --   ;
; VGA_CLK       ; Output   ; --            ; --            ; --                    ; --  ; --   ;
; VGA_G[0]      ; Output   ; --            ; --            ; --                    ; --  ; --   ;
; VGA_G[1]      ; Output   ; --            ; --            ; --                    ; --  ; --   ;
; VGA_G[2]      ; Output   ; --            ; --            ; --                    ; --  ; --   ;
; VGA_G[3]      ; Output   ; --            ; --            ; --                    ; --  ; --   ;
; VGA_G[4]      ; Output   ; --            ; --            ; --                    ; --  ; --   ;
; VGA_G[5]      ; Output   ; --            ; --            ; --                    ; --  ; --   ;
; VGA_G[6]      ; Output   ; --            ; --            ; --                    ; --  ; --   ;
; VGA_G[7]      ; Output   ; --            ; --            ; --                    ; --  ; --   ;
; VGA_HS        ; Output   ; --            ; --            ; --                    ; --  ; --   ;
; VGA_R[0]      ; Output   ; --            ; --            ; --                    ; --  ; --   ;
; VGA_R[1]      ; Output   ; --            ; --            ; --                    ; --  ; --   ;
; VGA_R[2]      ; Output   ; --            ; --            ; --                    ; --  ; --   ;
; VGA_R[3]      ; Output   ; --            ; --            ; --                    ; --  ; --   ;
; VGA_R[4]      ; Output   ; --            ; --            ; --                    ; --  ; --   ;
; VGA_R[5]      ; Output   ; --            ; --            ; --                    ; --  ; --   ;
; VGA_R[6]      ; Output   ; --            ; --            ; --                    ; --  ; --   ;
; VGA_R[7]      ; Output   ; --            ; --            ; --                    ; --  ; --   ;
; VGA_SYNC_N    ; Output   ; --            ; --            ; --                    ; --  ; --   ;
; VGA_VS        ; Output   ; --            ; --            ; --                    ; --  ; --   ;
; DRAM_ADDR[0]  ; Output   ; --            ; --            ; --                    ; --  ; --   ;
; DRAM_ADDR[1]  ; Output   ; --            ; --            ; --                    ; --  ; --   ;
; DRAM_ADDR[2]  ; Output   ; --            ; --            ; --                    ; --  ; --   ;
; DRAM_ADDR[3]  ; Output   ; --            ; --            ; --                    ; --  ; --   ;
; DRAM_ADDR[4]  ; Output   ; --            ; --            ; --                    ; --  ; --   ;
; DRAM_ADDR[5]  ; Output   ; --            ; --            ; --                    ; --  ; --   ;
; DRAM_ADDR[6]  ; Output   ; --            ; --            ; --                    ; --  ; --   ;
; DRAM_ADDR[7]  ; Output   ; --            ; --            ; --                    ; --  ; --   ;
; DRAM_ADDR[8]  ; Output   ; --            ; --            ; --                    ; --  ; --   ;
; DRAM_ADDR[9]  ; Output   ; --            ; --            ; --                    ; --  ; --   ;
; DRAM_ADDR[10] ; Output   ; --            ; --            ; --                    ; --  ; --   ;
; DRAM_ADDR[11] ; Output   ; --            ; --            ; --                    ; --  ; --   ;
; DRAM_ADDR[12] ; Output   ; --            ; --            ; --                    ; --  ; --   ;
; DRAM_BA[0]    ; Output   ; --            ; --            ; --                    ; --  ; --   ;
; DRAM_BA[1]    ; Output   ; --            ; --            ; --                    ; --  ; --   ;
; DRAM_CAS_N    ; Output   ; --            ; --            ; --                    ; --  ; --   ;
; DRAM_CKE      ; Output   ; --            ; --            ; --                    ; --  ; --   ;
; DRAM_CLK      ; Output   ; --            ; --            ; --                    ; --  ; --   ;
; DRAM_CS_N     ; Output   ; --            ; --            ; --                    ; --  ; --   ;
; DRAM_DQM[0]   ; Output   ; --            ; --            ; --                    ; --  ; --   ;
; DRAM_DQM[1]   ; Output   ; --            ; --            ; --                    ; --  ; --   ;
; DRAM_DQM[2]   ; Output   ; --            ; --            ; --                    ; --  ; --   ;
; DRAM_DQM[3]   ; Output   ; --            ; --            ; --                    ; --  ; --   ;
; DRAM_RAS_N    ; Output   ; --            ; --            ; --                    ; --  ; --   ;
; DRAM_WE_N     ; Output   ; --            ; --            ; --                    ; --  ; --   ;
; cmos_pwdn     ; Output   ; --            ; --            ; --                    ; --  ; --   ;
; cmos_rst_n    ; Output   ; --            ; --            ; --                    ; --  ; --   ;
; cmos_xclk     ; Output   ; --            ; --            ; --                    ; --  ; --   ;
; EX_IO[0]      ; Output   ; --            ; --            ; --                    ; --  ; --   ;
; EX_IO[1]      ; Output   ; --            ; --            ; --                    ; --  ; --   ;
; EX_IO[2]      ; Output   ; --            ; --            ; --                    ; --  ; --   ;
; EX_IO[3]      ; Output   ; --            ; --            ; --                    ; --  ; --   ;
; EX_IO[4]      ; Output   ; --            ; --            ; --                    ; --  ; --   ;
; EX_IO[5]      ; Output   ; --            ; --            ; --                    ; --  ; --   ;
; EX_IO[6]      ; Output   ; --            ; --            ; --                    ; --  ; --   ;
; DRAM_DQ[0]    ; Bidir    ; --            ; --            ; --                    ; --  ; --   ;
; DRAM_DQ[1]    ; Bidir    ; --            ; --            ; --                    ; --  ; --   ;
; DRAM_DQ[2]    ; Bidir    ; --            ; (6) 1314 ps   ; --                    ; --  ; --   ;
; DRAM_DQ[3]    ; Bidir    ; --            ; (6) 1314 ps   ; --                    ; --  ; --   ;
; DRAM_DQ[4]    ; Bidir    ; (6) 1314 ps   ; --            ; --                    ; --  ; --   ;
; DRAM_DQ[5]    ; Bidir    ; (6) 1314 ps   ; --            ; --                    ; --  ; --   ;
; DRAM_DQ[6]    ; Bidir    ; (6) 1314 ps   ; --            ; --                    ; --  ; --   ;
; DRAM_DQ[7]    ; Bidir    ; --            ; (6) 1314 ps   ; --                    ; --  ; --   ;
; DRAM_DQ[8]    ; Bidir    ; --            ; (6) 1314 ps   ; --                    ; --  ; --   ;
; DRAM_DQ[9]    ; Bidir    ; --            ; (6) 1314 ps   ; --                    ; --  ; --   ;
; DRAM_DQ[10]   ; Bidir    ; --            ; --            ; --                    ; --  ; --   ;
; DRAM_DQ[11]   ; Bidir    ; --            ; --            ; --                    ; --  ; --   ;
; DRAM_DQ[12]   ; Bidir    ; --            ; --            ; --                    ; --  ; --   ;
; DRAM_DQ[13]   ; Bidir    ; --            ; --            ; --                    ; --  ; --   ;
; DRAM_DQ[14]   ; Bidir    ; --            ; --            ; --                    ; --  ; --   ;
; DRAM_DQ[15]   ; Bidir    ; --            ; --            ; --                    ; --  ; --   ;
; DRAM_DQ[16]   ; Bidir    ; --            ; --            ; --                    ; --  ; --   ;
; DRAM_DQ[17]   ; Bidir    ; --            ; --            ; --                    ; --  ; --   ;
; DRAM_DQ[18]   ; Bidir    ; --            ; --            ; --                    ; --  ; --   ;
; DRAM_DQ[19]   ; Bidir    ; --            ; --            ; --                    ; --  ; --   ;
; DRAM_DQ[20]   ; Bidir    ; --            ; --            ; --                    ; --  ; --   ;
; DRAM_DQ[21]   ; Bidir    ; --            ; --            ; --                    ; --  ; --   ;
; DRAM_DQ[22]   ; Bidir    ; --            ; --            ; --                    ; --  ; --   ;
; DRAM_DQ[23]   ; Bidir    ; --            ; --            ; --                    ; --  ; --   ;
; DRAM_DQ[24]   ; Bidir    ; --            ; --            ; --                    ; --  ; --   ;
; DRAM_DQ[25]   ; Bidir    ; --            ; --            ; --                    ; --  ; --   ;
; DRAM_DQ[26]   ; Bidir    ; --            ; --            ; --                    ; --  ; --   ;
; DRAM_DQ[27]   ; Bidir    ; --            ; --            ; --                    ; --  ; --   ;
; DRAM_DQ[28]   ; Bidir    ; --            ; --            ; --                    ; --  ; --   ;
; DRAM_DQ[29]   ; Bidir    ; --            ; --            ; --                    ; --  ; --   ;
; DRAM_DQ[30]   ; Bidir    ; --            ; --            ; --                    ; --  ; --   ;
; DRAM_DQ[31]   ; Bidir    ; --            ; --            ; --                    ; --  ; --   ;
; cmos_scl      ; Bidir    ; --            ; --            ; --                    ; --  ; --   ;
; cmos_sda      ; Bidir    ; (6) 1314 ps   ; --            ; --                    ; --  ; --   ;
; cmos_pclk     ; Input    ; (0) 0 ps      ; (6) 1314 ps   ; --                    ; --  ; --   ;
; CLOCK2_50     ; Input    ; (0) 0 ps      ; --            ; --                    ; --  ; --   ;
; KEY[0]        ; Input    ; --            ; (6) 1314 ps   ; --                    ; --  ; --   ;
; CLOCK_50      ; Input    ; --            ; --            ; --                    ; --  ; --   ;
; CLOCK3_50     ; Input    ; (0) 0 ps      ; --            ; --                    ; --  ; --   ;
; cmos_vsync    ; Input    ; (6) 1314 ps   ; --            ; --                    ; --  ; --   ;
; cmos_href     ; Input    ; --            ; (6) 1314 ps   ; --                    ; --  ; --   ;
; KEY[2]        ; Input    ; --            ; (6) 1314 ps   ; --                    ; --  ; --   ;
; KEY[1]        ; Input    ; (6) 1314 ps   ; --            ; --                    ; --  ; --   ;
; KEY[3]        ; Input    ; (6) 1314 ps   ; --            ; --                    ; --  ; --   ;
; cmos_db[3]    ; Input    ; (6) 1314 ps   ; --            ; --                    ; --  ; --   ;
; cmos_db[4]    ; Input    ; (6) 1314 ps   ; --            ; --                    ; --  ; --   ;
; cmos_db[1]    ; Input    ; (6) 1314 ps   ; --            ; --                    ; --  ; --   ;
; cmos_db[2]    ; Input    ; --            ; (6) 1314 ps   ; --                    ; --  ; --   ;
; cmos_db[0]    ; Input    ; (6) 1314 ps   ; --            ; --                    ; --  ; --   ;
; cmos_db[6]    ; Input    ; (6) 1314 ps   ; --            ; --                    ; --  ; --   ;
; cmos_db[5]    ; Input    ; (6) 1314 ps   ; --            ; --                    ; --  ; --   ;
; cmos_db[7]    ; Input    ; (6) 1314 ps   ; --            ; --                    ; --  ; --   ;
+---------------+----------+---------------+---------------+-----------------------+-----+------+


+---------------------------------------------------------------------------------------------------------------------------------------------------------------------------------------------------+
; Pad To Core Delay Chain Fanout                                                                                                                                                                    ;
+---------------------------------------------------------------------------------------------------------------------------------------------------------------------+-------------------+---------+
; Source Pin / Fanout                                                                                                                                                 ; Pad To Core Index ; Setting ;
+---------------------------------------------------------------------------------------------------------------------------------------------------------------------+-------------------+---------+
; SW[0]                                                                                                                                                               ;                   ;         ;
; SW[1]                                                                                                                                                               ;                   ;         ;
; SW[2]                                                                                                                                                               ;                   ;         ;
; SW[3]                                                                                                                                                               ;                   ;         ;
; SW[4]                                                                                                                                                               ;                   ;         ;
; SW[5]                                                                                                                                                               ;                   ;         ;
; SW[6]                                                                                                                                                               ;                   ;         ;
; SW[7]                                                                                                                                                               ;                   ;         ;
; SW[8]                                                                                                                                                               ;                   ;         ;
; SW[9]                                                                                                                                                               ;                   ;         ;
; SW[10]                                                                                                                                                              ;                   ;         ;
; SW[11]                                                                                                                                                              ;                   ;         ;
; SW[12]                                                                                                                                                              ;                   ;         ;
; SW[13]                                                                                                                                                              ;                   ;         ;
; SW[14]                                                                                                                                                              ;                   ;         ;
; SW[15]                                                                                                                                                              ;                   ;         ;
; SW[16]                                                                                                                                                              ;                   ;         ;
; SW[17]                                                                                                                                                              ;                   ;         ;
; DRAM_DQ[0]                                                                                                                                                          ;                   ;         ;
; DRAM_DQ[1]                                                                                                                                                          ;                   ;         ;
; DRAM_DQ[2]                                                                                                                                                          ;                   ;         ;
;      - Sdram_Control:u7|mDATAOUT[2]                                                                                                                                 ; 1                 ; 6       ;
; DRAM_DQ[3]                                                                                                                                                          ;                   ;         ;
;      - Sdram_Control:u7|mDATAOUT[3]~feeder                                                                                                                          ; 1                 ; 6       ;
; DRAM_DQ[4]                                                                                                                                                          ;                   ;         ;
;      - Sdram_Control:u7|mDATAOUT[4]                                                                                                                                 ; 0                 ; 6       ;
; DRAM_DQ[5]                                                                                                                                                          ;                   ;         ;
;      - Sdram_Control:u7|mDATAOUT[5]~feeder                                                                                                                          ; 0                 ; 6       ;
; DRAM_DQ[6]                                                                                                                                                          ;                   ;         ;
;      - Sdram_Control:u7|mDATAOUT[6]~feeder                                                                                                                          ; 0                 ; 6       ;
; DRAM_DQ[7]                                                                                                                                                          ;                   ;         ;
;      - Sdram_Control:u7|mDATAOUT[7]~feeder                                                                                                                          ; 1                 ; 6       ;
; DRAM_DQ[8]                                                                                                                                                          ;                   ;         ;
;      - Sdram_Control:u7|mDATAOUT[8]~feeder                                                                                                                          ; 1                 ; 6       ;
; DRAM_DQ[9]                                                                                                                                                          ;                   ;         ;
;      - Sdram_Control:u7|mDATAOUT[9]~feeder                                                                                                                          ; 1                 ; 6       ;
; DRAM_DQ[10]                                                                                                                                                         ;                   ;         ;
; DRAM_DQ[11]                                                                                                                                                         ;                   ;         ;
; DRAM_DQ[12]                                                                                                                                                         ;                   ;         ;
; DRAM_DQ[13]                                                                                                                                                         ;                   ;         ;
; DRAM_DQ[14]                                                                                                                                                         ;                   ;         ;
; DRAM_DQ[15]                                                                                                                                                         ;                   ;         ;
; DRAM_DQ[16]                                                                                                                                                         ;                   ;         ;
; DRAM_DQ[17]                                                                                                                                                         ;                   ;         ;
; DRAM_DQ[18]                                                                                                                                                         ;                   ;         ;
; DRAM_DQ[19]                                                                                                                                                         ;                   ;         ;
; DRAM_DQ[20]                                                                                                                                                         ;                   ;         ;
; DRAM_DQ[21]                                                                                                                                                         ;                   ;         ;
; DRAM_DQ[22]                                                                                                                                                         ;                   ;         ;
; DRAM_DQ[23]                                                                                                                                                         ;                   ;         ;
; DRAM_DQ[24]                                                                                                                                                         ;                   ;         ;
; DRAM_DQ[25]                                                                                                                                                         ;                   ;         ;
; DRAM_DQ[26]                                                                                                                                                         ;                   ;         ;
; DRAM_DQ[27]                                                                                                                                                         ;                   ;         ;
; DRAM_DQ[28]                                                                                                                                                         ;                   ;         ;
; DRAM_DQ[29]                                                                                                                                                         ;                   ;         ;
; DRAM_DQ[30]                                                                                                                                                         ;                   ;         ;
; DRAM_DQ[31]                                                                                                                                                         ;                   ;         ;
; cmos_scl                                                                                                                                                            ;                   ;         ;
; cmos_sda                                                                                                                                                            ;                   ;         ;
;      - camera_interface:camera_inst|stop~0                                                                                                                          ; 0                 ; 6       ;
;      - camera_interface:camera_inst|i2c_top:m0|Selector7~2                                                                                                          ; 0                 ; 6       ;
;      - camera_interface:camera_inst|i2c_top:m0|wr_data_q[2]~3                                                                                                       ; 0                 ; 6       ;
;      - camera_interface:camera_inst|i2c_top:m0|wr_data_q[2]~4                                                                                                       ; 0                 ; 6       ;
;      - camera_interface:camera_inst|Equal4~1                                                                                                                        ; 0                 ; 6       ;
;      - camera_interface:camera_inst|Selector6~2                                                                                                                     ; 0                 ; 6       ;
;      - camera_interface:camera_inst|Selector9~2                                                                                                                     ; 0                 ; 6       ;
;      - camera_interface:camera_inst|Selector7~4                                                                                                                     ; 0                 ; 6       ;
; cmos_pclk                                                                                                                                                           ;                   ;         ;
;      - Sdram_Control:u7|Sdram_WR_FIFO:u_write1_fifo|dcfifo:dcfifo_component|dcfifo_0ej1:auto_generated|altsyncram_rq41:fifo_ram|ram_block11a0                       ; 1                 ; 6       ;
;      - Sdram_Control:u7|Sdram_WR_FIFO:u_write1_fifo|dcfifo:dcfifo_component|dcfifo_0ej1:auto_generated|altsyncram_rq41:fifo_ram|ram_block11a9                       ; 1                 ; 6       ;
;      - Sdram_Control:u7|Sdram_WR_FIFO:u_write1_fifo|dcfifo:dcfifo_component|dcfifo_0ej1:auto_generated|altsyncram_rq41:fifo_ram|ram_block11a18                      ; 1                 ; 6       ;
;      - Sdram_Control:u7|Sdram_WR_FIFO:u_write1_fifo|dcfifo:dcfifo_component|dcfifo_0ej1:auto_generated|altsyncram_rq41:fifo_ram|ram_block11a27                      ; 1                 ; 6       ;
;      - CLOCKMEM:ck3|CK_1HZ                                                                                                                                          ; 0                 ; 0       ;
;      - CLOCKMEM:ck3|CLK_DELAY[0]                                                                                                                                    ; 0                 ; 0       ;
;      - CLOCKMEM:ck3|CLK_DELAY[1]                                                                                                                                    ; 0                 ; 0       ;
;      - CLOCKMEM:ck3|CLK_DELAY[2]                                                                                                                                    ; 0                 ; 0       ;
;      - CLOCKMEM:ck3|CLK_DELAY[3]                                                                                                                                    ; 0                 ; 0       ;
;      - CLOCKMEM:ck3|CLK_DELAY[4]                                                                                                                                    ; 0                 ; 0       ;
;      - CLOCKMEM:ck3|CLK_DELAY[5]                                                                                                                                    ; 0                 ; 0       ;
;      - CLOCKMEM:ck3|CLK_DELAY[6]                                                                                                                                    ; 0                 ; 0       ;
;      - CLOCKMEM:ck3|CLK_DELAY[7]                                                                                                                                    ; 0                 ; 0       ;
;      - CLOCKMEM:ck3|CLK_DELAY[8]                                                                                                                                    ; 0                 ; 0       ;
;      - CLOCKMEM:ck3|CLK_DELAY[9]                                                                                                                                    ; 0                 ; 0       ;
;      - CLOCKMEM:ck3|CLK_DELAY[10]                                                                                                                                   ; 0                 ; 0       ;
;      - CLOCKMEM:ck3|CLK_DELAY[11]                                                                                                                                   ; 0                 ; 0       ;
;      - CLOCKMEM:ck3|CLK_DELAY[12]                                                                                                                                   ; 0                 ; 0       ;
;      - CLOCKMEM:ck3|CLK_DELAY[13]                                                                                                                                   ; 0                 ; 0       ;
;      - CLOCKMEM:ck3|CLK_DELAY[14]                                                                                                                                   ; 0                 ; 0       ;
;      - CLOCKMEM:ck3|CLK_DELAY[15]                                                                                                                                   ; 0                 ; 0       ;
;      - CLOCKMEM:ck3|CLK_DELAY[16]                                                                                                                                   ; 0                 ; 0       ;
;      - CLOCKMEM:ck3|CLK_DELAY[17]                                                                                                                                   ; 0                 ; 0       ;
;      - CLOCKMEM:ck3|CLK_DELAY[18]                                                                                                                                   ; 0                 ; 0       ;
;      - CLOCKMEM:ck3|CLK_DELAY[19]                                                                                                                                   ; 0                 ; 0       ;
;      - CLOCKMEM:ck3|CLK_DELAY[20]                                                                                                                                   ; 0                 ; 0       ;
;      - CLOCKMEM:ck3|CLK_DELAY[21]                                                                                                                                   ; 0                 ; 0       ;
;      - CLOCKMEM:ck3|CLK_DELAY[22]                                                                                                                                   ; 0                 ; 0       ;
;      - CLOCKMEM:ck3|CLK_DELAY[23]                                                                                                                                   ; 0                 ; 0       ;
;      - CLOCKMEM:ck3|CLK_DELAY[24]                                                                                                                                   ; 0                 ; 0       ;
;      - CLOCKMEM:ck3|CLK_DELAY[25]                                                                                                                                   ; 0                 ; 0       ;
;      - CLOCKMEM:ck3|CLK_DELAY[26]                                                                                                                                   ; 0                 ; 0       ;
;      - CLOCKMEM:ck3|CLK_DELAY[27]                                                                                                                                   ; 0                 ; 0       ;
;      - CLOCKMEM:ck3|CLK_DELAY[28]                                                                                                                                   ; 0                 ; 0       ;
;      - CLOCKMEM:ck3|CLK_DELAY[29]                                                                                                                                   ; 0                 ; 0       ;
;      - CLOCKMEM:ck3|CLK_DELAY[30]                                                                                                                                   ; 0                 ; 0       ;
;      - CLOCKMEM:ck3|CLK_DELAY[31]                                                                                                                                   ; 0                 ; 0       ;
;      - Sdram_Control:u7|Sdram_WR_FIFO:u_write1_fifo|dcfifo:dcfifo_component|dcfifo_0ej1:auto_generated|wrfull_eq_comp_lsb_mux_reg                                   ; 0                 ; 0       ;
;      - Sdram_Control:u7|Sdram_WR_FIFO:u_write1_fifo|dcfifo:dcfifo_component|dcfifo_0ej1:auto_generated|wrfull_eq_comp_msb_mux_reg                                   ; 0                 ; 0       ;
;      - Sdram_Control:u7|Sdram_WR_FIFO:u_write1_fifo|dcfifo:dcfifo_component|dcfifo_0ej1:auto_generated|wrptr_g[0]                                                   ; 0                 ; 0       ;
;      - Sdram_Control:u7|Sdram_WR_FIFO:u_write1_fifo|dcfifo:dcfifo_component|dcfifo_0ej1:auto_generated|wrptr_g[1]                                                   ; 0                 ; 0       ;
;      - Sdram_Control:u7|Sdram_WR_FIFO:u_write1_fifo|dcfifo:dcfifo_component|dcfifo_0ej1:auto_generated|wrptr_g[2]                                                   ; 0                 ; 0       ;
;      - Sdram_Control:u7|Sdram_WR_FIFO:u_write1_fifo|dcfifo:dcfifo_component|dcfifo_0ej1:auto_generated|wrptr_g[3]                                                   ; 0                 ; 0       ;
;      - Sdram_Control:u7|Sdram_WR_FIFO:u_write1_fifo|dcfifo:dcfifo_component|dcfifo_0ej1:auto_generated|wrptr_g[4]                                                   ; 0                 ; 0       ;
;      - Sdram_Control:u7|Sdram_WR_FIFO:u_write1_fifo|dcfifo:dcfifo_component|dcfifo_0ej1:auto_generated|wrptr_g[5]                                                   ; 0                 ; 0       ;
;      - Sdram_Control:u7|Sdram_WR_FIFO:u_write1_fifo|dcfifo:dcfifo_component|dcfifo_0ej1:auto_generated|wrptr_g[6]                                                   ; 0                 ; 0       ;
;      - Sdram_Control:u7|Sdram_WR_FIFO:u_write1_fifo|dcfifo:dcfifo_component|dcfifo_0ej1:auto_generated|wrptr_g[7]                                                   ; 0                 ; 0       ;
;      - Sdram_Control:u7|Sdram_WR_FIFO:u_write1_fifo|dcfifo:dcfifo_component|dcfifo_0ej1:auto_generated|wrptr_g[8]                                                   ; 0                 ; 0       ;
;      - Sdram_Control:u7|Sdram_WR_FIFO:u_write1_fifo|dcfifo:dcfifo_component|dcfifo_0ej1:auto_generated|wrptr_g[10]                                                  ; 0                 ; 0       ;
;      - Sdram_Control:u7|Sdram_WR_FIFO:u_write1_fifo|dcfifo:dcfifo_component|dcfifo_0ej1:auto_generated|wrptr_g[9]                                                   ; 0                 ; 0       ;
;      - Sdram_Control:u7|Sdram_WR_FIFO:u_write1_fifo|dcfifo:dcfifo_component|dcfifo_0ej1:auto_generated|a_graycounter_2lc:wrptr_g1p|counter8a4                       ; 0                 ; 0       ;
;      - Sdram_Control:u7|Sdram_WR_FIFO:u_write1_fifo|dcfifo:dcfifo_component|dcfifo_0ej1:auto_generated|a_graycounter_2lc:wrptr_g1p|counter8a5                       ; 0                 ; 0       ;
;      - Sdram_Control:u7|Sdram_WR_FIFO:u_write1_fifo|dcfifo:dcfifo_component|dcfifo_0ej1:auto_generated|alt_synch_pipe_gpl:ws_dgrp|dffpipe_1f9:dffpipe22|dffe30a[5]  ; 0                 ; 0       ;
;      - Sdram_Control:u7|Sdram_WR_FIFO:u_write1_fifo|dcfifo:dcfifo_component|dcfifo_0ej1:auto_generated|alt_synch_pipe_gpl:ws_dgrp|dffpipe_1f9:dffpipe22|dffe30a[4]  ; 0                 ; 0       ;
;      - Sdram_Control:u7|Sdram_WR_FIFO:u_write1_fifo|dcfifo:dcfifo_component|dcfifo_0ej1:auto_generated|a_graycounter_2lc:wrptr_g1p|counter8a2                       ; 0                 ; 0       ;
;      - Sdram_Control:u7|Sdram_WR_FIFO:u_write1_fifo|dcfifo:dcfifo_component|dcfifo_0ej1:auto_generated|a_graycounter_2lc:wrptr_g1p|counter8a3                       ; 0                 ; 0       ;
;      - Sdram_Control:u7|Sdram_WR_FIFO:u_write1_fifo|dcfifo:dcfifo_component|dcfifo_0ej1:auto_generated|alt_synch_pipe_gpl:ws_dgrp|dffpipe_1f9:dffpipe22|dffe30a[3]  ; 0                 ; 0       ;
;      - Sdram_Control:u7|Sdram_WR_FIFO:u_write1_fifo|dcfifo:dcfifo_component|dcfifo_0ej1:auto_generated|alt_synch_pipe_gpl:ws_dgrp|dffpipe_1f9:dffpipe22|dffe30a[2]  ; 0                 ; 0       ;
;      - Sdram_Control:u7|Sdram_WR_FIFO:u_write1_fifo|dcfifo:dcfifo_component|dcfifo_0ej1:auto_generated|a_graycounter_2lc:wrptr_g1p|counter8a1                       ; 0                 ; 0       ;
;      - Sdram_Control:u7|Sdram_WR_FIFO:u_write1_fifo|dcfifo:dcfifo_component|dcfifo_0ej1:auto_generated|alt_synch_pipe_gpl:ws_dgrp|dffpipe_1f9:dffpipe22|dffe30a[1]  ; 0                 ; 0       ;
;      - Sdram_Control:u7|Sdram_WR_FIFO:u_write1_fifo|dcfifo:dcfifo_component|dcfifo_0ej1:auto_generated|a_graycounter_2lc:wrptr_g1p|counter8a0                       ; 0                 ; 0       ;
;      - Sdram_Control:u7|Sdram_WR_FIFO:u_write1_fifo|dcfifo:dcfifo_component|dcfifo_0ej1:auto_generated|alt_synch_pipe_gpl:ws_dgrp|dffpipe_1f9:dffpipe22|dffe30a[0]  ; 0                 ; 0       ;
;      - Sdram_Control:u7|Sdram_WR_FIFO:u_write1_fifo|dcfifo:dcfifo_component|dcfifo_0ej1:auto_generated|a_graycounter_2lc:wrptr_g1p|counter8a7                       ; 0                 ; 0       ;
;      - Sdram_Control:u7|Sdram_WR_FIFO:u_write1_fifo|dcfifo:dcfifo_component|dcfifo_0ej1:auto_generated|alt_synch_pipe_gpl:ws_dgrp|dffpipe_1f9:dffpipe22|dffe30a[7]  ; 0                 ; 0       ;
;      - Sdram_Control:u7|Sdram_WR_FIFO:u_write1_fifo|dcfifo:dcfifo_component|dcfifo_0ej1:auto_generated|alt_synch_pipe_gpl:ws_dgrp|dffpipe_1f9:dffpipe22|dffe30a[8]  ; 0                 ; 0       ;
;      - Sdram_Control:u7|Sdram_WR_FIFO:u_write1_fifo|dcfifo:dcfifo_component|dcfifo_0ej1:auto_generated|alt_synch_pipe_gpl:ws_dgrp|dffpipe_1f9:dffpipe22|dffe30a[10] ; 0                 ; 0       ;
;      - Sdram_Control:u7|Sdram_WR_FIFO:u_write1_fifo|dcfifo:dcfifo_component|dcfifo_0ej1:auto_generated|a_graycounter_2lc:wrptr_g1p|counter8a8                       ; 0                 ; 0       ;
;      - Sdram_Control:u7|Sdram_WR_FIFO:u_write1_fifo|dcfifo:dcfifo_component|dcfifo_0ej1:auto_generated|a_graycounter_2lc:wrptr_g1p|counter8a10                      ; 0                 ; 0       ;
;      - Sdram_Control:u7|Sdram_WR_FIFO:u_write1_fifo|dcfifo:dcfifo_component|dcfifo_0ej1:auto_generated|a_graycounter_2lc:wrptr_g1p|counter8a6                       ; 0                 ; 0       ;
;      - Sdram_Control:u7|Sdram_WR_FIFO:u_write1_fifo|dcfifo:dcfifo_component|dcfifo_0ej1:auto_generated|alt_synch_pipe_gpl:ws_dgrp|dffpipe_1f9:dffpipe22|dffe30a[6]  ; 0                 ; 0       ;
;      - Sdram_Control:u7|Sdram_WR_FIFO:u_write1_fifo|dcfifo:dcfifo_component|dcfifo_0ej1:auto_generated|a_graycounter_2lc:wrptr_g1p|counter8a9                       ; 0                 ; 0       ;
;      - Sdram_Control:u7|Sdram_WR_FIFO:u_write1_fifo|dcfifo:dcfifo_component|dcfifo_0ej1:auto_generated|alt_synch_pipe_gpl:ws_dgrp|dffpipe_1f9:dffpipe22|dffe30a[9]  ; 0                 ; 0       ;
;      - camera_interface:camera_inst|pclk_1                                                                                                                          ; 1                 ; 6       ;
;      - Sdram_Control:u7|Sdram_WR_FIFO:u_write1_fifo|dcfifo:dcfifo_component|dcfifo_0ej1:auto_generated|a_graycounter_2lc:wrptr_g1p|parity9                          ; 0                 ; 0       ;
;      - Sdram_Control:u7|Sdram_WR_FIFO:u_write1_fifo|dcfifo:dcfifo_component|dcfifo_0ej1:auto_generated|alt_synch_pipe_gpl:ws_dgrp|dffpipe_1f9:dffpipe22|dffe29a[5]  ; 0                 ; 0       ;
;      - Sdram_Control:u7|Sdram_WR_FIFO:u_write1_fifo|dcfifo:dcfifo_component|dcfifo_0ej1:auto_generated|alt_synch_pipe_gpl:ws_dgrp|dffpipe_1f9:dffpipe22|dffe29a[4]  ; 0                 ; 0       ;
;      - Sdram_Control:u7|Sdram_WR_FIFO:u_write1_fifo|dcfifo:dcfifo_component|dcfifo_0ej1:auto_generated|alt_synch_pipe_gpl:ws_dgrp|dffpipe_1f9:dffpipe22|dffe29a[3]  ; 0                 ; 0       ;
;      - Sdram_Control:u7|Sdram_WR_FIFO:u_write1_fifo|dcfifo:dcfifo_component|dcfifo_0ej1:auto_generated|alt_synch_pipe_gpl:ws_dgrp|dffpipe_1f9:dffpipe22|dffe29a[2]  ; 0                 ; 0       ;
;      - Sdram_Control:u7|Sdram_WR_FIFO:u_write1_fifo|dcfifo:dcfifo_component|dcfifo_0ej1:auto_generated|alt_synch_pipe_gpl:ws_dgrp|dffpipe_1f9:dffpipe22|dffe29a[1]  ; 0                 ; 0       ;
;      - Sdram_Control:u7|Sdram_WR_FIFO:u_write1_fifo|dcfifo:dcfifo_component|dcfifo_0ej1:auto_generated|alt_synch_pipe_gpl:ws_dgrp|dffpipe_1f9:dffpipe22|dffe29a[0]  ; 0                 ; 0       ;
;      - Sdram_Control:u7|Sdram_WR_FIFO:u_write1_fifo|dcfifo:dcfifo_component|dcfifo_0ej1:auto_generated|alt_synch_pipe_gpl:ws_dgrp|dffpipe_1f9:dffpipe22|dffe29a[7]  ; 0                 ; 0       ;
;      - Sdram_Control:u7|Sdram_WR_FIFO:u_write1_fifo|dcfifo:dcfifo_component|dcfifo_0ej1:auto_generated|alt_synch_pipe_gpl:ws_dgrp|dffpipe_1f9:dffpipe22|dffe29a[8]  ; 0                 ; 0       ;
;      - Sdram_Control:u7|Sdram_WR_FIFO:u_write1_fifo|dcfifo:dcfifo_component|dcfifo_0ej1:auto_generated|alt_synch_pipe_gpl:ws_dgrp|dffpipe_1f9:dffpipe22|dffe29a[10] ; 0                 ; 0       ;
;      - Sdram_Control:u7|Sdram_WR_FIFO:u_write1_fifo|dcfifo:dcfifo_component|dcfifo_0ej1:auto_generated|alt_synch_pipe_gpl:ws_dgrp|dffpipe_1f9:dffpipe22|dffe29a[6]  ; 0                 ; 0       ;
;      - Sdram_Control:u7|Sdram_WR_FIFO:u_write1_fifo|dcfifo:dcfifo_component|dcfifo_0ej1:auto_generated|alt_synch_pipe_gpl:ws_dgrp|dffpipe_1f9:dffpipe22|dffe29a[9]  ; 0                 ; 0       ;
;      - Sdram_Control:u7|Sdram_WR_FIFO:u_write1_fifo|dcfifo:dcfifo_component|dcfifo_0ej1:auto_generated|a_graycounter_2lc:wrptr_g1p|sub_parity10a[2]                 ; 0                 ; 0       ;
;      - Sdram_Control:u7|Sdram_WR_FIFO:u_write1_fifo|dcfifo:dcfifo_component|dcfifo_0ej1:auto_generated|a_graycounter_2lc:wrptr_g1p|sub_parity10a[1]                 ; 0                 ; 0       ;
;      - Sdram_Control:u7|Sdram_WR_FIFO:u_write1_fifo|dcfifo:dcfifo_component|dcfifo_0ej1:auto_generated|a_graycounter_2lc:wrptr_g1p|sub_parity10a[0]                 ; 0                 ; 0       ;
;      - Sdram_Control:u7|Sdram_WR_FIFO:u_write1_fifo|dcfifo:dcfifo_component|dcfifo_0ej1:auto_generated|alt_synch_pipe_gpl:ws_dgrp|dffpipe_1f9:dffpipe22|dffe28a[5]  ; 0                 ; 0       ;
;      - Sdram_Control:u7|Sdram_WR_FIFO:u_write1_fifo|dcfifo:dcfifo_component|dcfifo_0ej1:auto_generated|alt_synch_pipe_gpl:ws_dgrp|dffpipe_1f9:dffpipe22|dffe28a[4]  ; 0                 ; 0       ;
;      - Sdram_Control:u7|Sdram_WR_FIFO:u_write1_fifo|dcfifo:dcfifo_component|dcfifo_0ej1:auto_generated|alt_synch_pipe_gpl:ws_dgrp|dffpipe_1f9:dffpipe22|dffe28a[3]  ; 0                 ; 0       ;
;      - Sdram_Control:u7|Sdram_WR_FIFO:u_write1_fifo|dcfifo:dcfifo_component|dcfifo_0ej1:auto_generated|alt_synch_pipe_gpl:ws_dgrp|dffpipe_1f9:dffpipe22|dffe28a[2]  ; 0                 ; 0       ;
;      - Sdram_Control:u7|Sdram_WR_FIFO:u_write1_fifo|dcfifo:dcfifo_component|dcfifo_0ej1:auto_generated|alt_synch_pipe_gpl:ws_dgrp|dffpipe_1f9:dffpipe22|dffe28a[1]  ; 0                 ; 0       ;
;      - Sdram_Control:u7|Sdram_WR_FIFO:u_write1_fifo|dcfifo:dcfifo_component|dcfifo_0ej1:auto_generated|alt_synch_pipe_gpl:ws_dgrp|dffpipe_1f9:dffpipe22|dffe28a[0]  ; 0                 ; 0       ;
;      - Sdram_Control:u7|Sdram_WR_FIFO:u_write1_fifo|dcfifo:dcfifo_component|dcfifo_0ej1:auto_generated|alt_synch_pipe_gpl:ws_dgrp|dffpipe_1f9:dffpipe22|dffe28a[7]  ; 0                 ; 0       ;
;      - Sdram_Control:u7|Sdram_WR_FIFO:u_write1_fifo|dcfifo:dcfifo_component|dcfifo_0ej1:auto_generated|alt_synch_pipe_gpl:ws_dgrp|dffpipe_1f9:dffpipe22|dffe28a[8]  ; 0                 ; 0       ;
;      - Sdram_Control:u7|Sdram_WR_FIFO:u_write1_fifo|dcfifo:dcfifo_component|dcfifo_0ej1:auto_generated|alt_synch_pipe_gpl:ws_dgrp|dffpipe_1f9:dffpipe22|dffe28a[10] ; 0                 ; 0       ;
;      - Sdram_Control:u7|Sdram_WR_FIFO:u_write1_fifo|dcfifo:dcfifo_component|dcfifo_0ej1:auto_generated|alt_synch_pipe_gpl:ws_dgrp|dffpipe_1f9:dffpipe22|dffe28a[6]  ; 0                 ; 0       ;
;      - Sdram_Control:u7|Sdram_WR_FIFO:u_write1_fifo|dcfifo:dcfifo_component|dcfifo_0ej1:auto_generated|alt_synch_pipe_gpl:ws_dgrp|dffpipe_1f9:dffpipe22|dffe28a[9]  ; 0                 ; 0       ;
;      - Sdram_Control:u7|Sdram_WR_FIFO:u_write1_fifo|dcfifo:dcfifo_component|dcfifo_0ej1:auto_generated|alt_synch_pipe_gpl:ws_dgrp|dffpipe_1f9:dffpipe22|dffe27a[5]  ; 0                 ; 0       ;
;      - Sdram_Control:u7|Sdram_WR_FIFO:u_write1_fifo|dcfifo:dcfifo_component|dcfifo_0ej1:auto_generated|alt_synch_pipe_gpl:ws_dgrp|dffpipe_1f9:dffpipe22|dffe27a[4]  ; 0                 ; 0       ;
;      - Sdram_Control:u7|Sdram_WR_FIFO:u_write1_fifo|dcfifo:dcfifo_component|dcfifo_0ej1:auto_generated|alt_synch_pipe_gpl:ws_dgrp|dffpipe_1f9:dffpipe22|dffe27a[3]  ; 0                 ; 0       ;
;      - Sdram_Control:u7|Sdram_WR_FIFO:u_write1_fifo|dcfifo:dcfifo_component|dcfifo_0ej1:auto_generated|alt_synch_pipe_gpl:ws_dgrp|dffpipe_1f9:dffpipe22|dffe27a[2]  ; 0                 ; 0       ;
;      - Sdram_Control:u7|Sdram_WR_FIFO:u_write1_fifo|dcfifo:dcfifo_component|dcfifo_0ej1:auto_generated|alt_synch_pipe_gpl:ws_dgrp|dffpipe_1f9:dffpipe22|dffe27a[1]  ; 0                 ; 0       ;
;      - Sdram_Control:u7|Sdram_WR_FIFO:u_write1_fifo|dcfifo:dcfifo_component|dcfifo_0ej1:auto_generated|alt_synch_pipe_gpl:ws_dgrp|dffpipe_1f9:dffpipe22|dffe27a[0]  ; 0                 ; 0       ;
;      - Sdram_Control:u7|Sdram_WR_FIFO:u_write1_fifo|dcfifo:dcfifo_component|dcfifo_0ej1:auto_generated|alt_synch_pipe_gpl:ws_dgrp|dffpipe_1f9:dffpipe22|dffe27a[7]  ; 0                 ; 0       ;
;      - Sdram_Control:u7|Sdram_WR_FIFO:u_write1_fifo|dcfifo:dcfifo_component|dcfifo_0ej1:auto_generated|alt_synch_pipe_gpl:ws_dgrp|dffpipe_1f9:dffpipe22|dffe27a[8]  ; 0                 ; 0       ;
;      - Sdram_Control:u7|Sdram_WR_FIFO:u_write1_fifo|dcfifo:dcfifo_component|dcfifo_0ej1:auto_generated|alt_synch_pipe_gpl:ws_dgrp|dffpipe_1f9:dffpipe22|dffe27a[10] ; 0                 ; 0       ;
;      - Sdram_Control:u7|Sdram_WR_FIFO:u_write1_fifo|dcfifo:dcfifo_component|dcfifo_0ej1:auto_generated|alt_synch_pipe_gpl:ws_dgrp|dffpipe_1f9:dffpipe22|dffe27a[6]  ; 0                 ; 0       ;
;      - Sdram_Control:u7|Sdram_WR_FIFO:u_write1_fifo|dcfifo:dcfifo_component|dcfifo_0ej1:auto_generated|alt_synch_pipe_gpl:ws_dgrp|dffpipe_1f9:dffpipe22|dffe27a[9]  ; 0                 ; 0       ;
;      - Sdram_Control:u7|Sdram_WR_FIFO:u_write1_fifo|dcfifo:dcfifo_component|dcfifo_0ej1:auto_generated|alt_synch_pipe_gpl:ws_dgrp|dffpipe_1f9:dffpipe22|dffe26a[5]  ; 0                 ; 0       ;
;      - Sdram_Control:u7|Sdram_WR_FIFO:u_write1_fifo|dcfifo:dcfifo_component|dcfifo_0ej1:auto_generated|alt_synch_pipe_gpl:ws_dgrp|dffpipe_1f9:dffpipe22|dffe26a[4]  ; 0                 ; 0       ;
;      - Sdram_Control:u7|Sdram_WR_FIFO:u_write1_fifo|dcfifo:dcfifo_component|dcfifo_0ej1:auto_generated|alt_synch_pipe_gpl:ws_dgrp|dffpipe_1f9:dffpipe22|dffe26a[3]  ; 0                 ; 0       ;
;      - Sdram_Control:u7|Sdram_WR_FIFO:u_write1_fifo|dcfifo:dcfifo_component|dcfifo_0ej1:auto_generated|alt_synch_pipe_gpl:ws_dgrp|dffpipe_1f9:dffpipe22|dffe26a[2]  ; 0                 ; 0       ;
;      - Sdram_Control:u7|Sdram_WR_FIFO:u_write1_fifo|dcfifo:dcfifo_component|dcfifo_0ej1:auto_generated|alt_synch_pipe_gpl:ws_dgrp|dffpipe_1f9:dffpipe22|dffe26a[1]  ; 0                 ; 0       ;
;      - Sdram_Control:u7|Sdram_WR_FIFO:u_write1_fifo|dcfifo:dcfifo_component|dcfifo_0ej1:auto_generated|alt_synch_pipe_gpl:ws_dgrp|dffpipe_1f9:dffpipe22|dffe26a[0]  ; 0                 ; 0       ;
;      - Sdram_Control:u7|Sdram_WR_FIFO:u_write1_fifo|dcfifo:dcfifo_component|dcfifo_0ej1:auto_generated|alt_synch_pipe_gpl:ws_dgrp|dffpipe_1f9:dffpipe22|dffe26a[7]  ; 0                 ; 0       ;
;      - Sdram_Control:u7|Sdram_WR_FIFO:u_write1_fifo|dcfifo:dcfifo_component|dcfifo_0ej1:auto_generated|alt_synch_pipe_gpl:ws_dgrp|dffpipe_1f9:dffpipe22|dffe26a[8]  ; 0                 ; 0       ;
;      - Sdram_Control:u7|Sdram_WR_FIFO:u_write1_fifo|dcfifo:dcfifo_component|dcfifo_0ej1:auto_generated|alt_synch_pipe_gpl:ws_dgrp|dffpipe_1f9:dffpipe22|dffe26a[10] ; 0                 ; 0       ;
;      - Sdram_Control:u7|Sdram_WR_FIFO:u_write1_fifo|dcfifo:dcfifo_component|dcfifo_0ej1:auto_generated|alt_synch_pipe_gpl:ws_dgrp|dffpipe_1f9:dffpipe22|dffe26a[6]  ; 0                 ; 0       ;
;      - Sdram_Control:u7|Sdram_WR_FIFO:u_write1_fifo|dcfifo:dcfifo_component|dcfifo_0ej1:auto_generated|alt_synch_pipe_gpl:ws_dgrp|dffpipe_1f9:dffpipe22|dffe26a[9]  ; 0                 ; 0       ;
;      - Sdram_Control:u7|Sdram_WR_FIFO:u_write1_fifo|dcfifo:dcfifo_component|dcfifo_0ej1:auto_generated|alt_synch_pipe_gpl:ws_dgrp|dffpipe_1f9:dffpipe22|dffe25a[5]  ; 0                 ; 0       ;
;      - Sdram_Control:u7|Sdram_WR_FIFO:u_write1_fifo|dcfifo:dcfifo_component|dcfifo_0ej1:auto_generated|alt_synch_pipe_gpl:ws_dgrp|dffpipe_1f9:dffpipe22|dffe25a[4]  ; 0                 ; 0       ;
;      - Sdram_Control:u7|Sdram_WR_FIFO:u_write1_fifo|dcfifo:dcfifo_component|dcfifo_0ej1:auto_generated|alt_synch_pipe_gpl:ws_dgrp|dffpipe_1f9:dffpipe22|dffe25a[3]  ; 0                 ; 0       ;
;      - Sdram_Control:u7|Sdram_WR_FIFO:u_write1_fifo|dcfifo:dcfifo_component|dcfifo_0ej1:auto_generated|alt_synch_pipe_gpl:ws_dgrp|dffpipe_1f9:dffpipe22|dffe25a[2]  ; 0                 ; 0       ;
;      - Sdram_Control:u7|Sdram_WR_FIFO:u_write1_fifo|dcfifo:dcfifo_component|dcfifo_0ej1:auto_generated|alt_synch_pipe_gpl:ws_dgrp|dffpipe_1f9:dffpipe22|dffe25a[1]  ; 0                 ; 0       ;
;      - Sdram_Control:u7|Sdram_WR_FIFO:u_write1_fifo|dcfifo:dcfifo_component|dcfifo_0ej1:auto_generated|alt_synch_pipe_gpl:ws_dgrp|dffpipe_1f9:dffpipe22|dffe25a[0]  ; 0                 ; 0       ;
;      - Sdram_Control:u7|Sdram_WR_FIFO:u_write1_fifo|dcfifo:dcfifo_component|dcfifo_0ej1:auto_generated|alt_synch_pipe_gpl:ws_dgrp|dffpipe_1f9:dffpipe22|dffe25a[7]  ; 0                 ; 0       ;
;      - Sdram_Control:u7|Sdram_WR_FIFO:u_write1_fifo|dcfifo:dcfifo_component|dcfifo_0ej1:auto_generated|alt_synch_pipe_gpl:ws_dgrp|dffpipe_1f9:dffpipe22|dffe25a[8]  ; 0                 ; 0       ;
;      - Sdram_Control:u7|Sdram_WR_FIFO:u_write1_fifo|dcfifo:dcfifo_component|dcfifo_0ej1:auto_generated|alt_synch_pipe_gpl:ws_dgrp|dffpipe_1f9:dffpipe22|dffe25a[10] ; 0                 ; 0       ;
;      - Sdram_Control:u7|Sdram_WR_FIFO:u_write1_fifo|dcfifo:dcfifo_component|dcfifo_0ej1:auto_generated|alt_synch_pipe_gpl:ws_dgrp|dffpipe_1f9:dffpipe22|dffe25a[6]  ; 0                 ; 0       ;
;      - Sdram_Control:u7|Sdram_WR_FIFO:u_write1_fifo|dcfifo:dcfifo_component|dcfifo_0ej1:auto_generated|alt_synch_pipe_gpl:ws_dgrp|dffpipe_1f9:dffpipe22|dffe25a[9]  ; 0                 ; 0       ;
;      - Sdram_Control:u7|Sdram_WR_FIFO:u_write1_fifo|dcfifo:dcfifo_component|dcfifo_0ej1:auto_generated|alt_synch_pipe_gpl:ws_dgrp|dffpipe_1f9:dffpipe22|dffe24a[5]  ; 0                 ; 0       ;
;      - Sdram_Control:u7|Sdram_WR_FIFO:u_write1_fifo|dcfifo:dcfifo_component|dcfifo_0ej1:auto_generated|alt_synch_pipe_gpl:ws_dgrp|dffpipe_1f9:dffpipe22|dffe24a[4]  ; 0                 ; 0       ;
;      - Sdram_Control:u7|Sdram_WR_FIFO:u_write1_fifo|dcfifo:dcfifo_component|dcfifo_0ej1:auto_generated|alt_synch_pipe_gpl:ws_dgrp|dffpipe_1f9:dffpipe22|dffe24a[3]  ; 0                 ; 0       ;
;      - Sdram_Control:u7|Sdram_WR_FIFO:u_write1_fifo|dcfifo:dcfifo_component|dcfifo_0ej1:auto_generated|alt_synch_pipe_gpl:ws_dgrp|dffpipe_1f9:dffpipe22|dffe24a[2]  ; 0                 ; 0       ;
;      - Sdram_Control:u7|Sdram_WR_FIFO:u_write1_fifo|dcfifo:dcfifo_component|dcfifo_0ej1:auto_generated|alt_synch_pipe_gpl:ws_dgrp|dffpipe_1f9:dffpipe22|dffe24a[1]  ; 0                 ; 0       ;
;      - Sdram_Control:u7|Sdram_WR_FIFO:u_write1_fifo|dcfifo:dcfifo_component|dcfifo_0ej1:auto_generated|alt_synch_pipe_gpl:ws_dgrp|dffpipe_1f9:dffpipe22|dffe24a[0]  ; 0                 ; 0       ;
;      - Sdram_Control:u7|Sdram_WR_FIFO:u_write1_fifo|dcfifo:dcfifo_component|dcfifo_0ej1:auto_generated|alt_synch_pipe_gpl:ws_dgrp|dffpipe_1f9:dffpipe22|dffe24a[7]  ; 0                 ; 0       ;
;      - Sdram_Control:u7|Sdram_WR_FIFO:u_write1_fifo|dcfifo:dcfifo_component|dcfifo_0ej1:auto_generated|alt_synch_pipe_gpl:ws_dgrp|dffpipe_1f9:dffpipe22|dffe24a[8]  ; 0                 ; 0       ;
;      - Sdram_Control:u7|Sdram_WR_FIFO:u_write1_fifo|dcfifo:dcfifo_component|dcfifo_0ej1:auto_generated|alt_synch_pipe_gpl:ws_dgrp|dffpipe_1f9:dffpipe22|dffe24a[10] ; 0                 ; 0       ;
;      - Sdram_Control:u7|Sdram_WR_FIFO:u_write1_fifo|dcfifo:dcfifo_component|dcfifo_0ej1:auto_generated|alt_synch_pipe_gpl:ws_dgrp|dffpipe_1f9:dffpipe22|dffe24a[6]  ; 0                 ; 0       ;
;      - Sdram_Control:u7|Sdram_WR_FIFO:u_write1_fifo|dcfifo:dcfifo_component|dcfifo_0ej1:auto_generated|alt_synch_pipe_gpl:ws_dgrp|dffpipe_1f9:dffpipe22|dffe24a[9]  ; 0                 ; 0       ;
;      - Sdram_Control:u7|Sdram_WR_FIFO:u_write1_fifo|dcfifo:dcfifo_component|dcfifo_0ej1:auto_generated|alt_synch_pipe_gpl:ws_dgrp|dffpipe_1f9:dffpipe22|dffe23a[5]  ; 0                 ; 0       ;
;      - Sdram_Control:u7|Sdram_WR_FIFO:u_write1_fifo|dcfifo:dcfifo_component|dcfifo_0ej1:auto_generated|alt_synch_pipe_gpl:ws_dgrp|dffpipe_1f9:dffpipe22|dffe23a[4]  ; 0                 ; 0       ;
;      - Sdram_Control:u7|Sdram_WR_FIFO:u_write1_fifo|dcfifo:dcfifo_component|dcfifo_0ej1:auto_generated|alt_synch_pipe_gpl:ws_dgrp|dffpipe_1f9:dffpipe22|dffe23a[3]  ; 0                 ; 0       ;
;      - Sdram_Control:u7|Sdram_WR_FIFO:u_write1_fifo|dcfifo:dcfifo_component|dcfifo_0ej1:auto_generated|alt_synch_pipe_gpl:ws_dgrp|dffpipe_1f9:dffpipe22|dffe23a[2]  ; 0                 ; 0       ;
;      - Sdram_Control:u7|Sdram_WR_FIFO:u_write1_fifo|dcfifo:dcfifo_component|dcfifo_0ej1:auto_generated|alt_synch_pipe_gpl:ws_dgrp|dffpipe_1f9:dffpipe22|dffe23a[1]  ; 0                 ; 0       ;
;      - Sdram_Control:u7|Sdram_WR_FIFO:u_write1_fifo|dcfifo:dcfifo_component|dcfifo_0ej1:auto_generated|alt_synch_pipe_gpl:ws_dgrp|dffpipe_1f9:dffpipe22|dffe23a[0]  ; 0                 ; 0       ;
;      - Sdram_Control:u7|Sdram_WR_FIFO:u_write1_fifo|dcfifo:dcfifo_component|dcfifo_0ej1:auto_generated|alt_synch_pipe_gpl:ws_dgrp|dffpipe_1f9:dffpipe22|dffe23a[7]  ; 0                 ; 0       ;
;      - Sdram_Control:u7|Sdram_WR_FIFO:u_write1_fifo|dcfifo:dcfifo_component|dcfifo_0ej1:auto_generated|alt_synch_pipe_gpl:ws_dgrp|dffpipe_1f9:dffpipe22|dffe23a[8]  ; 0                 ; 0       ;
;      - Sdram_Control:u7|Sdram_WR_FIFO:u_write1_fifo|dcfifo:dcfifo_component|dcfifo_0ej1:auto_generated|alt_synch_pipe_gpl:ws_dgrp|dffpipe_1f9:dffpipe22|dffe23a[10] ; 0                 ; 0       ;
;      - Sdram_Control:u7|Sdram_WR_FIFO:u_write1_fifo|dcfifo:dcfifo_component|dcfifo_0ej1:auto_generated|alt_synch_pipe_gpl:ws_dgrp|dffpipe_1f9:dffpipe22|dffe23a[6]  ; 0                 ; 0       ;
;      - Sdram_Control:u7|Sdram_WR_FIFO:u_write1_fifo|dcfifo:dcfifo_component|dcfifo_0ej1:auto_generated|alt_synch_pipe_gpl:ws_dgrp|dffpipe_1f9:dffpipe22|dffe23a[9]  ; 0                 ; 0       ;
;      - Sdram_Control:u7|Sdram_WR_FIFO:u_write1_fifo|dcfifo:dcfifo_component|dcfifo_0ej1:auto_generated|delayed_wrptr_g[8]                                           ; 0                 ; 0       ;
;      - Sdram_Control:u7|Sdram_WR_FIFO:u_write1_fifo|dcfifo:dcfifo_component|dcfifo_0ej1:auto_generated|delayed_wrptr_g[10]                                          ; 0                 ; 0       ;
;      - Sdram_Control:u7|Sdram_WR_FIFO:u_write1_fifo|dcfifo:dcfifo_component|dcfifo_0ej1:auto_generated|delayed_wrptr_g[9]                                           ; 0                 ; 0       ;
;      - Sdram_Control:u7|Sdram_WR_FIFO:u_write1_fifo|dcfifo:dcfifo_component|dcfifo_0ej1:auto_generated|delayed_wrptr_g[7]                                           ; 0                 ; 0       ;
;      - Sdram_Control:u7|Sdram_WR_FIFO:u_write1_fifo|dcfifo:dcfifo_component|dcfifo_0ej1:auto_generated|delayed_wrptr_g[6]                                           ; 0                 ; 0       ;
;      - Sdram_Control:u7|Sdram_WR_FIFO:u_write1_fifo|dcfifo:dcfifo_component|dcfifo_0ej1:auto_generated|delayed_wrptr_g[5]                                           ; 0                 ; 0       ;
;      - Sdram_Control:u7|Sdram_WR_FIFO:u_write1_fifo|dcfifo:dcfifo_component|dcfifo_0ej1:auto_generated|delayed_wrptr_g[4]                                           ; 0                 ; 0       ;
;      - Sdram_Control:u7|Sdram_WR_FIFO:u_write1_fifo|dcfifo:dcfifo_component|dcfifo_0ej1:auto_generated|delayed_wrptr_g[3]                                           ; 0                 ; 0       ;
;      - Sdram_Control:u7|Sdram_WR_FIFO:u_write1_fifo|dcfifo:dcfifo_component|dcfifo_0ej1:auto_generated|delayed_wrptr_g[2]                                           ; 0                 ; 0       ;
;      - Sdram_Control:u7|Sdram_WR_FIFO:u_write1_fifo|dcfifo:dcfifo_component|dcfifo_0ej1:auto_generated|delayed_wrptr_g[1]                                           ; 0                 ; 0       ;
;      - Sdram_Control:u7|Sdram_WR_FIFO:u_write1_fifo|dcfifo:dcfifo_component|dcfifo_0ej1:auto_generated|delayed_wrptr_g[0]                                           ; 0                 ; 0       ;
; CLOCK2_50                                                                                                                                                           ;                   ;         ;
; KEY[0]                                                                                                                                                              ;                   ;         ;
;      - RESET_DELAY:u2|oREADY                                                                                                                                        ; 1                 ; 6       ;
;      - RESET_DELAY:u2|oRST_2                                                                                                                                        ; 1                 ; 6       ;
;      - RESET_DELAY:u2|oRST_1                                                                                                                                        ; 1                 ; 6       ;
;      - Sdram_Control:u7|OUT_VALID                                                                                                                                   ; 1                 ; 6       ;
;      - Sdram_Control:u7|RD_MASK[0]                                                                                                                                  ; 1                 ; 6       ;
;      - Sdram_Control:u7|command:u_command|SA[10]                                                                                                                    ; 1                 ; 6       ;
;      - Sdram_Control:u7|command:u_command|CAS_N                                                                                                                     ; 1                 ; 6       ;
;      - Sdram_Control:u7|command:u_command|CS_N[0]                                                                                                                   ; 1                 ; 6       ;
;      - Sdram_Control:u7|command:u_command|RAS_N                                                                                                                     ; 1                 ; 6       ;
;      - Sdram_Control:u7|command:u_command|WE_N                                                                                                                      ; 1                 ; 6       ;
;      - Sdram_Control:u7|command:u_command|do_load_mode                                                                                                              ; 1                 ; 6       ;
;      - Sdram_Control:u7|command:u_command|do_precharge                                                                                                              ; 1                 ; 6       ;
;      - Sdram_Control:u7|command:u_command|rw_flag                                                                                                                   ; 1                 ; 6       ;
;      - Sdram_Control:u7|command:u_command|do_refresh                                                                                                                ; 1                 ; 6       ;
;      - Sdram_Control:u7|command:u_command|ex_read                                                                                                                   ; 1                 ; 6       ;
;      - Sdram_Control:u7|command:u_command|ex_write                                                                                                                  ; 1                 ; 6       ;
;      - Sdram_Control:u7|command:u_command|rp_shift[3]                                                                                                               ; 1                 ; 6       ;
;      - RESET_DELAY:u2|Cont[8]                                                                                                                                       ; 1                 ; 6       ;
;      - RESET_DELAY:u2|Cont[9]                                                                                                                                       ; 1                 ; 6       ;
;      - RESET_DELAY:u2|Cont[10]                                                                                                                                      ; 1                 ; 6       ;
;      - RESET_DELAY:u2|Cont[11]                                                                                                                                      ; 1                 ; 6       ;
;      - RESET_DELAY:u2|Cont[12]                                                                                                                                      ; 1                 ; 6       ;
;      - RESET_DELAY:u2|Cont[13]                                                                                                                                      ; 1                 ; 6       ;
;      - RESET_DELAY:u2|Cont[14]                                                                                                                                      ; 1                 ; 6       ;
;      - RESET_DELAY:u2|Cont[15]                                                                                                                                      ; 1                 ; 6       ;
;      - RESET_DELAY:u2|Cont[16]                                                                                                                                      ; 1                 ; 6       ;
;      - RESET_DELAY:u2|Cont[17]                                                                                                                                      ; 1                 ; 6       ;
;      - RESET_DELAY:u2|Cont[18]                                                                                                                                      ; 1                 ; 6       ;
;      - RESET_DELAY:u2|Cont[19]                                                                                                                                      ; 1                 ; 6       ;
;      - RESET_DELAY:u2|Cont[20]                                                                                                                                      ; 1                 ; 6       ;
;      - RESET_DELAY:u2|Cont[21]                                                                                                                                      ; 1                 ; 6       ;
;      - RESET_DELAY:u2|Cont[22]                                                                                                                                      ; 1                 ; 6       ;
;      - RESET_DELAY:u2|Cont[23]                                                                                                                                      ; 1                 ; 6       ;
;      - RESET_DELAY:u2|Cont[24]                                                                                                                                      ; 1                 ; 6       ;
;      - RESET_DELAY:u2|Cont[25]                                                                                                                                      ; 1                 ; 6       ;
;      - RESET_DELAY:u2|Cont[26]                                                                                                                                      ; 1                 ; 6       ;
;      - RESET_DELAY:u2|Cont[27]                                                                                                                                      ; 1                 ; 6       ;
;      - RESET_DELAY:u2|Cont[28]                                                                                                                                      ; 1                 ; 6       ;
;      - RESET_DELAY:u2|Cont[29]                                                                                                                                      ; 1                 ; 6       ;
;      - RESET_DELAY:u2|Cont[30]                                                                                                                                      ; 1                 ; 6       ;
;      - RESET_DELAY:u2|Cont[31]                                                                                                                                      ; 1                 ; 6       ;
;      - RESET_DELAY:u2|Cont[1]                                                                                                                                       ; 1                 ; 6       ;
;      - RESET_DELAY:u2|Cont[2]                                                                                                                                       ; 1                 ; 6       ;
;      - RESET_DELAY:u2|Cont[3]                                                                                                                                       ; 1                 ; 6       ;
;      - RESET_DELAY:u2|Cont[4]                                                                                                                                       ; 1                 ; 6       ;
;      - RESET_DELAY:u2|Cont[5]                                                                                                                                       ; 1                 ; 6       ;
;      - RESET_DELAY:u2|Cont[6]                                                                                                                                       ; 1                 ; 6       ;
;      - RESET_DELAY:u2|Cont[7]                                                                                                                                       ; 1                 ; 6       ;
;      - Sdram_Control:u7|rRD1_ADDR[8]                                                                                                                                ; 1                 ; 6       ;
;      - Sdram_Control:u7|rWR1_ADDR[8]                                                                                                                                ; 1                 ; 6       ;
;      - Sdram_Control:u7|control_interface:u_control_interface|init_timer[6]                                                                                         ; 1                 ; 6       ;
;      - Sdram_Control:u7|control_interface:u_control_interface|init_timer[7]                                                                                         ; 1                 ; 6       ;
;      - Sdram_Control:u7|control_interface:u_control_interface|init_timer[8]                                                                                         ; 1                 ; 6       ;
;      - Sdram_Control:u7|control_interface:u_control_interface|init_timer[9]                                                                                         ; 1                 ; 6       ;
;      - Sdram_Control:u7|control_interface:u_control_interface|init_timer[10]                                                                                        ; 1                 ; 6       ;
;      - Sdram_Control:u7|control_interface:u_control_interface|init_timer[11]                                                                                        ; 1                 ; 6       ;
;      - Sdram_Control:u7|control_interface:u_control_interface|init_timer[12]                                                                                        ; 1                 ; 6       ;
;      - Sdram_Control:u7|control_interface:u_control_interface|init_timer[13]                                                                                        ; 1                 ; 6       ;
;      - Sdram_Control:u7|control_interface:u_control_interface|init_timer[14]                                                                                        ; 1                 ; 6       ;
;      - Sdram_Control:u7|control_interface:u_control_interface|init_timer[15]                                                                                        ; 1                 ; 6       ;
;      - Sdram_Control:u7|control_interface:u_control_interface|timer[0]                                                                                              ; 1                 ; 6       ;
;      - Sdram_Control:u7|control_interface:u_control_interface|timer[1]                                                                                              ; 1                 ; 6       ;
;      - Sdram_Control:u7|control_interface:u_control_interface|timer[2]                                                                                              ; 1                 ; 6       ;
;      - Sdram_Control:u7|control_interface:u_control_interface|timer[3]                                                                                              ; 1                 ; 6       ;
;      - Sdram_Control:u7|control_interface:u_control_interface|timer[4]                                                                                              ; 1                 ; 6       ;
;      - Sdram_Control:u7|control_interface:u_control_interface|timer[5]                                                                                              ; 1                 ; 6       ;
;      - Sdram_Control:u7|control_interface:u_control_interface|timer[6]                                                                                              ; 1                 ; 6       ;
;      - Sdram_Control:u7|control_interface:u_control_interface|timer[7]                                                                                              ; 1                 ; 6       ;
;      - Sdram_Control:u7|control_interface:u_control_interface|timer[8]                                                                                              ; 1                 ; 6       ;
;      - Sdram_Control:u7|control_interface:u_control_interface|timer[9]                                                                                              ; 1                 ; 6       ;
;      - Sdram_Control:u7|control_interface:u_control_interface|timer[10]                                                                                             ; 1                 ; 6       ;
;      - Sdram_Control:u7|control_interface:u_control_interface|timer[11]                                                                                             ; 1                 ; 6       ;
;      - Sdram_Control:u7|control_interface:u_control_interface|timer[12]                                                                                             ; 1                 ; 6       ;
;      - Sdram_Control:u7|control_interface:u_control_interface|timer[13]                                                                                             ; 1                 ; 6       ;
;      - Sdram_Control:u7|control_interface:u_control_interface|timer[14]                                                                                             ; 1                 ; 6       ;
;      - Sdram_Control:u7|control_interface:u_control_interface|timer[15]                                                                                             ; 1                 ; 6       ;
;      - Sdram_Control:u7|control_interface:u_control_interface|init_timer[1]                                                                                         ; 1                 ; 6       ;
;      - Sdram_Control:u7|control_interface:u_control_interface|init_timer[2]                                                                                         ; 1                 ; 6       ;
;      - Sdram_Control:u7|control_interface:u_control_interface|init_timer[3]                                                                                         ; 1                 ; 6       ;
;      - Sdram_Control:u7|control_interface:u_control_interface|init_timer[4]                                                                                         ; 1                 ; 6       ;
;      - Sdram_Control:u7|control_interface:u_control_interface|init_timer[5]                                                                                         ; 1                 ; 6       ;
;      - Sdram_Control:u7|rRD1_ADDR[9]                                                                                                                                ; 1                 ; 6       ;
;      - Sdram_Control:u7|rWR1_ADDR[9]                                                                                                                                ; 1                 ; 6       ;
;      - Sdram_Control:u7|rRD1_ADDR[10]                                                                                                                               ; 1                 ; 6       ;
;      - Sdram_Control:u7|rWR1_ADDR[10]                                                                                                                               ; 1                 ; 6       ;
;      - Sdram_Control:u7|rRD1_ADDR[11]                                                                                                                               ; 1                 ; 6       ;
;      - Sdram_Control:u7|rWR1_ADDR[11]                                                                                                                               ; 1                 ; 6       ;
;      - Sdram_Control:u7|rRD1_ADDR[12]                                                                                                                               ; 1                 ; 6       ;
;      - Sdram_Control:u7|rWR1_ADDR[12]                                                                                                                               ; 1                 ; 6       ;
;      - Sdram_Control:u7|rRD1_ADDR[13]                                                                                                                               ; 1                 ; 6       ;
;      - Sdram_Control:u7|rWR1_ADDR[13]                                                                                                                               ; 1                 ; 6       ;
;      - Sdram_Control:u7|rRD1_ADDR[14]                                                                                                                               ; 1                 ; 6       ;
;      - Sdram_Control:u7|rWR1_ADDR[14]                                                                                                                               ; 1                 ; 6       ;
;      - Sdram_Control:u7|rRD1_ADDR[15]                                                                                                                               ; 1                 ; 6       ;
;      - Sdram_Control:u7|rWR1_ADDR[15]                                                                                                                               ; 1                 ; 6       ;
;      - Sdram_Control:u7|rRD1_ADDR[16]                                                                                                                               ; 1                 ; 6       ;
;      - Sdram_Control:u7|rWR1_ADDR[16]                                                                                                                               ; 1                 ; 6       ;
;      - Sdram_Control:u7|rRD1_ADDR[17]                                                                                                                               ; 1                 ; 6       ;
;      - Sdram_Control:u7|rWR1_ADDR[17]                                                                                                                               ; 1                 ; 6       ;
;      - Sdram_Control:u7|rRD1_ADDR[18]                                                                                                                               ; 1                 ; 6       ;
;      - Sdram_Control:u7|rWR1_ADDR[18]                                                                                                                               ; 1                 ; 6       ;
;      - Sdram_Control:u7|rRD1_ADDR[19]                                                                                                                               ; 1                 ; 6       ;
;      - Sdram_Control:u7|rWR1_ADDR[19]                                                                                                                               ; 1                 ; 6       ;
;      - Sdram_Control:u7|rRD1_ADDR[20]                                                                                                                               ; 1                 ; 6       ;
;      - Sdram_Control:u7|rWR1_ADDR[20]                                                                                                                               ; 1                 ; 6       ;
;      - Sdram_Control:u7|rRD1_ADDR[21]                                                                                                                               ; 1                 ; 6       ;
;      - Sdram_Control:u7|rWR1_ADDR[21]                                                                                                                               ; 1                 ; 6       ;
;      - Sdram_Control:u7|rRD1_ADDR[22]                                                                                                                               ; 1                 ; 6       ;
;      - Sdram_Control:u7|rWR1_ADDR[22]                                                                                                                               ; 1                 ; 6       ;
;      - Sdram_Control:u7|ST[0]                                                                                                                                       ; 1                 ; 6       ;
;      - Sdram_Control:u7|ST[1]                                                                                                                                       ; 1                 ; 6       ;
;      - Sdram_Control:u7|ST[9]                                                                                                                                       ; 1                 ; 6       ;
;      - Sdram_Control:u7|ST[7]                                                                                                                                       ; 1                 ; 6       ;
;      - Sdram_Control:u7|ST[6]                                                                                                                                       ; 1                 ; 6       ;
;      - Sdram_Control:u7|ST[5]                                                                                                                                       ; 1                 ; 6       ;
;      - Sdram_Control:u7|ST[4]                                                                                                                                       ; 1                 ; 6       ;
;      - Sdram_Control:u7|ST[3]                                                                                                                                       ; 1                 ; 6       ;
;      - Sdram_Control:u7|ST[8]                                                                                                                                       ; 1                 ; 6       ;
;      - Sdram_Control:u7|mLENGTH[8]                                                                                                                                  ; 1                 ; 6       ;
;      - Sdram_Control:u7|ST[2]                                                                                                                                       ; 1                 ; 6       ;
;      - Sdram_Control:u7|Write                                                                                                                                       ; 1                 ; 6       ;
;      - Sdram_Control:u7|Read                                                                                                                                        ; 1                 ; 6       ;
;      - RESET_DELAY:u2|Cont[0]                                                                                                                                       ; 1                 ; 6       ;
;      - RESET_DELAY:u2|oRST_0                                                                                                                                        ; 1                 ; 6       ;
;      - Sdram_Control:u7|WR_MASK[0]                                                                                                                                  ; 1                 ; 6       ;
;      - Sdram_Control:u7|mRD_DONE                                                                                                                                    ; 1                 ; 6       ;
;      - Sdram_Control:u7|control_interface:u_control_interface|SADDR[8]                                                                                              ; 1                 ; 6       ;
;      - Sdram_Control:u7|command:u_command|do_reada                                                                                                                  ; 1                 ; 6       ;
;      - Sdram_Control:u7|command:u_command|do_writea                                                                                                                 ; 1                 ; 6       ;
;      - Sdram_Control:u7|command:u_command|SA~0                                                                                                                      ; 1                 ; 6       ;
;      - Sdram_Control:u7|Pre_WR                                                                                                                                      ; 1                 ; 6       ;
;      - Sdram_Control:u7|Pre_RD                                                                                                                                      ; 1                 ; 6       ;
;      - Sdram_Control:u7|control_interface:u_control_interface|CMD_ACK                                                                                               ; 1                 ; 6       ;
;      - Sdram_Control:u7|control_interface:u_control_interface|SADDR[9]                                                                                              ; 1                 ; 6       ;
;      - Sdram_Control:u7|command:u_command|SA~1                                                                                                                      ; 1                 ; 6       ;
;      - Sdram_Control:u7|control_interface:u_control_interface|SADDR[10]                                                                                             ; 1                 ; 6       ;
;      - Sdram_Control:u7|command:u_command|SA~2                                                                                                                      ; 1                 ; 6       ;
;      - Sdram_Control:u7|control_interface:u_control_interface|SADDR[11]                                                                                             ; 1                 ; 6       ;
;      - Sdram_Control:u7|command:u_command|SA~3                                                                                                                      ; 1                 ; 6       ;
;      - Sdram_Control:u7|control_interface:u_control_interface|SADDR[12]                                                                                             ; 1                 ; 6       ;
;      - Sdram_Control:u7|command:u_command|SA~4                                                                                                                      ; 1                 ; 6       ;
;      - Sdram_Control:u7|control_interface:u_control_interface|SADDR[13]                                                                                             ; 1                 ; 6       ;
;      - Sdram_Control:u7|command:u_command|SA~5                                                                                                                      ; 1                 ; 6       ;
;      - Sdram_Control:u7|control_interface:u_control_interface|SADDR[14]                                                                                             ; 1                 ; 6       ;
;      - Sdram_Control:u7|command:u_command|SA~6                                                                                                                      ; 1                 ; 6       ;
;      - Sdram_Control:u7|control_interface:u_control_interface|SADDR[15]                                                                                             ; 1                 ; 6       ;
;      - Sdram_Control:u7|command:u_command|SA~7                                                                                                                      ; 1                 ; 6       ;
;      - Sdram_Control:u7|control_interface:u_control_interface|SADDR[16]                                                                                             ; 1                 ; 6       ;
;      - Sdram_Control:u7|command:u_command|SA~8                                                                                                                      ; 1                 ; 6       ;
;      - Sdram_Control:u7|control_interface:u_control_interface|SADDR[17]                                                                                             ; 1                 ; 6       ;
;      - Sdram_Control:u7|command:u_command|SA~9                                                                                                                      ; 1                 ; 6       ;
;      - Sdram_Control:u7|control_interface:u_control_interface|SADDR[18]                                                                                             ; 1                 ; 6       ;
;      - Sdram_Control:u7|command:u_command|do_rw                                                                                                                     ; 1                 ; 6       ;
;      - Sdram_Control:u7|control_interface:u_control_interface|SADDR[19]                                                                                             ; 1                 ; 6       ;
;      - Sdram_Control:u7|command:u_command|SA~11                                                                                                                     ; 1                 ; 6       ;
;      - Sdram_Control:u7|control_interface:u_control_interface|SADDR[20]                                                                                             ; 1                 ; 6       ;
;      - Sdram_Control:u7|command:u_command|BA~0                                                                                                                      ; 1                 ; 6       ;
;      - Sdram_Control:u7|control_interface:u_control_interface|SADDR[21]                                                                                             ; 1                 ; 6       ;
;      - Sdram_Control:u7|command:u_command|BA~1                                                                                                                      ; 1                 ; 6       ;
;      - Sdram_Control:u7|control_interface:u_control_interface|SADDR[22]                                                                                             ; 1                 ; 6       ;
;      - Sdram_Control:u7|command:u_command|do_initial                                                                                                                ; 1                 ; 6       ;
;      - Sdram_Control:u7|command:u_command|oe4                                                                                                                       ; 1                 ; 6       ;
;      - Sdram_Control:u7|command:u_command|OE                                                                                                                        ; 1                 ; 6       ;
;      - Sdram_Control:u7|mWR_DONE                                                                                                                                    ; 1                 ; 6       ;
;      - Sdram_Control:u7|control_interface:u_control_interface|LOAD_MODE                                                                                             ; 1                 ; 6       ;
;      - Sdram_Control:u7|command:u_command|command_done                                                                                                              ; 1                 ; 6       ;
;      - Sdram_Control:u7|control_interface:u_control_interface|INIT_REQ                                                                                              ; 1                 ; 6       ;
;      - Sdram_Control:u7|mADDR[8]                                                                                                                                    ; 1                 ; 6       ;
;      - Sdram_Control:u7|control_interface:u_control_interface|READA                                                                                                 ; 1                 ; 6       ;
;      - Sdram_Control:u7|command:u_command|rp_done                                                                                                                   ; 1                 ; 6       ;
;      - Sdram_Control:u7|control_interface:u_control_interface|REF_REQ                                                                                               ; 1                 ; 6       ;
;      - Sdram_Control:u7|control_interface:u_control_interface|WRITEA                                                                                                ; 1                 ; 6       ;
;      - Sdram_Control:u7|command:u_command|CM_ACK                                                                                                                    ; 1                 ; 6       ;
;      - Sdram_Control:u7|mADDR[9]                                                                                                                                    ; 1                 ; 6       ;
;      - Sdram_Control:u7|mADDR[10]                                                                                                                                   ; 1                 ; 6       ;
;      - Sdram_Control:u7|mADDR[11]                                                                                                                                   ; 1                 ; 6       ;
;      - Sdram_Control:u7|mADDR[12]                                                                                                                                   ; 1                 ; 6       ;
;      - Sdram_Control:u7|mADDR[13]                                                                                                                                   ; 1                 ; 6       ;
;      - Sdram_Control:u7|mADDR[14]                                                                                                                                   ; 1                 ; 6       ;
;      - Sdram_Control:u7|mADDR[15]                                                                                                                                   ; 1                 ; 6       ;
;      - Sdram_Control:u7|mADDR[16]                                                                                                                                   ; 1                 ; 6       ;
;      - Sdram_Control:u7|mADDR[17]                                                                                                                                   ; 1                 ; 6       ;
;      - Sdram_Control:u7|control_interface:u_control_interface|PRECHARGE                                                                                             ; 1                 ; 6       ;
;      - Sdram_Control:u7|mADDR[18]                                                                                                                                   ; 1                 ; 6       ;
;      - Sdram_Control:u7|command:u_command|rw_shift[0]                                                                                                               ; 1                 ; 6       ;
;      - Sdram_Control:u7|mADDR[19]                                                                                                                                   ; 1                 ; 6       ;
;      - Sdram_Control:u7|mADDR[20]                                                                                                                                   ; 1                 ; 6       ;
;      - Sdram_Control:u7|mADDR[21]                                                                                                                                   ; 1                 ; 6       ;
;      - Sdram_Control:u7|control_interface:u_control_interface|REFRESH                                                                                               ; 1                 ; 6       ;
;      - Sdram_Control:u7|mADDR[22]                                                                                                                                   ; 1                 ; 6       ;
;      - Sdram_Control:u7|IN_REQ                                                                                                                                      ; 1                 ; 6       ;
;      - camera_interface:camera_inst|debounce_explicit:m3|Selector5~0                                                                                                ; 1                 ; 6       ;
;      - Sdram_Control:u7|control_interface:u_control_interface|init_timer[0]                                                                                         ; 1                 ; 6       ;
;      - Sdram_Control:u7|command:u_command|command_delay[0]                                                                                                          ; 1                 ; 6       ;
;      - Sdram_Control:u7|CMD[0]                                                                                                                                      ; 1                 ; 6       ;
;      - Sdram_Control:u7|CMD[1]                                                                                                                                      ; 1                 ; 6       ;
;      - Sdram_Control:u7|command:u_command|rp_shift[0]                                                                                                               ; 1                 ; 6       ;
;      - Sdram_Control:u7|command:u_command|REF_ACK                                                                                                                   ; 1                 ; 6       ;
;      - Sdram_Control:u7|command:u_command|rw_shift[1]                                                                                                               ; 1                 ; 6       ;
;      - camera_interface:camera_inst|debounce_explicit:m3|Selector2~0                                                                                                ; 1                 ; 6       ;
;      - camera_interface:camera_inst|debounce_explicit:m3|Selector2~1                                                                                                ; 1                 ; 6       ;
;      - camera_interface:camera_inst|debounce_explicit:m3|Selector2~2                                                                                                ; 1                 ; 6       ;
;      - camera_interface:camera_inst|debounce_explicit:m3|Selector0~0                                                                                                ; 1                 ; 6       ;
;      - camera_interface:camera_inst|debounce_explicit:m3|timer_reg[13]~23                                                                                           ; 1                 ; 6       ;
;      - Sdram_Control:u7|command:u_command|command_delay[1]                                                                                                          ; 1                 ; 6       ;
;      - Sdram_Control:u7|command:u_command|rp_shift[1]                                                                                                               ; 1                 ; 6       ;
;      - camera_interface:camera_inst|debounce_explicit:m3|Selector3~0                                                                                                ; 1                 ; 6       ;
;      - camera_interface:camera_inst|debounce_explicit:m3|Selector3~1                                                                                                ; 1                 ; 6       ;
;      - camera_interface:camera_inst|debounce_explicit:m3|Selector1~0                                                                                                ; 1                 ; 6       ;
;      - camera_interface:camera_inst|debounce_explicit:m3|Selector1~1                                                                                                ; 1                 ; 6       ;
;      - camera_interface:camera_inst|debounce_explicit:m3|Selector1~2                                                                                                ; 1                 ; 6       ;
;      - camera_interface:camera_inst|debounce_explicit:m3|Selector3~2                                                                                                ; 1                 ; 6       ;
;      - camera_interface:camera_inst|debounce_explicit:m3|Selector3~4                                                                                                ; 1                 ; 6       ;
;      - camera_interface:camera_inst|debounce_explicit:m3|state_reg.delay1~0                                                                                         ; 1                 ; 6       ;
;      - Sdram_Control:u7|command:u_command|command_delay[2]                                                                                                          ; 1                 ; 6       ;
;      - Sdram_Control:u7|command:u_command|rp_shift[2]                                                                                                               ; 1                 ; 6       ;
;      - Sdram_Control:u7|command:u_command|command_delay[3]                                                                                                          ; 1                 ; 6       ;
;      - Sdram_Control:u7|command:u_command|command_delay[4]                                                                                                          ; 1                 ; 6       ;
;      - Sdram_Control:u7|command:u_command|command_delay[5]                                                                                                          ; 1                 ; 6       ;
;      - Sdram_Control:u7|command:u_command|command_delay[6]                                                                                                          ; 1                 ; 6       ;
;      - Sdram_Control:u7|command:u_command|command_delay[7]                                                                                                          ; 1                 ; 6       ;
;      - pll_test:pll_ref|altpll:altpll_component|pll_test_altpll:auto_generated|pll1                                                                                 ; 1                 ; 6       ;
;      - VIDEO_PLL:pll_ref1|altpll:altpll_component|VIDEO_PLL_altpll:auto_generated|pll1                                                                              ; 1                 ; 6       ;
;      - Sdram_Control:u7|command:u_command|CKE~feeder                                                                                                                ; 1                 ; 6       ;
; CLOCK_50                                                                                                                                                            ;                   ;         ;
; CLOCK3_50                                                                                                                                                           ;                   ;         ;
; cmos_vsync                                                                                                                                                          ;                   ;         ;
;      - FpsMonitor:uFps|pre_vs                                                                                                                                       ; 0                 ; 6       ;
;      - FpsMonitor:uFps|rfps_l[3]~2                                                                                                                                  ; 0                 ; 6       ;
;      - FpsMonitor:uFps|rfps_h[3]~1                                                                                                                                  ; 0                 ; 6       ;
;      - Sdram_Control:u7|Sdram_WR_FIFO:u_write1_fifo|dcfifo:dcfifo_component|dcfifo_0ej1:auto_generated|valid_wrreq~0                                                ; 0                 ; 6       ;
;      - camera_interface:camera_inst|vsync_1                                                                                                                         ; 0                 ; 6       ;
; cmos_href                                                                                                                                                           ;                   ;         ;
;      - Sdram_Control:u7|Sdram_WR_FIFO:u_write1_fifo|dcfifo:dcfifo_component|dcfifo_0ej1:auto_generated|valid_wrreq~0                                                ; 1                 ; 6       ;
;      - camera_interface:camera_inst|href_1~feeder                                                                                                                   ; 1                 ; 6       ;
; KEY[2]                                                                                                                                                              ;                   ;         ;
;      - camera_interface:camera_inst|debounce_explicit:m5|Selector5~0                                                                                                ; 1                 ; 6       ;
;      - camera_interface:camera_inst|debounce_explicit:m5|Selector4~0                                                                                                ; 1                 ; 6       ;
;      - camera_interface:camera_inst|debounce_explicit:m5|Selector4~1                                                                                                ; 1                 ; 6       ;
;      - camera_interface:camera_inst|debounce_explicit:m5|Selector2~0                                                                                                ; 1                 ; 6       ;
;      - camera_interface:camera_inst|debounce_explicit:m5|Selector0~0                                                                                                ; 1                 ; 6       ;
;      - camera_interface:camera_inst|debounce_explicit:m5|timer_reg[8]~23                                                                                            ; 1                 ; 6       ;
;      - camera_interface:camera_inst|debounce_explicit:m5|Selector1~0                                                                                                ; 1                 ; 6       ;
;      - camera_interface:camera_inst|debounce_explicit:m5|Selector1~1                                                                                                ; 1                 ; 6       ;
;      - camera_interface:camera_inst|debounce_explicit:m5|Selector1~2                                                                                                ; 1                 ; 6       ;
;      - camera_interface:camera_inst|debounce_explicit:m5|Selector1~3                                                                                                ; 1                 ; 6       ;
;      - camera_interface:camera_inst|debounce_explicit:m5|Selector1~4                                                                                                ; 1                 ; 6       ;
;      - camera_interface:camera_inst|debounce_explicit:m5|Selector3~0                                                                                                ; 1                 ; 6       ;
;      - camera_interface:camera_inst|debounce_explicit:m5|Selector3~2                                                                                                ; 1                 ; 6       ;
;      - camera_interface:camera_inst|debounce_explicit:m5|state_reg.delay1~0                                                                                         ; 1                 ; 6       ;
; KEY[1]                                                                                                                                                              ;                   ;         ;
;      - camera_interface:camera_inst|debounce_explicit:m4|db_tick~0                                                                                                  ; 0                 ; 6       ;
;      - camera_interface:camera_inst|debounce_explicit:m4|Selector2~0                                                                                                ; 0                 ; 6       ;
;      - camera_interface:camera_inst|debounce_explicit:m4|Selector2~1                                                                                                ; 0                 ; 6       ;
;      - camera_interface:camera_inst|debounce_explicit:m4|Selector2~2                                                                                                ; 0                 ; 6       ;
;      - camera_interface:camera_inst|debounce_explicit:m4|Selector0~0                                                                                                ; 0                 ; 6       ;
;      - camera_interface:camera_inst|debounce_explicit:m4|timer_reg[13]~23                                                                                           ; 0                 ; 6       ;
;      - camera_interface:camera_inst|debounce_explicit:m4|Selector3~0                                                                                                ; 0                 ; 6       ;
;      - camera_interface:camera_inst|debounce_explicit:m4|Selector3~1                                                                                                ; 0                 ; 6       ;
;      - camera_interface:camera_inst|debounce_explicit:m4|Selector1~0                                                                                                ; 0                 ; 6       ;
;      - camera_interface:camera_inst|debounce_explicit:m4|Selector1~1                                                                                                ; 0                 ; 6       ;
;      - camera_interface:camera_inst|debounce_explicit:m4|Selector1~2                                                                                                ; 0                 ; 6       ;
;      - camera_interface:camera_inst|debounce_explicit:m4|Selector3~2                                                                                                ; 0                 ; 6       ;
;      - camera_interface:camera_inst|debounce_explicit:m4|Selector3~4                                                                                                ; 0                 ; 6       ;
;      - camera_interface:camera_inst|debounce_explicit:m4|state_reg.delay1~0                                                                                         ; 0                 ; 6       ;
; KEY[3]                                                                                                                                                              ;                   ;         ;
;      - camera_interface:camera_inst|debounce_explicit:m6|db_tick~0                                                                                                  ; 0                 ; 6       ;
;      - camera_interface:camera_inst|debounce_explicit:m6|Selector4~0                                                                                                ; 0                 ; 6       ;
;      - camera_interface:camera_inst|debounce_explicit:m6|Selector4~1                                                                                                ; 0                 ; 6       ;
;      - camera_interface:camera_inst|debounce_explicit:m6|Selector2~0                                                                                                ; 0                 ; 6       ;
;      - camera_interface:camera_inst|debounce_explicit:m6|Selector0~0                                                                                                ; 0                 ; 6       ;
;      - camera_interface:camera_inst|debounce_explicit:m6|timer_reg[19]~23                                                                                           ; 0                 ; 6       ;
;      - camera_interface:camera_inst|debounce_explicit:m6|Selector3~0                                                                                                ; 0                 ; 6       ;
;      - camera_interface:camera_inst|debounce_explicit:m6|Selector3~1                                                                                                ; 0                 ; 6       ;
;      - camera_interface:camera_inst|debounce_explicit:m6|Selector1~0                                                                                                ; 0                 ; 6       ;
;      - camera_interface:camera_inst|debounce_explicit:m6|Selector1~1                                                                                                ; 0                 ; 6       ;
;      - camera_interface:camera_inst|debounce_explicit:m6|Selector1~2                                                                                                ; 0                 ; 6       ;
;      - camera_interface:camera_inst|debounce_explicit:m6|Selector3~2                                                                                                ; 0                 ; 6       ;
;      - camera_interface:camera_inst|debounce_explicit:m6|Selector3~4                                                                                                ; 0                 ; 6       ;
;      - camera_interface:camera_inst|debounce_explicit:m6|state_reg.delay1~0                                                                                         ; 0                 ; 6       ;
; cmos_db[3]                                                                                                                                                          ;                   ;         ;
;      - camera_interface:camera_inst|pixel_q[3]~feeder                                                                                                               ; 0                 ; 6       ;
;      - camera_interface:camera_inst|pixel_q[11]~feeder                                                                                                              ; 0                 ; 6       ;
; cmos_db[4]                                                                                                                                                          ;                   ;         ;
;      - camera_interface:camera_inst|pixel_q[4]                                                                                                                      ; 0                 ; 6       ;
;      - camera_interface:camera_inst|pixel_q[12]                                                                                                                     ; 0                 ; 6       ;
; cmos_db[1]                                                                                                                                                          ;                   ;         ;
;      - camera_interface:camera_inst|pixel_q[1]~feeder                                                                                                               ; 0                 ; 6       ;
;      - camera_interface:camera_inst|pixel_q[9]~feeder                                                                                                               ; 0                 ; 6       ;
; cmos_db[2]                                                                                                                                                          ;                   ;         ;
;      - camera_interface:camera_inst|pixel_q[2]~feeder                                                                                                               ; 1                 ; 6       ;
;      - camera_interface:camera_inst|pixel_q[10]~feeder                                                                                                              ; 1                 ; 6       ;
; cmos_db[0]                                                                                                                                                          ;                   ;         ;
;      - camera_interface:camera_inst|pixel_q[0]~feeder                                                                                                               ; 0                 ; 6       ;
;      - camera_interface:camera_inst|pixel_q[8]~feeder                                                                                                               ; 0                 ; 6       ;
; cmos_db[6]                                                                                                                                                          ;                   ;         ;
;      - camera_interface:camera_inst|pixel_q[14]~feeder                                                                                                              ; 0                 ; 6       ;
;      - camera_interface:camera_inst|pixel_q[6]~feeder                                                                                                               ; 0                 ; 6       ;
; cmos_db[5]                                                                                                                                                          ;                   ;         ;
;      - camera_interface:camera_inst|pixel_q[13]~feeder                                                                                                              ; 0                 ; 6       ;
;      - camera_interface:camera_inst|pixel_q[5]~feeder                                                                                                               ; 0                 ; 6       ;
; cmos_db[7]                                                                                                                                                          ;                   ;         ;
;      - camera_interface:camera_inst|pixel_q[7]                                                                                                                      ; 0                 ; 6       ;
;      - camera_interface:camera_inst|pixel_q[15]                                                                                                                     ; 0                 ; 6       ;
+---------------------------------------------------------------------------------------------------------------------------------------------------------------------+-------------------+---------+


+----------------------------------------------------------------------------------------------------------------------------------------------------------------------------------------------------------------------------------------------------------------------------------------------------------------------------------------------------------------------------------------------------------------------------------------------------------------------------------------------------------------------------------+
; Control Signals                                                                                                                                                                                                                                                                                                                                                                                                                                                                                                                  ;
+-------------------------------------------------------------------------------------------------------------------------------------------------------------------------------------------------------------------------------------------------------------------------------------------------------------------------------------------------------------+---------------------+---------+-----------------------------------------------------+--------+----------------------+------------------+---------------------------+
; Name                                                                                                                                                                                                                                                                                                                                                        ; Location            ; Fan-Out ; Usage                                               ; Global ; Global Resource Used ; Global Line Name ; Enable Signal Source Name ;
+-------------------------------------------------------------------------------------------------------------------------------------------------------------------------------------------------------------------------------------------------------------------------------------------------------------------------------------------------------------+---------------------+---------+-----------------------------------------------------+--------+----------------------+------------------+---------------------------+
; CLOCK2_50                                                                                                                                                                                                                                                                                                                                                   ; PIN_AG14            ; 2       ; Clock                                               ; no     ; --                   ; --               ; --                        ;
; CLOCK2_50                                                                                                                                                                                                                                                                                                                                                   ; PIN_AG14            ; 80      ; Clock                                               ; yes    ; Global Clock         ; GCLK15           ; --                        ;
; CLOCK3_50                                                                                                                                                                                                                                                                                                                                                   ; PIN_AG15            ; 1       ; Clock                                               ; yes    ; Global Clock         ; GCLK17           ; --                        ;
; CLOCKMEM:ck1|LessThan0~10                                                                                                                                                                                                                                                                                                                                   ; LCCOMB_X57_Y69_N0   ; 33      ; Sync. clear                                         ; no     ; --                   ; --               ; --                        ;
; CLOCKMEM:ck2|LessThan0~10                                                                                                                                                                                                                                                                                                                                   ; LCCOMB_X75_Y69_N14  ; 33      ; Sync. clear                                         ; no     ; --                   ; --               ; --                        ;
; CLOCKMEM:ck3|LessThan0~10                                                                                                                                                                                                                                                                                                                                   ; LCCOMB_X55_Y9_N14   ; 33      ; Sync. clear                                         ; no     ; --                   ; --               ; --                        ;
; CLOCK_50                                                                                                                                                                                                                                                                                                                                                    ; PIN_Y2              ; 1       ; Clock                                               ; no     ; --                   ; --               ; --                        ;
; FpsMonitor:uFps|LessThan0~7                                                                                                                                                                                                                                                                                                                                 ; LCCOMB_X103_Y45_N22 ; 35      ; Clock enable, Sync. clear                           ; no     ; --                   ; --               ; --                        ;
; FpsMonitor:uFps|rfps_h[3]~1                                                                                                                                                                                                                                                                                                                                 ; LCCOMB_X103_Y45_N0  ; 4       ; Clock enable                                        ; no     ; --                   ; --               ; --                        ;
; FpsMonitor:uFps|rfps_l[3]~2                                                                                                                                                                                                                                                                                                                                 ; LCCOMB_X103_Y45_N18 ; 4       ; Clock enable                                        ; no     ; --                   ; --               ; --                        ;
; KEY[0]                                                                                                                                                                                                                                                                                                                                                      ; PIN_M23             ; 224     ; Async. clear, Clock enable, Sync. clear, Sync. load ; no     ; --                   ; --               ; --                        ;
; QIC_SIGNALTAP_GND                                                                                                                                                                                                                                                                                                                                           ; LCCOMB_X81_Y49_N0   ; 1115    ; Clock                                               ; no     ; --                   ; --               ; --                        ;
; RESET_DELAY:u2|Equal0~10                                                                                                                                                                                                                                                                                                                                    ; LCCOMB_X90_Y37_N28  ; 32      ; Clock enable                                        ; no     ; --                   ; --               ; --                        ;
; RESET_DELAY:u2|oREADY                                                                                                                                                                                                                                                                                                                                       ; FF_X90_Y38_N21      ; 9       ; Clock enable                                        ; no     ; --                   ; --               ; --                        ;
; RESET_DELAY:u2|oREADY                                                                                                                                                                                                                                                                                                                                       ; FF_X90_Y38_N21      ; 240     ; Async. clear                                        ; yes    ; Global Clock         ; GCLK8            ; --                        ;
; RESET_DELAY:u2|oRST_0                                                                                                                                                                                                                                                                                                                                       ; FF_X90_Y38_N27      ; 278     ; Async. clear                                        ; yes    ; Global Clock         ; GCLK7            ; --                        ;
; RESET_DELAY:u2|oRST_1                                                                                                                                                                                                                                                                                                                                       ; FF_X90_Y38_N9       ; 275     ; Async. clear                                        ; yes    ; Global Clock         ; GCLK9            ; --                        ;
; RESET_DELAY:u2|oRST_2                                                                                                                                                                                                                                                                                                                                       ; FF_X90_Y38_N7       ; 27      ; Async. clear                                        ; no     ; --                   ; --               ; --                        ;
; Sdram_Control:u7|CMD[0]~0                                                                                                                                                                                                                                                                                                                                   ; LCCOMB_X56_Y36_N18  ; 2       ; Clock enable                                        ; no     ; --                   ; --               ; --                        ;
; Sdram_Control:u7|LessThan1~4                                                                                                                                                                                                                                                                                                                                ; LCCOMB_X58_Y36_N16  ; 15      ; Sync. clear                                         ; no     ; --                   ; --               ; --                        ;
; Sdram_Control:u7|LessThan2~4                                                                                                                                                                                                                                                                                                                                ; LCCOMB_X58_Y36_N14  ; 15      ; Sync. clear                                         ; no     ; --                   ; --               ; --                        ;
; Sdram_Control:u7|Sdram_RD_FIFO:u_read1_fifo|dcfifo:dcfifo_component|dcfifo_jej1:auto_generated|valid_rdreq~4                                                                                                                                                                                                                                                ; LCCOMB_X46_Y49_N20  ; 22      ; Clock enable                                        ; no     ; --                   ; --               ; --                        ;
; Sdram_Control:u7|Sdram_RD_FIFO:u_read1_fifo|dcfifo:dcfifo_component|dcfifo_jej1:auto_generated|valid_wrreq~0                                                                                                                                                                                                                                                ; LCCOMB_X49_Y48_N0   ; 25      ; Clock enable, Write enable                          ; no     ; --                   ; --               ; --                        ;
; Sdram_Control:u7|Sdram_WR_FIFO:u_write1_fifo|dcfifo:dcfifo_component|dcfifo_0ej1:auto_generated|valid_rdreq~0                                                                                                                                                                                                                                               ; LCCOMB_X55_Y17_N6   ; 28      ; Clock enable                                        ; no     ; --                   ; --               ; --                        ;
; Sdram_Control:u7|Sdram_WR_FIFO:u_write1_fifo|dcfifo:dcfifo_component|dcfifo_0ej1:auto_generated|valid_wrreq~0                                                                                                                                                                                                                                               ; LCCOMB_X56_Y14_N6   ; 28      ; Clock enable, Write enable                          ; no     ; --                   ; --               ; --                        ;
; Sdram_Control:u7|always2~0                                                                                                                                                                                                                                                                                                                                  ; LCCOMB_X56_Y36_N16  ; 15      ; Clock enable                                        ; no     ; --                   ; --               ; --                        ;
; Sdram_Control:u7|always2~1                                                                                                                                                                                                                                                                                                                                  ; LCCOMB_X55_Y36_N30  ; 15      ; Clock enable                                        ; no     ; --                   ; --               ; --                        ;
; Sdram_Control:u7|command:u_command|OE                                                                                                                                                                                                                                                                                                                       ; FF_X1_Y30_N17       ; 32      ; Output enable                                       ; no     ; --                   ; --               ; --                        ;
; Sdram_Control:u7|command:u_command|rp_shift[1]~8                                                                                                                                                                                                                                                                                                            ; LCCOMB_X62_Y36_N16  ; 4       ; Clock enable                                        ; no     ; --                   ; --               ; --                        ;
; Sdram_Control:u7|control_interface:u_control_interface|INIT_REQ                                                                                                                                                                                                                                                                                             ; FF_X63_Y36_N1       ; 26      ; Sync. clear                                         ; no     ; --                   ; --               ; --                        ;
; Sdram_Control:u7|control_interface:u_control_interface|LessThan0~3                                                                                                                                                                                                                                                                                          ; LCCOMB_X63_Y36_N20  ; 15      ; Clock enable                                        ; no     ; --                   ; --               ; --                        ;
; Sdram_Control:u7|control_interface:u_control_interface|REF_REQ~1                                                                                                                                                                                                                                                                                            ; LCCOMB_X60_Y34_N26  ; 16      ; Sync. load                                          ; no     ; --                   ; --               ; --                        ;
; Sdram_Control:u7|mLENGTH[8]~2                                                                                                                                                                                                                                                                                                                               ; LCCOMB_X56_Y36_N2   ; 15      ; Clock enable                                        ; no     ; --                   ; --               ; --                        ;
; VGA_Controller:u1|Equal0~4                                                                                                                                                                                                                                                                                                                                  ; LCCOMB_X39_Y72_N16  ; 13      ; Clock enable                                        ; no     ; --                   ; --               ; --                        ;
; VGA_Controller:u1|LessThan0~3                                                                                                                                                                                                                                                                                                                               ; LCCOMB_X39_Y72_N6   ; 13      ; Sync. clear                                         ; no     ; --                   ; --               ; --                        ;
; VGA_Controller:u1|LessThan1~0                                                                                                                                                                                                                                                                                                                               ; LCCOMB_X41_Y66_N26  ; 13      ; Sync. clear                                         ; no     ; --                   ; --               ; --                        ;
; VIDEO_PLL:pll_ref1|altpll:altpll_component|VIDEO_PLL_altpll:auto_generated|wire_pll1_clk[0]                                                                                                                                                                                                                                                                 ; PLL_4               ; 177     ; Clock                                               ; yes    ; Global Clock         ; GCLK18           ; --                        ;
; altera_internal_jtag~TCKUTAP                                                                                                                                                                                                                                                                                                                                ; JTAG_X1_Y37_N0      ; 839     ; Clock                                               ; yes    ; Global Clock         ; GCLK0            ; --                        ;
; altera_internal_jtag~TMSUTAP                                                                                                                                                                                                                                                                                                                                ; JTAG_X1_Y37_N0      ; 23      ; Sync. clear                                         ; no     ; --                   ; --               ; --                        ;
; camera_interface:camera_inst|Equal4~1                                                                                                                                                                                                                                                                                                                       ; LCCOMB_X98_Y21_N24  ; 12      ; Clock enable                                        ; no     ; --                   ; --               ; --                        ;
; camera_interface:camera_inst|Selector33~2                                                                                                                                                                                                                                                                                                                   ; LCCOMB_X100_Y22_N18 ; 2       ; Clock enable                                        ; no     ; --                   ; --               ; --                        ;
; camera_interface:camera_inst|Selector9~1                                                                                                                                                                                                                                                                                                                    ; LCCOMB_X91_Y16_N16  ; 9       ; Clock enable                                        ; no     ; --                   ; --               ; --                        ;
; camera_interface:camera_inst|Selector9~2                                                                                                                                                                                                                                                                                                                    ; LCCOMB_X97_Y22_N2   ; 11      ; Clock enable                                        ; no     ; --                   ; --               ; --                        ;
; camera_interface:camera_inst|addr_q[1]~4                                                                                                                                                                                                                                                                                                                    ; LCCOMB_X98_Y22_N10  ; 11      ; Clock enable                                        ; no     ; --                   ; --               ; --                        ;
; camera_interface:camera_inst|asyn_fifo:m2|dual_port_sync:m0|ram~16387                                                                                                                                                                                                                                                                                       ; LCCOMB_X91_Y16_N14  ; 16      ; Clock enable                                        ; no     ; --                   ; --               ; --                        ;
; camera_interface:camera_inst|asyn_fifo:m2|we                                                                                                                                                                                                                                                                                                                ; LCCOMB_X91_Y16_N24  ; 13      ; Clock enable                                        ; no     ; --                   ; --               ; --                        ;
; camera_interface:camera_inst|brightness_q[2]~0                                                                                                                                                                                                                                                                                                              ; LCCOMB_X98_Y22_N6   ; 8       ; Clock enable                                        ; no     ; --                   ; --               ; --                        ;
; camera_interface:camera_inst|contrast_q[6]~3                                                                                                                                                                                                                                                                                                                ; LCCOMB_X97_Y22_N18  ; 8       ; Clock enable                                        ; no     ; --                   ; --               ; --                        ;
; camera_interface:camera_inst|debounce_explicit:m3|Selector0~0                                                                                                                                                                                                                                                                                               ; LCCOMB_X109_Y32_N10 ; 22      ; Sync. clear                                         ; no     ; --                   ; --               ; --                        ;
; camera_interface:camera_inst|debounce_explicit:m3|timer_reg[13]~23                                                                                                                                                                                                                                                                                          ; LCCOMB_X109_Y32_N4  ; 21      ; Clock enable                                        ; no     ; --                   ; --               ; --                        ;
; camera_interface:camera_inst|debounce_explicit:m4|Selector0~0                                                                                                                                                                                                                                                                                               ; LCCOMB_X114_Y32_N22 ; 22      ; Sync. clear                                         ; no     ; --                   ; --               ; --                        ;
; camera_interface:camera_inst|debounce_explicit:m4|timer_reg[13]~23                                                                                                                                                                                                                                                                                          ; LCCOMB_X114_Y32_N12 ; 21      ; Clock enable                                        ; no     ; --                   ; --               ; --                        ;
; camera_interface:camera_inst|debounce_explicit:m5|Selector0~0                                                                                                                                                                                                                                                                                               ; LCCOMB_X113_Y32_N22 ; 22      ; Sync. clear                                         ; no     ; --                   ; --               ; --                        ;
; camera_interface:camera_inst|debounce_explicit:m5|timer_reg[8]~23                                                                                                                                                                                                                                                                                           ; LCCOMB_X113_Y32_N0  ; 21      ; Clock enable                                        ; no     ; --                   ; --               ; --                        ;
; camera_interface:camera_inst|debounce_explicit:m6|Selector0~0                                                                                                                                                                                                                                                                                               ; LCCOMB_X111_Y33_N14 ; 22      ; Sync. clear                                         ; no     ; --                   ; --               ; --                        ;
; camera_interface:camera_inst|debounce_explicit:m6|timer_reg[19]~23                                                                                                                                                                                                                                                                                          ; LCCOMB_X111_Y33_N0  ; 21      ; Clock enable                                        ; no     ; --                   ; --               ; --                        ;
; camera_interface:camera_inst|delay_finish~0                                                                                                                                                                                                                                                                                                                 ; LCCOMB_X96_Y21_N28  ; 34      ; Sync. clear                                         ; no     ; --                   ; --               ; --                        ;
; camera_interface:camera_inst|i2c_top:m0|idx_q[1]~8                                                                                                                                                                                                                                                                                                          ; LCCOMB_X97_Y19_N30  ; 4       ; Clock enable                                        ; no     ; --                   ; --               ; --                        ;
; camera_interface:camera_inst|i2c_top:m0|sda~1                                                                                                                                                                                                                                                                                                               ; LCCOMB_X94_Y19_N14  ; 1       ; Output enable                                       ; no     ; --                   ; --               ; --                        ;
; camera_interface:camera_inst|i2c_top:m0|wr_data_d~0                                                                                                                                                                                                                                                                                                         ; LCCOMB_X96_Y19_N8   ; 2       ; Clock enable                                        ; no     ; --                   ; --               ; --                        ;
; camera_interface:camera_inst|i2c_top:m0|wr_data_q[5]~6                                                                                                                                                                                                                                                                                                      ; LCCOMB_X97_Y22_N22  ; 7       ; Clock enable                                        ; no     ; --                   ; --               ; --                        ;
; camera_interface:camera_inst|pixel_q[8]~0                                                                                                                                                                                                                                                                                                                   ; LCCOMB_X96_Y15_N16  ; 8       ; Clock enable                                        ; no     ; --                   ; --               ; --                        ;
; camera_interface:camera_inst|sccb_state_q.sccb_idle                                                                                                                                                                                                                                                                                                         ; FF_X97_Y22_N31      ; 38      ; Sync. clear, Sync. load                             ; no     ; --                   ; --               ; --                        ;
; cmos_pclk                                                                                                                                                                                                                                                                                                                                                   ; PIN_AD15            ; 165     ; Clock                                               ; no     ; --                   ; --               ; --                        ;
; pll_test:pll_ref|altpll:altpll_component|pll_test_altpll:auto_generated|wire_pll1_clk[0]                                                                                                                                                                                                                                                                    ; PLL_3               ; 34      ; Clock                                               ; yes    ; Global Clock         ; GCLK13           ; --                        ;
; sdram_pll:u6|altpll:altpll_component|sdram_pll_altpll:auto_generated|wire_pll1_clk[0]                                                                                                                                                                                                                                                                       ; PLL_1               ; 774     ; Clock                                               ; yes    ; Global Clock         ; GCLK4            ; --                        ;
; sld_hub:auto_hub|alt_sld_fab_with_jtag_input:\instrumentation_fabric_with_node_gen:fabric_gen_new_way:with_jtag_input_gen:instrumentation_fabric|alt_sld_fab:instrumentation_fabric|alt_sld_fab_alt_sld_fab:alt_sld_fab|alt_sld_fab_alt_sld_fab_sldfabric:sldfabric|sld_jtag_hub:\jtag_hub_gen:real_sld_jtag_hub|clr_reg                                    ; FF_X40_Y41_N9       ; 27      ; Async. clear                                        ; no     ; --                   ; --               ; --                        ;
; sld_hub:auto_hub|alt_sld_fab_with_jtag_input:\instrumentation_fabric_with_node_gen:fabric_gen_new_way:with_jtag_input_gen:instrumentation_fabric|alt_sld_fab:instrumentation_fabric|alt_sld_fab_alt_sld_fab:alt_sld_fab|alt_sld_fab_alt_sld_fab_sldfabric:sldfabric|sld_jtag_hub:\jtag_hub_gen:real_sld_jtag_hub|design_hash_proc~0                         ; LCCOMB_X34_Y41_N10  ; 4       ; Sync. load                                          ; no     ; --                   ; --               ; --                        ;
; sld_hub:auto_hub|alt_sld_fab_with_jtag_input:\instrumentation_fabric_with_node_gen:fabric_gen_new_way:with_jtag_input_gen:instrumentation_fabric|alt_sld_fab:instrumentation_fabric|alt_sld_fab_alt_sld_fab:alt_sld_fab|alt_sld_fab_alt_sld_fab_sldfabric:sldfabric|sld_jtag_hub:\jtag_hub_gen:real_sld_jtag_hub|hub_info_reg_ena                           ; LCCOMB_X34_Y41_N4   ; 4       ; Clock enable                                        ; no     ; --                   ; --               ; --                        ;
; sld_hub:auto_hub|alt_sld_fab_with_jtag_input:\instrumentation_fabric_with_node_gen:fabric_gen_new_way:with_jtag_input_gen:instrumentation_fabric|alt_sld_fab:instrumentation_fabric|alt_sld_fab_alt_sld_fab:alt_sld_fab|alt_sld_fab_alt_sld_fab_sldfabric:sldfabric|sld_jtag_hub:\jtag_hub_gen:real_sld_jtag_hub|hub_info_reg_ena~0                         ; LCCOMB_X39_Y41_N18  ; 5       ; Clock enable                                        ; no     ; --                   ; --               ; --                        ;
; sld_hub:auto_hub|alt_sld_fab_with_jtag_input:\instrumentation_fabric_with_node_gen:fabric_gen_new_way:with_jtag_input_gen:instrumentation_fabric|alt_sld_fab:instrumentation_fabric|alt_sld_fab_alt_sld_fab:alt_sld_fab|alt_sld_fab_alt_sld_fab_sldfabric:sldfabric|sld_jtag_hub:\jtag_hub_gen:real_sld_jtag_hub|identity_contrib_shift_reg[0]~1            ; LCCOMB_X36_Y41_N8   ; 4       ; Clock enable                                        ; no     ; --                   ; --               ; --                        ;
; sld_hub:auto_hub|alt_sld_fab_with_jtag_input:\instrumentation_fabric_with_node_gen:fabric_gen_new_way:with_jtag_input_gen:instrumentation_fabric|alt_sld_fab:instrumentation_fabric|alt_sld_fab_alt_sld_fab:alt_sld_fab|alt_sld_fab_alt_sld_fab_sldfabric:sldfabric|sld_jtag_hub:\jtag_hub_gen:real_sld_jtag_hub|irf_reg[1][0]~0                            ; LCCOMB_X39_Y41_N6   ; 10      ; Clock enable                                        ; no     ; --                   ; --               ; --                        ;
; sld_hub:auto_hub|alt_sld_fab_with_jtag_input:\instrumentation_fabric_with_node_gen:fabric_gen_new_way:with_jtag_input_gen:instrumentation_fabric|alt_sld_fab:instrumentation_fabric|alt_sld_fab_alt_sld_fab:alt_sld_fab|alt_sld_fab_alt_sld_fab_sldfabric:sldfabric|sld_jtag_hub:\jtag_hub_gen:real_sld_jtag_hub|irf_reg[1][4]                              ; FF_X40_Y41_N23      ; 111     ; Clock enable                                        ; no     ; --                   ; --               ; --                        ;
; sld_hub:auto_hub|alt_sld_fab_with_jtag_input:\instrumentation_fabric_with_node_gen:fabric_gen_new_way:with_jtag_input_gen:instrumentation_fabric|alt_sld_fab:instrumentation_fabric|alt_sld_fab_alt_sld_fab:alt_sld_fab|alt_sld_fab_alt_sld_fab_sldfabric:sldfabric|sld_jtag_hub:\jtag_hub_gen:real_sld_jtag_hub|irf_reg[1][7]                              ; FF_X40_Y41_N13      ; 33      ; Clock enable                                        ; no     ; --                   ; --               ; --                        ;
; sld_hub:auto_hub|alt_sld_fab_with_jtag_input:\instrumentation_fabric_with_node_gen:fabric_gen_new_way:with_jtag_input_gen:instrumentation_fabric|alt_sld_fab:instrumentation_fabric|alt_sld_fab_alt_sld_fab:alt_sld_fab|alt_sld_fab_alt_sld_fab_sldfabric:sldfabric|sld_jtag_hub:\jtag_hub_gen:real_sld_jtag_hub|irsr_reg[2]~2                              ; LCCOMB_X41_Y41_N8   ; 9       ; Clock enable                                        ; no     ; --                   ; --               ; --                        ;
; sld_hub:auto_hub|alt_sld_fab_with_jtag_input:\instrumentation_fabric_with_node_gen:fabric_gen_new_way:with_jtag_input_gen:instrumentation_fabric|alt_sld_fab:instrumentation_fabric|alt_sld_fab_alt_sld_fab:alt_sld_fab|alt_sld_fab_alt_sld_fab_sldfabric:sldfabric|sld_jtag_hub:\jtag_hub_gen:real_sld_jtag_hub|mixer_addr_reg_internal[4]~12              ; LCCOMB_X35_Y41_N26  ; 5       ; Clock enable                                        ; no     ; --                   ; --               ; --                        ;
; sld_hub:auto_hub|alt_sld_fab_with_jtag_input:\instrumentation_fabric_with_node_gen:fabric_gen_new_way:with_jtag_input_gen:instrumentation_fabric|alt_sld_fab:instrumentation_fabric|alt_sld_fab_alt_sld_fab:alt_sld_fab|alt_sld_fab_alt_sld_fab_sldfabric:sldfabric|sld_jtag_hub:\jtag_hub_gen:real_sld_jtag_hub|mixer_addr_reg_internal[4]~19              ; LCCOMB_X35_Y41_N14  ; 5       ; Sync. load                                          ; no     ; --                   ; --               ; --                        ;
; sld_hub:auto_hub|alt_sld_fab_with_jtag_input:\instrumentation_fabric_with_node_gen:fabric_gen_new_way:with_jtag_input_gen:instrumentation_fabric|alt_sld_fab:instrumentation_fabric|alt_sld_fab_alt_sld_fab:alt_sld_fab|alt_sld_fab_alt_sld_fab_sldfabric:sldfabric|sld_jtag_hub:\jtag_hub_gen:real_sld_jtag_hub|reset_ena_reg_proc~0                       ; LCCOMB_X39_Y41_N30  ; 3       ; Clock enable                                        ; no     ; --                   ; --               ; --                        ;
; sld_hub:auto_hub|alt_sld_fab_with_jtag_input:\instrumentation_fabric_with_node_gen:fabric_gen_new_way:with_jtag_input_gen:instrumentation_fabric|alt_sld_fab:instrumentation_fabric|alt_sld_fab_alt_sld_fab:alt_sld_fab|alt_sld_fab_alt_sld_fab_sldfabric:sldfabric|sld_jtag_hub:\jtag_hub_gen:real_sld_jtag_hub|sld_rom_sr:hub_info_reg|WORD_SR[1]~17      ; LCCOMB_X34_Y41_N22  ; 4       ; Clock enable                                        ; no     ; --                   ; --               ; --                        ;
; sld_hub:auto_hub|alt_sld_fab_with_jtag_input:\instrumentation_fabric_with_node_gen:fabric_gen_new_way:with_jtag_input_gen:instrumentation_fabric|alt_sld_fab:instrumentation_fabric|alt_sld_fab_alt_sld_fab:alt_sld_fab|alt_sld_fab_alt_sld_fab_sldfabric:sldfabric|sld_jtag_hub:\jtag_hub_gen:real_sld_jtag_hub|sld_rom_sr:hub_info_reg|word_counter[0]~13 ; LCCOMB_X33_Y41_N4   ; 5       ; Sync. clear                                         ; no     ; --                   ; --               ; --                        ;
; sld_hub:auto_hub|alt_sld_fab_with_jtag_input:\instrumentation_fabric_with_node_gen:fabric_gen_new_way:with_jtag_input_gen:instrumentation_fabric|alt_sld_fab:instrumentation_fabric|alt_sld_fab_alt_sld_fab:alt_sld_fab|alt_sld_fab_alt_sld_fab_sldfabric:sldfabric|sld_jtag_hub:\jtag_hub_gen:real_sld_jtag_hub|sld_rom_sr:hub_info_reg|word_counter[0]~20 ; LCCOMB_X34_Y41_N28  ; 5       ; Clock enable                                        ; no     ; --                   ; --               ; --                        ;
; sld_hub:auto_hub|alt_sld_fab_with_jtag_input:\instrumentation_fabric_with_node_gen:fabric_gen_new_way:with_jtag_input_gen:instrumentation_fabric|alt_sld_fab:instrumentation_fabric|alt_sld_fab_alt_sld_fab:alt_sld_fab|alt_sld_fab_alt_sld_fab_sldfabric:sldfabric|sld_jtag_hub:\jtag_hub_gen:real_sld_jtag_hub|sld_shadow_jsm:shadow_jsm|state[0]         ; FF_X38_Y42_N17      ; 15      ; Async. clear                                        ; no     ; --                   ; --               ; --                        ;
; sld_hub:auto_hub|alt_sld_fab_with_jtag_input:\instrumentation_fabric_with_node_gen:fabric_gen_new_way:with_jtag_input_gen:instrumentation_fabric|alt_sld_fab:instrumentation_fabric|alt_sld_fab_alt_sld_fab:alt_sld_fab|alt_sld_fab_alt_sld_fab_sldfabric:sldfabric|sld_jtag_hub:\jtag_hub_gen:real_sld_jtag_hub|sld_shadow_jsm:shadow_jsm|state[11]        ; FF_X38_Y42_N19      ; 12      ; Clock enable                                        ; no     ; --                   ; --               ; --                        ;
; sld_hub:auto_hub|alt_sld_fab_with_jtag_input:\instrumentation_fabric_with_node_gen:fabric_gen_new_way:with_jtag_input_gen:instrumentation_fabric|alt_sld_fab:instrumentation_fabric|alt_sld_fab_alt_sld_fab:alt_sld_fab|alt_sld_fab_alt_sld_fab_sldfabric:sldfabric|sld_jtag_hub:\jtag_hub_gen:real_sld_jtag_hub|sld_shadow_jsm:shadow_jsm|state[3]         ; FF_X38_Y42_N1       ; 36      ; Sync. load                                          ; no     ; --                   ; --               ; --                        ;
; sld_hub:auto_hub|alt_sld_fab_with_jtag_input:\instrumentation_fabric_with_node_gen:fabric_gen_new_way:with_jtag_input_gen:instrumentation_fabric|alt_sld_fab:instrumentation_fabric|alt_sld_fab_alt_sld_fab:alt_sld_fab|alt_sld_fab_alt_sld_fab_sldfabric:sldfabric|sld_jtag_hub:\jtag_hub_gen:real_sld_jtag_hub|sld_shadow_jsm:shadow_jsm|state[4]         ; FF_X39_Y41_N1       ; 32      ; Sync. load                                          ; no     ; --                   ; --               ; --                        ;
; sld_hub:auto_hub|alt_sld_fab_with_jtag_input:\instrumentation_fabric_with_node_gen:fabric_gen_new_way:with_jtag_input_gen:instrumentation_fabric|alt_sld_fab:instrumentation_fabric|alt_sld_fab_alt_sld_fab:alt_sld_fab|alt_sld_fab_alt_sld_fab_sldfabric:sldfabric|sld_jtag_hub:\jtag_hub_gen:real_sld_jtag_hub|virtual_ir_dr_scan_proc~0                  ; LCCOMB_X38_Y42_N6   ; 3       ; Clock enable                                        ; no     ; --                   ; --               ; --                        ;
; sld_hub:auto_hub|alt_sld_fab_with_jtag_input:\instrumentation_fabric_with_node_gen:fabric_gen_new_way:with_jtag_input_gen:instrumentation_fabric|alt_sld_fab:instrumentation_fabric|alt_sld_fab_alt_sld_fab:alt_sld_fab|alt_sld_fab_alt_sld_fab_sldfabric:sldfabric|sld_jtag_hub:\jtag_hub_gen:real_sld_jtag_hub|virtual_ir_scan_reg                        ; FF_X35_Y42_N9       ; 35      ; Async. clear, Clock enable                          ; no     ; --                   ; --               ; --                        ;
; sld_hub:auto_hub|alt_sld_fab_with_jtag_input:\instrumentation_fabric_with_node_gen:fabric_gen_new_way:with_jtag_input_gen:instrumentation_fabric|alt_sld_fab:instrumentation_fabric|alt_sld_fab_alt_sld_fab:alt_sld_fab|sldfabric_ident_writedata[0]~0                                                                                                      ; LCCOMB_X36_Y41_N10  ; 4       ; Clock enable                                        ; no     ; --                   ; --               ; --                        ;
; sld_signaltap:auto_signaltap_0|sld_signaltap_impl:sld_signaltap_body|sld_signaltap_implb:sld_signaltap_body|altdpram:\stp_non_zero_ram_gen:attribute_mem_gen:attribute_mem|lpm_decode:wdecoder|decode_dvf:auto_generated|eq_node[0]~1                                                                                                                       ; LCCOMB_X46_Y43_N20  ; 27      ; Clock enable                                        ; no     ; --                   ; --               ; --                        ;
; sld_signaltap:auto_signaltap_0|sld_signaltap_impl:sld_signaltap_body|sld_signaltap_implb:sld_signaltap_body|altdpram:\stp_non_zero_ram_gen:attribute_mem_gen:attribute_mem|lpm_decode:wdecoder|decode_dvf:auto_generated|eq_node[1]~0                                                                                                                       ; LCCOMB_X46_Y43_N16  ; 27      ; Clock enable                                        ; no     ; --                   ; --               ; --                        ;
; sld_signaltap:auto_signaltap_0|sld_signaltap_impl:sld_signaltap_body|sld_signaltap_implb:sld_signaltap_body|buffer_write_enable_delayed                                                                                                                                                                                                                     ; FF_X46_Y43_N29      ; 108     ; Clock enable, Write enable                          ; no     ; --                   ; --               ; --                        ;
; sld_signaltap:auto_signaltap_0|sld_signaltap_impl:sld_signaltap_body|sld_signaltap_implb:sld_signaltap_body|collect_data                                                                                                                                                                                                                                    ; LCCOMB_X45_Y44_N16  ; 33      ; Clock enable                                        ; no     ; --                   ; --               ; --                        ;
; sld_signaltap:auto_signaltap_0|sld_signaltap_impl:sld_signaltap_body|sld_signaltap_implb:sld_signaltap_body|process_0~0                                                                                                                                                                                                                                     ; LCCOMB_X41_Y44_N30  ; 32      ; Sync. clear                                         ; no     ; --                   ; --               ; --                        ;
; sld_signaltap:auto_signaltap_0|sld_signaltap_impl:sld_signaltap_body|sld_signaltap_implb:sld_signaltap_body|process_0~1                                                                                                                                                                                                                                     ; LCCOMB_X41_Y44_N4   ; 32      ; Sync. load                                          ; no     ; --                   ; --               ; --                        ;
; sld_signaltap:auto_signaltap_0|sld_signaltap_impl:sld_signaltap_body|sld_signaltap_implb:sld_signaltap_body|reset_all                                                                                                                                                                                                                                       ; FF_X42_Y44_N29      ; 566     ; Async. clear                                        ; yes    ; Global Clock         ; GCLK14           ; --                        ;
; sld_signaltap:auto_signaltap_0|sld_signaltap_impl:sld_signaltap_body|sld_signaltap_implb:sld_signaltap_body|serial_crc_16:\tdo_crc_gen:tdo_crc_calc|lfsr[8]~1                                                                                                                                                                                               ; LCCOMB_X41_Y42_N10  ; 13      ; Clock enable                                        ; no     ; --                   ; --               ; --                        ;
; sld_signaltap:auto_signaltap_0|sld_signaltap_impl:sld_signaltap_body|sld_signaltap_implb:sld_signaltap_body|sld_buffer_manager:sld_buffer_manager_inst|final_trigger_set~4                                                                                                                                                                                  ; LCCOMB_X45_Y44_N6   ; 28      ; Clock enable                                        ; no     ; --                   ; --               ; --                        ;
; sld_signaltap:auto_signaltap_0|sld_signaltap_impl:sld_signaltap_body|sld_signaltap_implb:sld_signaltap_body|sld_buffer_manager:sld_buffer_manager_inst|last_buffer_write_address_sig[0]~0                                                                                                                                                                   ; LCCOMB_X42_Y44_N2   ; 13      ; Clock enable                                        ; no     ; --                   ; --               ; --                        ;
; sld_signaltap:auto_signaltap_0|sld_signaltap_impl:sld_signaltap_body|sld_signaltap_implb:sld_signaltap_body|sld_offload_buffer_mgr:\stp_non_zero_depth_offload_gen:stp_offload_buff_mgr_inst|Equal2~1                                                                                                                                                       ; LCCOMB_X46_Y45_N24  ; 1       ; Clock enable                                        ; no     ; --                   ; --               ; --                        ;
; sld_signaltap:auto_signaltap_0|sld_signaltap_impl:sld_signaltap_body|sld_signaltap_implb:sld_signaltap_body|sld_offload_buffer_mgr:\stp_non_zero_depth_offload_gen:stp_offload_buff_mgr_inst|acq_buf_read_reset                                                                                                                                             ; LCCOMB_X45_Y45_N2   ; 13      ; Sync. load                                          ; no     ; --                   ; --               ; --                        ;
; sld_signaltap:auto_signaltap_0|sld_signaltap_impl:sld_signaltap_body|sld_signaltap_implb:sld_signaltap_body|sld_offload_buffer_mgr:\stp_non_zero_depth_offload_gen:stp_offload_buff_mgr_inst|lpm_counter:\adv_point_3_and_more:advance_pointer_counter|cntr_1ii:auto_generated|counter_reg_bit[6]~0                                                         ; LCCOMB_X42_Y45_N2   ; 7       ; Sync. load                                          ; no     ; --                   ; --               ; --                        ;
; sld_signaltap:auto_signaltap_0|sld_signaltap_impl:sld_signaltap_body|sld_signaltap_implb:sld_signaltap_body|sld_offload_buffer_mgr:\stp_non_zero_depth_offload_gen:stp_offload_buff_mgr_inst|lpm_counter:status_advance_pointer_counter|cntr_igi:auto_generated|counter_reg_bit[4]~0                                                                        ; LCCOMB_X46_Y45_N8   ; 5       ; Sync. load                                          ; no     ; --                   ; --               ; --                        ;
; sld_signaltap:auto_signaltap_0|sld_signaltap_impl:sld_signaltap_body|sld_signaltap_implb:sld_signaltap_body|sld_offload_buffer_mgr:\stp_non_zero_depth_offload_gen:stp_offload_buff_mgr_inst|lpm_counter:status_read_pointer_counter|cntr_23j:auto_generated|counter_reg_bit[0]~0                                                                           ; LCCOMB_X45_Y45_N16  ; 1       ; Sync. load                                          ; no     ; --                   ; --               ; --                        ;
; sld_signaltap:auto_signaltap_0|sld_signaltap_impl:sld_signaltap_body|sld_signaltap_implb:sld_signaltap_body|sld_offload_buffer_mgr:\stp_non_zero_depth_offload_gen:stp_offload_buff_mgr_inst|read_pointer_counter_clk_ena                                                                                                                                   ; LCCOMB_X42_Y45_N4   ; 13      ; Clock enable                                        ; no     ; --                   ; --               ; --                        ;
; sld_signaltap:auto_signaltap_0|sld_signaltap_impl:sld_signaltap_body|sld_signaltap_implb:sld_signaltap_body|sld_rom_sr:crc_rom_sr|WORD_SR[3]~8                                                                                                                                                                                                              ; LCCOMB_X41_Y43_N4   ; 4       ; Sync. clear                                         ; no     ; --                   ; --               ; --                        ;
; sld_signaltap:auto_signaltap_0|sld_signaltap_impl:sld_signaltap_body|sld_signaltap_implb:sld_signaltap_body|sld_rom_sr:crc_rom_sr|WORD_SR[3]~9                                                                                                                                                                                                              ; LCCOMB_X41_Y43_N18  ; 4       ; Clock enable                                        ; no     ; --                   ; --               ; --                        ;
; sld_signaltap:auto_signaltap_0|sld_signaltap_impl:sld_signaltap_body|sld_signaltap_implb:sld_signaltap_body|sld_rom_sr:crc_rom_sr|word_counter[0]~5                                                                                                                                                                                                         ; LCCOMB_X41_Y43_N10  ; 4       ; Clock enable                                        ; no     ; --                   ; --               ; --                        ;
; sld_signaltap:auto_signaltap_0|sld_signaltap_impl:sld_signaltap_body|sld_signaltap_implb:sld_signaltap_body|status_shift_enable~1                                                                                                                                                                                                                           ; LCCOMB_X40_Y43_N18  ; 17      ; Clock enable                                        ; no     ; --                   ; --               ; --                        ;
; sld_signaltap:auto_signaltap_0|sld_signaltap_impl:sld_signaltap_body|sld_signaltap_implb:sld_signaltap_body|tdo_crc_len_reg[3]~34                                                                                                                                                                                                                           ; LCCOMB_X40_Y42_N2   ; 32      ; Clock enable                                        ; no     ; --                   ; --               ; --                        ;
; sld_signaltap:auto_signaltap_0|sld_signaltap_impl:sld_signaltap_body|sld_signaltap_implb:sld_signaltap_body|tdo_crc_val_shift_reg[0]~1                                                                                                                                                                                                                      ; LCCOMB_X41_Y44_N8   ; 16      ; Clock enable                                        ; no     ; --                   ; --               ; --                        ;
; sld_signaltap:auto_signaltap_0|sld_signaltap_impl:sld_signaltap_body|sld_signaltap_implb:sld_signaltap_body|trigger_setup_ena                                                                                                                                                                                                                               ; LCCOMB_X41_Y44_N16  ; 342     ; Clock enable                                        ; no     ; --                   ; --               ; --                        ;
+-------------------------------------------------------------------------------------------------------------------------------------------------------------------------------------------------------------------------------------------------------------------------------------------------------------------------------------------------------------+---------------------+---------+-----------------------------------------------------+--------+----------------------+------------------+---------------------------+


+---------------------------------------------------------------------------------------------------------------------------------------------------------------------------------------------------------------------------------------------------------------+
; Global & Other Fast Signals                                                                                                                                                                                                                                   ;
+-----------------------------------------------------------------------------------------------------------------------+----------------+---------+--------------------------------------+----------------------+------------------+---------------------------+
; Name                                                                                                                  ; Location       ; Fan-Out ; Fan-Out Using Intentional Clock Skew ; Global Resource Used ; Global Line Name ; Enable Signal Source Name ;
+-----------------------------------------------------------------------------------------------------------------------+----------------+---------+--------------------------------------+----------------------+------------------+---------------------------+
; CLOCK2_50                                                                                                             ; PIN_AG14       ; 80      ; 0                                    ; Global Clock         ; GCLK15           ; --                        ;
; CLOCK3_50                                                                                                             ; PIN_AG15       ; 1       ; 0                                    ; Global Clock         ; GCLK17           ; --                        ;
; RESET_DELAY:u2|oREADY                                                                                                 ; FF_X90_Y38_N21 ; 240     ; 0                                    ; Global Clock         ; GCLK8            ; --                        ;
; RESET_DELAY:u2|oRST_0                                                                                                 ; FF_X90_Y38_N27 ; 278     ; 0                                    ; Global Clock         ; GCLK7            ; --                        ;
; RESET_DELAY:u2|oRST_1                                                                                                 ; FF_X90_Y38_N9  ; 275     ; 0                                    ; Global Clock         ; GCLK9            ; --                        ;
; VIDEO_PLL:pll_ref1|altpll:altpll_component|VIDEO_PLL_altpll:auto_generated|wire_pll1_clk[0]                           ; PLL_4          ; 177     ; 43                                   ; Global Clock         ; GCLK18           ; --                        ;
; altera_internal_jtag~TCKUTAP                                                                                          ; JTAG_X1_Y37_N0 ; 839     ; 0                                    ; Global Clock         ; GCLK0            ; --                        ;
; pll_test:pll_ref|altpll:altpll_component|pll_test_altpll:auto_generated|wire_pll1_clk[0]                              ; PLL_3          ; 34      ; 0                                    ; Global Clock         ; GCLK13           ; --                        ;
; sdram_pll:u6|altpll:altpll_component|sdram_pll_altpll:auto_generated|wire_pll1_clk[0]                                 ; PLL_1          ; 774     ; 104                                  ; Global Clock         ; GCLK4            ; --                        ;
; sld_signaltap:auto_signaltap_0|sld_signaltap_impl:sld_signaltap_body|sld_signaltap_implb:sld_signaltap_body|reset_all ; FF_X42_Y44_N29 ; 566     ; 0                                    ; Global Clock         ; GCLK14           ; --                        ;
+-----------------------------------------------------------------------------------------------------------------------+----------------+---------+--------------------------------------+----------------------+------------------+---------------------------+


+---------------------------------+
; Non-Global High Fan-Out Signals ;
+-------------------+-------------+
; Name              ; Fan-Out     ;
+-------------------+-------------+
; QIC_SIGNALTAP_GND ; 1326        ;
+-------------------+-------------+


+-------------------------------------------------------------------------------------------------------------------------------------------------------------------------------------------------------------------------------------------------------------------------------------------------------------------------------------------------------------------------------------------------------------------------------------------------------------------------------------------------------------------------------------------------------------------------------------------------------------------------------------------------------------------------------------------------------------------------------------------------------------------------------------------------------------------------------------------------------------------------------------------------------------------------------------------------------------------------------------------------------------------------------------------------------------------------------------------------------------------------------------------------------------------------------------------------------------------------------------------------------------------------------------------------------------------------------------------------------------------------------------------------------------------------------------------------------------------------------------------------------------------------------------------------------------------------------------------------------------------------------------------------------------------------------------------------------------------------------------------------------------------------------------------------------------------------------------------------------------------------------------------------------------------------------------------------------------------------------------------------------------------------------------------------------------------------------------------------------------------------------------------------------------------------------------------------------------------------------------------------------------------------------------------------------------------------------------------------------------------------------------------------------------------------------------------------------------------------+
; Fitter RAM Summary                                                                                                                                                                                                                                                                                                                                                                                                                                                                                                                                                                                                                                                                                                                                                                                                                                                                                                                                                                                                                                                                                                                                                                                                                                                                                                                                                                                                                                                                                                                                                                                                                                                                                                                                                                                                                                                                                                                                                                                                                                                                                                                                                                                                                                                                                                                                                                                                                                                      ;
+-------------------------------------------------------------------------------------------------------------------------------------------------------------------------------------------------------+------+------------------+-------------+--------------+--------------+--------------+--------------+------------------------+-------------------------+------------------------+-------------------------+--------+-----------------------------+-----------------------------+-----------------------------+-----------------------------+---------------------+------+------+-----------------------------------------------------------------------------------------------------------------------------------------------------------------------------------------------------------------------------------------------------------------------------------------------------------------------------------------------------------------------------------------------------------------------------------------------------------------------------------------------------------------------------------------------------------------------------------------------------------------------------------------------------------------------------------------------------------------------------------------------------------------------------------------------------------------------------------------------------------------------------------------------------------------------------------------------------------------------------------------------------------------------------------------------------------------------------------------------------------------------------------------------------------------------------------------------------------------------------------------------------------------------------------------------------------------------------------------------------------------------------------------------------------------------------------------------------------------------------------------------------------------------------------------------------------------------------------------------------------------------------------------------------------------------------------------------------------------------------------------------------+----------------------+------------------------+------------------------+----------+------------------------+---------------+
; Name                                                                                                                                                                                                  ; Type ; Mode             ; Clock Mode  ; Port A Depth ; Port A Width ; Port B Depth ; Port B Width ; Port A Input Registers ; Port A Output Registers ; Port B Input Registers ; Port B Output Registers ; Size   ; Implementation Port A Depth ; Implementation Port A Width ; Implementation Port B Depth ; Implementation Port B Width ; Implementation Bits ; M9Ks ; MIF  ; Location                                                                                                                                                                                                                                                                                                                                                                                                                                                                                                                                                                                                                                                                                                                                                                                                                                                                                                                                                                                                                                                                                                                                                                                                                                                                                                                                                                                                                                                                                                                                                                                                                                                                                                                                            ; Mixed Width RDW Mode ; Port A RDW Mode        ; Port B RDW Mode        ; ECC Mode ; ECC Pipeline Registers ; Fits in MLABs ;
+-------------------------------------------------------------------------------------------------------------------------------------------------------------------------------------------------------+------+------------------+-------------+--------------+--------------+--------------+--------------+------------------------+-------------------------+------------------------+-------------------------+--------+-----------------------------+-----------------------------+-----------------------------+-----------------------------+---------------------+------+------+-----------------------------------------------------------------------------------------------------------------------------------------------------------------------------------------------------------------------------------------------------------------------------------------------------------------------------------------------------------------------------------------------------------------------------------------------------------------------------------------------------------------------------------------------------------------------------------------------------------------------------------------------------------------------------------------------------------------------------------------------------------------------------------------------------------------------------------------------------------------------------------------------------------------------------------------------------------------------------------------------------------------------------------------------------------------------------------------------------------------------------------------------------------------------------------------------------------------------------------------------------------------------------------------------------------------------------------------------------------------------------------------------------------------------------------------------------------------------------------------------------------------------------------------------------------------------------------------------------------------------------------------------------------------------------------------------------------------------------------------------------+----------------------+------------------------+------------------------+----------+------------------------+---------------+
; Sdram_Control:u7|Sdram_RD_FIFO:u_read1_fifo|dcfifo:dcfifo_component|dcfifo_jej1:auto_generated|altsyncram_rq41:fifo_ram|ALTSYNCRAM                                                                    ; AUTO ; Simple Dual Port ; Dual Clocks ; 1024         ; 32           ; 1024         ; 32           ; yes                    ; no                      ; yes                    ; no                      ; 32768  ; 1024                        ; 8                           ; 1024                        ; 8                           ; 8192                ; 1    ; None ; M9K_X51_Y49_N0                                                                                                                                                                                                                                                                                                                                                                                                                                                                                                                                                                                                                                                                                                                                                                                                                                                                                                                                                                                                                                                                                                                                                                                                                                                                                                                                                                                                                                                                                                                                                                                                                                                                                                                                      ; Don't care           ; New data with NBE Read ; New data with NBE Read ; Off      ; No                     ; No - Unknown  ;
; Sdram_Control:u7|Sdram_WR_FIFO:u_write1_fifo|dcfifo:dcfifo_component|dcfifo_0ej1:auto_generated|altsyncram_rq41:fifo_ram|ALTSYNCRAM                                                                   ; AUTO ; Simple Dual Port ; Dual Clocks ; 1024         ; 32           ; 1024         ; 32           ; yes                    ; no                      ; yes                    ; no                      ; 32768  ; 1024                        ; 32                          ; 1024                        ; 32                          ; 32768               ; 4    ; None ; M9K_X51_Y17_N0, M9K_X51_Y16_N0, M9K_X51_Y18_N0, M9K_X51_Y15_N0                                                                                                                                                                                                                                                                                                                                                                                                                                                                                                                                                                                                                                                                                                                                                                                                                                                                                                                                                                                                                                                                                                                                                                                                                                                                                                                                                                                                                                                                                                                                                                                                                                                                                      ; Don't care           ; New data with NBE Read ; New data with NBE Read ; Off      ; No                     ; No - Unknown  ;
; sld_signaltap:auto_signaltap_0|sld_signaltap_impl:sld_signaltap_body|sld_signaltap_implb:sld_signaltap_body|altsyncram:\stp_non_zero_ram_gen:stp_buffer_ram|altsyncram_ee24:auto_generated|ALTSYNCRAM ; AUTO ; Simple Dual Port ; Dual Clocks ; 8192         ; 105          ; 8192         ; 105          ; yes                    ; no                      ; yes                    ; no                      ; 860160 ; 8192                        ; 105                         ; 8192                        ; 105                         ; 860160              ; 105  ; None ; M9K_X37_Y54_N0, M9K_X37_Y55_N0, M9K_X64_Y60_N0, M9K_X37_Y59_N0, M9K_X15_Y54_N0, M9K_X37_Y58_N0, M9K_X37_Y60_N0, M9K_X37_Y53_N0, M9K_X51_Y60_N0, M9K_X37_Y47_N0, M9K_X15_Y49_N0, M9K_X15_Y53_N0, M9K_X64_Y59_N0, M9K_X37_Y39_N0, M9K_X37_Y45_N0, M9K_X37_Y42_N0, M9K_X78_Y42_N0, M9K_X64_Y45_N0, M9K_X64_Y51_N0, M9K_X64_Y38_N0, M9K_X64_Y47_N0, M9K_X78_Y36_N0, M9K_X78_Y58_N0, M9K_X104_Y54_N0, M9K_X78_Y50_N0, M9K_X78_Y51_N0, M9K_X78_Y48_N0, M9K_X78_Y54_N0, M9K_X78_Y47_N0, M9K_X64_Y55_N0, M9K_X104_Y42_N0, M9K_X78_Y49_N0, M9K_X104_Y45_N0, M9K_X78_Y46_N0, M9K_X78_Y57_N0, M9K_X78_Y38_N0, M9K_X78_Y39_N0, M9K_X64_Y42_N0, M9K_X78_Y45_N0, M9K_X78_Y37_N0, M9K_X78_Y41_N0, M9K_X78_Y43_N0, M9K_X78_Y44_N0, M9K_X64_Y36_N0, M9K_X64_Y43_N0, M9K_X78_Y52_N0, M9K_X64_Y39_N0, M9K_X104_Y47_N0, M9K_X78_Y55_N0, M9K_X37_Y52_N0, M9K_X15_Y48_N0, M9K_X37_Y50_N0, M9K_X15_Y46_N0, M9K_X37_Y38_N0, M9K_X37_Y44_N0, M9K_X37_Y43_N0, M9K_X37_Y49_N0, M9K_X37_Y41_N0, M9K_X37_Y46_N0, M9K_X15_Y50_N0, M9K_X37_Y56_N0, M9K_X51_Y55_N0, M9K_X15_Y47_N0, M9K_X37_Y48_N0, M9K_X37_Y51_N0, M9K_X104_Y50_N0, M9K_X51_Y57_N0, M9K_X51_Y50_N0, M9K_X51_Y51_N0, M9K_X64_Y57_N0, M9K_X64_Y54_N0, M9K_X78_Y53_N0, M9K_X51_Y42_N0, M9K_X64_Y58_N0, M9K_X51_Y46_N0, M9K_X51_Y45_N0, M9K_X64_Y46_N0, M9K_X51_Y41_N0, M9K_X51_Y40_N0, M9K_X64_Y50_N0, M9K_X51_Y43_N0, M9K_X51_Y54_N0, M9K_X64_Y53_N0, M9K_X64_Y49_N0, M9K_X51_Y39_N0, M9K_X51_Y38_N0, M9K_X78_Y59_N0, M9K_X64_Y37_N0, M9K_X64_Y48_N0, M9K_X64_Y52_N0, M9K_X78_Y56_N0, M9K_X51_Y44_N0, M9K_X64_Y40_N0, M9K_X64_Y41_N0, M9K_X64_Y44_N0, M9K_X51_Y52_N0, M9K_X51_Y47_N0, M9K_X78_Y40_N0, M9K_X51_Y48_N0, M9K_X51_Y53_N0, M9K_X51_Y56_N0, M9K_X64_Y56_N0, M9K_X51_Y59_N0, M9K_X51_Y58_N0, M9K_X37_Y57_N0 ; Don't care           ; New data with NBE Read ; New data with NBE Read ; Off      ; No                     ; No - Unknown  ;
+-------------------------------------------------------------------------------------------------------------------------------------------------------------------------------------------------------+------+------------------+-------------+--------------+--------------+--------------+--------------+------------------------+-------------------------+------------------------+-------------------------+--------+-----------------------------+-----------------------------+-----------------------------+-----------------------------+---------------------+------+------+-----------------------------------------------------------------------------------------------------------------------------------------------------------------------------------------------------------------------------------------------------------------------------------------------------------------------------------------------------------------------------------------------------------------------------------------------------------------------------------------------------------------------------------------------------------------------------------------------------------------------------------------------------------------------------------------------------------------------------------------------------------------------------------------------------------------------------------------------------------------------------------------------------------------------------------------------------------------------------------------------------------------------------------------------------------------------------------------------------------------------------------------------------------------------------------------------------------------------------------------------------------------------------------------------------------------------------------------------------------------------------------------------------------------------------------------------------------------------------------------------------------------------------------------------------------------------------------------------------------------------------------------------------------------------------------------------------------------------------------------------------+----------------------+------------------------+------------------------+----------+------------------------+---------------+
Note: Fitter may spread logical memories into multiple blocks to improve timing. The actual required RAM blocks can be found in the Fitter Resource Usage section.


+---------------------------------------------------+
; Routing Usage Summary                             ;
+-----------------------+---------------------------+
; Routing Resource Type ; Usage                     ;
+-----------------------+---------------------------+
; Block interconnects   ; 6,335 / 342,891 ( 2 % )   ;
; C16 interconnects     ; 280 / 10,120 ( 3 % )      ;
; C4 interconnects      ; 2,877 / 209,544 ( 1 % )   ;
; Direct links          ; 1,045 / 342,891 ( < 1 % ) ;
; Global clocks         ; 10 / 20 ( 50 % )          ;
; Local interconnects   ; 2,716 / 119,088 ( 2 % )   ;
; R24 interconnects     ; 428 / 9,963 ( 4 % )       ;
; R4 interconnects      ; 2,776 / 289,782 ( < 1 % ) ;
+-----------------------+---------------------------+


+-----------------------------------------------------------------------------+
; LAB Logic Elements                                                          ;
+---------------------------------------------+-------------------------------+
; Number of Logic Elements  (Average = 13.03) ; Number of LABs  (Total = 305) ;
+---------------------------------------------+-------------------------------+
; 1                                           ; 19                            ;
; 2                                           ; 3                             ;
; 3                                           ; 8                             ;
; 4                                           ; 5                             ;
; 5                                           ; 4                             ;
; 6                                           ; 8                             ;
; 7                                           ; 6                             ;
; 8                                           ; 3                             ;
; 9                                           ; 4                             ;
; 10                                          ; 2                             ;
; 11                                          ; 3                             ;
; 12                                          ; 6                             ;
; 13                                          ; 16                            ;
; 14                                          ; 22                            ;
; 15                                          ; 42                            ;
; 16                                          ; 154                           ;
+---------------------------------------------+-------------------------------+


+--------------------------------------------------------------------+
; LAB-wide Signals                                                   ;
+------------------------------------+-------------------------------+
; LAB-wide Signals  (Average = 2.01) ; Number of LABs  (Total = 305) ;
+------------------------------------+-------------------------------+
; 1 Async. clear                     ; 179                           ;
; 1 Clock                            ; 202                           ;
; 1 Clock enable                     ; 114                           ;
; 1 Sync. clear                      ; 29                            ;
; 1 Sync. load                       ; 9                             ;
; 2 Clock enables                    ; 13                            ;
; 2 Clocks                           ; 66                            ;
+------------------------------------+-------------------------------+


+------------------------------------------------------------------------------+
; LAB Signals Sourced                                                          ;
+----------------------------------------------+-------------------------------+
; Number of Signals Sourced  (Average = 21.32) ; Number of LABs  (Total = 305) ;
+----------------------------------------------+-------------------------------+
; 0                                            ; 2                             ;
; 1                                            ; 7                             ;
; 2                                            ; 11                            ;
; 3                                            ; 0                             ;
; 4                                            ; 8                             ;
; 5                                            ; 4                             ;
; 6                                            ; 5                             ;
; 7                                            ; 5                             ;
; 8                                            ; 7                             ;
; 9                                            ; 1                             ;
; 10                                           ; 1                             ;
; 11                                           ; 3                             ;
; 12                                           ; 3                             ;
; 13                                           ; 3                             ;
; 14                                           ; 1                             ;
; 15                                           ; 2                             ;
; 16                                           ; 18                            ;
; 17                                           ; 4                             ;
; 18                                           ; 5                             ;
; 19                                           ; 10                            ;
; 20                                           ; 5                             ;
; 21                                           ; 13                            ;
; 22                                           ; 11                            ;
; 23                                           ; 18                            ;
; 24                                           ; 12                            ;
; 25                                           ; 16                            ;
; 26                                           ; 16                            ;
; 27                                           ; 21                            ;
; 28                                           ; 24                            ;
; 29                                           ; 12                            ;
; 30                                           ; 19                            ;
; 31                                           ; 12                            ;
; 32                                           ; 26                            ;
+----------------------------------------------+-------------------------------+


+---------------------------------------------------------------------------------+
; LAB Signals Sourced Out                                                         ;
+-------------------------------------------------+-------------------------------+
; Number of Signals Sourced Out  (Average = 5.85) ; Number of LABs  (Total = 305) ;
+-------------------------------------------------+-------------------------------+
; 0                                               ; 2                             ;
; 1                                               ; 47                            ;
; 2                                               ; 37                            ;
; 3                                               ; 56                            ;
; 4                                               ; 31                            ;
; 5                                               ; 16                            ;
; 6                                               ; 18                            ;
; 7                                               ; 11                            ;
; 8                                               ; 12                            ;
; 9                                               ; 7                             ;
; 10                                              ; 4                             ;
; 11                                              ; 11                            ;
; 12                                              ; 14                            ;
; 13                                              ; 9                             ;
; 14                                              ; 5                             ;
; 15                                              ; 2                             ;
; 16                                              ; 17                            ;
; 17                                              ; 2                             ;
; 18                                              ; 1                             ;
; 19                                              ; 0                             ;
; 20                                              ; 0                             ;
; 21                                              ; 1                             ;
; 22                                              ; 0                             ;
; 23                                              ; 0                             ;
; 24                                              ; 0                             ;
; 25                                              ; 0                             ;
; 26                                              ; 1                             ;
; 27                                              ; 0                             ;
; 28                                              ; 0                             ;
; 29                                              ; 1                             ;
+-------------------------------------------------+-------------------------------+


+-----------------------------------------------------------------------------+
; LAB Distinct Inputs                                                         ;
+---------------------------------------------+-------------------------------+
; Number of Distinct Inputs  (Average = 9.10) ; Number of LABs  (Total = 305) ;
+---------------------------------------------+-------------------------------+
; 0                                           ; 0                             ;
; 1                                           ; 28                            ;
; 2                                           ; 19                            ;
; 3                                           ; 14                            ;
; 4                                           ; 24                            ;
; 5                                           ; 28                            ;
; 6                                           ; 21                            ;
; 7                                           ; 24                            ;
; 8                                           ; 29                            ;
; 9                                           ; 8                             ;
; 10                                          ; 8                             ;
; 11                                          ; 9                             ;
; 12                                          ; 6                             ;
; 13                                          ; 5                             ;
; 14                                          ; 10                            ;
; 15                                          ; 7                             ;
; 16                                          ; 8                             ;
; 17                                          ; 3                             ;
; 18                                          ; 13                            ;
; 19                                          ; 4                             ;
; 20                                          ; 10                            ;
; 21                                          ; 3                             ;
; 22                                          ; 6                             ;
; 23                                          ; 4                             ;
; 24                                          ; 2                             ;
; 25                                          ; 4                             ;
; 26                                          ; 0                             ;
; 27                                          ; 1                             ;
; 28                                          ; 1                             ;
; 29                                          ; 2                             ;
; 30                                          ; 0                             ;
; 31                                          ; 0                             ;
; 32                                          ; 0                             ;
; 33                                          ; 0                             ;
; 34                                          ; 0                             ;
; 35                                          ; 1                             ;
+---------------------------------------------+-------------------------------+


+------------------------------------------+
; I/O Rules Summary                        ;
+----------------------------------+-------+
; I/O Rules Statistic              ; Total ;
+----------------------------------+-------+
; Total I/O Rules                  ; 30    ;
; Number of I/O Rules Passed       ; 12    ;
; Number of I/O Rules Failed       ; 0     ;
; Number of I/O Rules Unchecked    ; 0     ;
; Number of I/O Rules Inapplicable ; 18    ;
+----------------------------------+-------+


+-----------------------------------------------------------------------------------------------------------------------------------------------------------------------------------------------------------------------------------------------------------------------------------------------------+
; I/O Rules Details                                                                                                                                                                                                                                                                                   ;
+--------------+-----------+-----------------------------------+------------------------------------------------------------------------------------------------------+----------+--------------------------------------------------------------------------+---------------------+-------------------+
; Status       ; ID        ; Category                          ; Rule Description                                                                                     ; Severity ; Information                                                              ; Area                ; Extra Information ;
+--------------+-----------+-----------------------------------+------------------------------------------------------------------------------------------------------+----------+--------------------------------------------------------------------------+---------------------+-------------------+
; Pass         ; IO_000001 ; Capacity Checks                   ; Number of pins in an I/O bank should not exceed the number of locations available.                   ; Critical ; 0 such failures found.                                                   ; I/O                 ;                   ;
; Inapplicable ; IO_000002 ; Capacity Checks                   ; Number of clocks in an I/O bank should not exceed the number of clocks available.                    ; Critical ; No Global Signal assignments found.                                      ; I/O                 ;                   ;
; Pass         ; IO_000003 ; Capacity Checks                   ; Number of pins in a Vrefgroup should not exceed the number of locations available.                   ; Critical ; 0 such failures found.                                                   ; I/O                 ;                   ;
; Inapplicable ; IO_000004 ; Voltage Compatibility Checks      ; The I/O bank should support the requested VCCIO.                                                     ; Critical ; No IOBANK_VCCIO assignments found.                                       ; I/O                 ;                   ;
; Inapplicable ; IO_000005 ; Voltage Compatibility Checks      ; The I/O bank should not have competing VREF values.                                                  ; Critical ; No VREF I/O Standard assignments found.                                  ; I/O                 ;                   ;
; Pass         ; IO_000006 ; Voltage Compatibility Checks      ; The I/O bank should not have competing VCCIO values.                                                 ; Critical ; 0 such failures found.                                                   ; I/O                 ;                   ;
; Pass         ; IO_000007 ; Valid Location Checks             ; Checks for unavailable locations.                                                                    ; Critical ; 0 such failures found.                                                   ; I/O                 ;                   ;
; Inapplicable ; IO_000008 ; Valid Location Checks             ; Checks for reserved locations.                                                                       ; Critical ; No reserved LogicLock region found.                                      ; I/O                 ;                   ;
; Pass         ; IO_000009 ; I/O Properties Checks for One I/O ; The location should support the requested I/O standard.                                              ; Critical ; 0 such failures found.                                                   ; I/O                 ;                   ;
; Pass         ; IO_000010 ; I/O Properties Checks for One I/O ; The location should support the requested I/O direction.                                             ; Critical ; 0 such failures found.                                                   ; I/O                 ;                   ;
; Inapplicable ; IO_000011 ; I/O Properties Checks for One I/O ; The location should support the requested Current Strength.                                          ; Critical ; No Current Strength assignments found.                                   ; I/O                 ;                   ;
; Pass         ; IO_000012 ; I/O Properties Checks for One I/O ; The location should support the requested On Chip Termination value.                                 ; Critical ; 0 such failures found.                                                   ; I/O                 ;                   ;
; Inapplicable ; IO_000013 ; I/O Properties Checks for One I/O ; The location should support the requested Bus Hold value.                                            ; Critical ; No Enable Bus-Hold Circuitry assignments found.                          ; I/O                 ;                   ;
; Inapplicable ; IO_000014 ; I/O Properties Checks for One I/O ; The location should support the requested Weak Pull Up value.                                        ; Critical ; No Weak Pull-Up Resistor assignments found.                              ; I/O                 ;                   ;
; Pass         ; IO_000015 ; I/O Properties Checks for One I/O ; The location should support the requested PCI Clamp Diode.                                           ; Critical ; 0 such failures found.                                                   ; I/O                 ;                   ;
; Inapplicable ; IO_000018 ; I/O Properties Checks for One I/O ; The I/O standard should support the requested Current Strength.                                      ; Critical ; No Current Strength assignments found.                                   ; I/O                 ;                   ;
; Pass         ; IO_000019 ; I/O Properties Checks for One I/O ; The I/O standard should support the requested On Chip Termination value.                             ; Critical ; 0 such failures found.                                                   ; I/O                 ;                   ;
; Pass         ; IO_000020 ; I/O Properties Checks for One I/O ; The I/O standard should support the requested PCI Clamp Diode.                                       ; Critical ; 0 such failures found.                                                   ; I/O                 ;                   ;
; Inapplicable ; IO_000021 ; I/O Properties Checks for One I/O ; The I/O standard should support the requested Weak Pull Up value.                                    ; Critical ; No Weak Pull-Up Resistor assignments found.                              ; I/O                 ;                   ;
; Inapplicable ; IO_000022 ; I/O Properties Checks for One I/O ; The I/O standard should support the requested Bus Hold value.                                        ; Critical ; No Enable Bus-Hold Circuitry assignments found.                          ; I/O                 ;                   ;
; Inapplicable ; IO_000023 ; I/O Properties Checks for One I/O ; The I/O standard should support the Open Drain value.                                                ; Critical ; No open drain assignments found.                                         ; I/O                 ;                   ;
; Pass         ; IO_000024 ; I/O Properties Checks for One I/O ; The I/O direction should support the On Chip Termination value.                                      ; Critical ; 0 such failures found.                                                   ; I/O                 ;                   ;
; Inapplicable ; IO_000026 ; I/O Properties Checks for One I/O ; On Chip Termination and Current Strength should not be used at the same time.                        ; Critical ; No Current Strength assignments found.                                   ; I/O                 ;                   ;
; Inapplicable ; IO_000027 ; I/O Properties Checks for One I/O ; Weak Pull Up and Bus Hold should not be used at the same time.                                       ; Critical ; No Enable Bus-Hold Circuitry or Weak Pull-Up Resistor assignments found. ; I/O                 ;                   ;
; Inapplicable ; IO_000045 ; I/O Properties Checks for One I/O ; The I/O standard should support the requested Slew Rate value.                                       ; Critical ; No Slew Rate assignments found.                                          ; I/O                 ;                   ;
; Inapplicable ; IO_000046 ; I/O Properties Checks for One I/O ; The location should support the requested Slew Rate value.                                           ; Critical ; No Slew Rate assignments found.                                          ; I/O                 ;                   ;
; Inapplicable ; IO_000047 ; I/O Properties Checks for One I/O ; On Chip Termination and Slew Rate should not be used at the same time.                               ; Critical ; No Slew Rate assignments found.                                          ; I/O                 ;                   ;
; Pass         ; IO_000033 ; Electromigration Checks           ; Current density for consecutive I/Os should not exceed 240mA for row I/Os and 240mA for column I/Os. ; Critical ; 0 such failures found.                                                   ; I/O                 ;                   ;
; Inapplicable ; IO_000034 ; SI Related Distance Checks        ; Single-ended outputs should be 5 LAB row(s) away from a differential I/O.                            ; High     ; No Differential I/O Standard assignments found.                          ; I/O                 ;                   ;
; Inapplicable ; IO_000042 ; SI Related SSO Limit Checks       ; No more than 20 outputs are allowed in a VREF group when VREF is being read from.                    ; High     ; No VREF I/O Standard assignments found.                                  ; I/O                 ;                   ;
; ----         ; ----      ; Disclaimer                        ; OCT rules are checked but not reported.                                                              ; None     ; ----                                                                     ; On Chip Termination ;                   ;
+--------------+-----------+-----------------------------------+------------------------------------------------------------------------------------------------------+----------+--------------------------------------------------------------------------+---------------------+-------------------+


+---------------------------------------------------------------------------------------------------------------------------------------------------------------------------------------------------------------------------------------------------------------------------------------------------------------------------------------------------------------------------------------------------------------------------------------------------------------------------+
; I/O Rules Matrix                                                                                                                                                                                                                                                                                                                                                                                                                                                          ;
+---------------------+--------------+--------------+--------------+--------------+--------------+-----------+--------------+--------------+-----------+-----------+--------------+--------------+--------------+--------------+--------------+--------------+--------------+--------------+--------------+--------------+--------------+--------------+--------------+--------------+--------------+--------------+--------------+-----------+--------------+--------------+
; Pin/Rules           ; IO_000001    ; IO_000002    ; IO_000003    ; IO_000004    ; IO_000005    ; IO_000006 ; IO_000007    ; IO_000008    ; IO_000009 ; IO_000010 ; IO_000011    ; IO_000012    ; IO_000013    ; IO_000014    ; IO_000015    ; IO_000018    ; IO_000019    ; IO_000020    ; IO_000021    ; IO_000022    ; IO_000023    ; IO_000024    ; IO_000026    ; IO_000027    ; IO_000045    ; IO_000046    ; IO_000047    ; IO_000033 ; IO_000034    ; IO_000042    ;
+---------------------+--------------+--------------+--------------+--------------+--------------+-----------+--------------+--------------+-----------+-----------+--------------+--------------+--------------+--------------+--------------+--------------+--------------+--------------+--------------+--------------+--------------+--------------+--------------+--------------+--------------+--------------+--------------+-----------+--------------+--------------+
; Total Pass          ; 210          ; 0            ; 210          ; 0            ; 0            ; 221       ; 210          ; 0            ; 221       ; 221       ; 0            ; 30           ; 0            ; 0            ; 70           ; 0            ; 30           ; 70           ; 0            ; 0            ; 0            ; 30           ; 0            ; 0            ; 0            ; 0            ; 0            ; 221       ; 0            ; 0            ;
; Total Unchecked     ; 0            ; 0            ; 0            ; 0            ; 0            ; 0         ; 0            ; 0            ; 0         ; 0         ; 0            ; 0            ; 0            ; 0            ; 0            ; 0            ; 0            ; 0            ; 0            ; 0            ; 0            ; 0            ; 0            ; 0            ; 0            ; 0            ; 0            ; 0         ; 0            ; 0            ;
; Total Inapplicable  ; 11           ; 221          ; 11           ; 221          ; 221          ; 0         ; 11           ; 221          ; 0         ; 0         ; 221          ; 191          ; 221          ; 221          ; 151          ; 221          ; 191          ; 151          ; 221          ; 221          ; 221          ; 191          ; 221          ; 221          ; 221          ; 221          ; 221          ; 0         ; 221          ; 221          ;
; Total Fail          ; 0            ; 0            ; 0            ; 0            ; 0            ; 0         ; 0            ; 0            ; 0         ; 0         ; 0            ; 0            ; 0            ; 0            ; 0            ; 0            ; 0            ; 0            ; 0            ; 0            ; 0            ; 0            ; 0            ; 0            ; 0            ; 0            ; 0            ; 0         ; 0            ; 0            ;
; LEDG[0]             ; Pass         ; Inapplicable ; Pass         ; Inapplicable ; Inapplicable ; Pass      ; Pass         ; Inapplicable ; Pass      ; Pass      ; Inapplicable ; Pass         ; Inapplicable ; Inapplicable ; Inapplicable ; Inapplicable ; Pass         ; Inapplicable ; Inapplicable ; Inapplicable ; Inapplicable ; Pass         ; Inapplicable ; Inapplicable ; Inapplicable ; Inapplicable ; Inapplicable ; Pass      ; Inapplicable ; Inapplicable ;
; LEDG[1]             ; Pass         ; Inapplicable ; Pass         ; Inapplicable ; Inapplicable ; Pass      ; Pass         ; Inapplicable ; Pass      ; Pass      ; Inapplicable ; Pass         ; Inapplicable ; Inapplicable ; Inapplicable ; Inapplicable ; Pass         ; Inapplicable ; Inapplicable ; Inapplicable ; Inapplicable ; Pass         ; Inapplicable ; Inapplicable ; Inapplicable ; Inapplicable ; Inapplicable ; Pass      ; Inapplicable ; Inapplicable ;
; LEDG[2]             ; Pass         ; Inapplicable ; Pass         ; Inapplicable ; Inapplicable ; Pass      ; Pass         ; Inapplicable ; Pass      ; Pass      ; Inapplicable ; Pass         ; Inapplicable ; Inapplicable ; Inapplicable ; Inapplicable ; Pass         ; Inapplicable ; Inapplicable ; Inapplicable ; Inapplicable ; Pass         ; Inapplicable ; Inapplicable ; Inapplicable ; Inapplicable ; Inapplicable ; Pass      ; Inapplicable ; Inapplicable ;
; LEDG[3]             ; Pass         ; Inapplicable ; Pass         ; Inapplicable ; Inapplicable ; Pass      ; Pass         ; Inapplicable ; Pass      ; Pass      ; Inapplicable ; Pass         ; Inapplicable ; Inapplicable ; Inapplicable ; Inapplicable ; Pass         ; Inapplicable ; Inapplicable ; Inapplicable ; Inapplicable ; Pass         ; Inapplicable ; Inapplicable ; Inapplicable ; Inapplicable ; Inapplicable ; Pass      ; Inapplicable ; Inapplicable ;
; LEDG[4]             ; Pass         ; Inapplicable ; Pass         ; Inapplicable ; Inapplicable ; Pass      ; Pass         ; Inapplicable ; Pass      ; Pass      ; Inapplicable ; Pass         ; Inapplicable ; Inapplicable ; Inapplicable ; Inapplicable ; Pass         ; Inapplicable ; Inapplicable ; Inapplicable ; Inapplicable ; Pass         ; Inapplicable ; Inapplicable ; Inapplicable ; Inapplicable ; Inapplicable ; Pass      ; Inapplicable ; Inapplicable ;
; LEDG[5]             ; Pass         ; Inapplicable ; Pass         ; Inapplicable ; Inapplicable ; Pass      ; Pass         ; Inapplicable ; Pass      ; Pass      ; Inapplicable ; Pass         ; Inapplicable ; Inapplicable ; Inapplicable ; Inapplicable ; Pass         ; Inapplicable ; Inapplicable ; Inapplicable ; Inapplicable ; Pass         ; Inapplicable ; Inapplicable ; Inapplicable ; Inapplicable ; Inapplicable ; Pass      ; Inapplicable ; Inapplicable ;
; LEDG[6]             ; Pass         ; Inapplicable ; Pass         ; Inapplicable ; Inapplicable ; Pass      ; Pass         ; Inapplicable ; Pass      ; Pass      ; Inapplicable ; Pass         ; Inapplicable ; Inapplicable ; Inapplicable ; Inapplicable ; Pass         ; Inapplicable ; Inapplicable ; Inapplicable ; Inapplicable ; Pass         ; Inapplicable ; Inapplicable ; Inapplicable ; Inapplicable ; Inapplicable ; Pass      ; Inapplicable ; Inapplicable ;
; LEDG[7]             ; Pass         ; Inapplicable ; Pass         ; Inapplicable ; Inapplicable ; Pass      ; Pass         ; Inapplicable ; Pass      ; Pass      ; Inapplicable ; Pass         ; Inapplicable ; Inapplicable ; Inapplicable ; Inapplicable ; Pass         ; Inapplicable ; Inapplicable ; Inapplicable ; Inapplicable ; Pass         ; Inapplicable ; Inapplicable ; Inapplicable ; Inapplicable ; Inapplicable ; Pass      ; Inapplicable ; Inapplicable ;
; LEDG[8]             ; Pass         ; Inapplicable ; Pass         ; Inapplicable ; Inapplicable ; Pass      ; Pass         ; Inapplicable ; Pass      ; Pass      ; Inapplicable ; Pass         ; Inapplicable ; Inapplicable ; Inapplicable ; Inapplicable ; Pass         ; Inapplicable ; Inapplicable ; Inapplicable ; Inapplicable ; Pass         ; Inapplicable ; Inapplicable ; Inapplicable ; Inapplicable ; Inapplicable ; Pass      ; Inapplicable ; Inapplicable ;
; LEDR[0]             ; Pass         ; Inapplicable ; Pass         ; Inapplicable ; Inapplicable ; Pass      ; Pass         ; Inapplicable ; Pass      ; Pass      ; Inapplicable ; Pass         ; Inapplicable ; Inapplicable ; Inapplicable ; Inapplicable ; Pass         ; Inapplicable ; Inapplicable ; Inapplicable ; Inapplicable ; Pass         ; Inapplicable ; Inapplicable ; Inapplicable ; Inapplicable ; Inapplicable ; Pass      ; Inapplicable ; Inapplicable ;
; LEDR[1]             ; Pass         ; Inapplicable ; Pass         ; Inapplicable ; Inapplicable ; Pass      ; Pass         ; Inapplicable ; Pass      ; Pass      ; Inapplicable ; Pass         ; Inapplicable ; Inapplicable ; Inapplicable ; Inapplicable ; Pass         ; Inapplicable ; Inapplicable ; Inapplicable ; Inapplicable ; Pass         ; Inapplicable ; Inapplicable ; Inapplicable ; Inapplicable ; Inapplicable ; Pass      ; Inapplicable ; Inapplicable ;
; LEDR[2]             ; Pass         ; Inapplicable ; Pass         ; Inapplicable ; Inapplicable ; Pass      ; Pass         ; Inapplicable ; Pass      ; Pass      ; Inapplicable ; Pass         ; Inapplicable ; Inapplicable ; Inapplicable ; Inapplicable ; Pass         ; Inapplicable ; Inapplicable ; Inapplicable ; Inapplicable ; Pass         ; Inapplicable ; Inapplicable ; Inapplicable ; Inapplicable ; Inapplicable ; Pass      ; Inapplicable ; Inapplicable ;
; LEDR[3]             ; Pass         ; Inapplicable ; Pass         ; Inapplicable ; Inapplicable ; Pass      ; Pass         ; Inapplicable ; Pass      ; Pass      ; Inapplicable ; Pass         ; Inapplicable ; Inapplicable ; Inapplicable ; Inapplicable ; Pass         ; Inapplicable ; Inapplicable ; Inapplicable ; Inapplicable ; Pass         ; Inapplicable ; Inapplicable ; Inapplicable ; Inapplicable ; Inapplicable ; Pass      ; Inapplicable ; Inapplicable ;
; LEDR[4]             ; Pass         ; Inapplicable ; Pass         ; Inapplicable ; Inapplicable ; Pass      ; Pass         ; Inapplicable ; Pass      ; Pass      ; Inapplicable ; Pass         ; Inapplicable ; Inapplicable ; Inapplicable ; Inapplicable ; Pass         ; Inapplicable ; Inapplicable ; Inapplicable ; Inapplicable ; Pass         ; Inapplicable ; Inapplicable ; Inapplicable ; Inapplicable ; Inapplicable ; Pass      ; Inapplicable ; Inapplicable ;
; LEDR[5]             ; Pass         ; Inapplicable ; Pass         ; Inapplicable ; Inapplicable ; Pass      ; Pass         ; Inapplicable ; Pass      ; Pass      ; Inapplicable ; Pass         ; Inapplicable ; Inapplicable ; Inapplicable ; Inapplicable ; Pass         ; Inapplicable ; Inapplicable ; Inapplicable ; Inapplicable ; Pass         ; Inapplicable ; Inapplicable ; Inapplicable ; Inapplicable ; Inapplicable ; Pass      ; Inapplicable ; Inapplicable ;
; LEDR[6]             ; Pass         ; Inapplicable ; Pass         ; Inapplicable ; Inapplicable ; Pass      ; Pass         ; Inapplicable ; Pass      ; Pass      ; Inapplicable ; Pass         ; Inapplicable ; Inapplicable ; Inapplicable ; Inapplicable ; Pass         ; Inapplicable ; Inapplicable ; Inapplicable ; Inapplicable ; Pass         ; Inapplicable ; Inapplicable ; Inapplicable ; Inapplicable ; Inapplicable ; Pass      ; Inapplicable ; Inapplicable ;
; LEDR[7]             ; Pass         ; Inapplicable ; Pass         ; Inapplicable ; Inapplicable ; Pass      ; Pass         ; Inapplicable ; Pass      ; Pass      ; Inapplicable ; Pass         ; Inapplicable ; Inapplicable ; Inapplicable ; Inapplicable ; Pass         ; Inapplicable ; Inapplicable ; Inapplicable ; Inapplicable ; Pass         ; Inapplicable ; Inapplicable ; Inapplicable ; Inapplicable ; Inapplicable ; Pass      ; Inapplicable ; Inapplicable ;
; LEDR[8]             ; Pass         ; Inapplicable ; Pass         ; Inapplicable ; Inapplicable ; Pass      ; Pass         ; Inapplicable ; Pass      ; Pass      ; Inapplicable ; Pass         ; Inapplicable ; Inapplicable ; Inapplicable ; Inapplicable ; Pass         ; Inapplicable ; Inapplicable ; Inapplicable ; Inapplicable ; Pass         ; Inapplicable ; Inapplicable ; Inapplicable ; Inapplicable ; Inapplicable ; Pass      ; Inapplicable ; Inapplicable ;
; LEDR[9]             ; Pass         ; Inapplicable ; Pass         ; Inapplicable ; Inapplicable ; Pass      ; Pass         ; Inapplicable ; Pass      ; Pass      ; Inapplicable ; Pass         ; Inapplicable ; Inapplicable ; Inapplicable ; Inapplicable ; Pass         ; Inapplicable ; Inapplicable ; Inapplicable ; Inapplicable ; Pass         ; Inapplicable ; Inapplicable ; Inapplicable ; Inapplicable ; Inapplicable ; Pass      ; Inapplicable ; Inapplicable ;
; LEDR[10]            ; Pass         ; Inapplicable ; Pass         ; Inapplicable ; Inapplicable ; Pass      ; Pass         ; Inapplicable ; Pass      ; Pass      ; Inapplicable ; Pass         ; Inapplicable ; Inapplicable ; Inapplicable ; Inapplicable ; Pass         ; Inapplicable ; Inapplicable ; Inapplicable ; Inapplicable ; Pass         ; Inapplicable ; Inapplicable ; Inapplicable ; Inapplicable ; Inapplicable ; Pass      ; Inapplicable ; Inapplicable ;
; LEDR[11]            ; Pass         ; Inapplicable ; Pass         ; Inapplicable ; Inapplicable ; Pass      ; Pass         ; Inapplicable ; Pass      ; Pass      ; Inapplicable ; Pass         ; Inapplicable ; Inapplicable ; Inapplicable ; Inapplicable ; Pass         ; Inapplicable ; Inapplicable ; Inapplicable ; Inapplicable ; Pass         ; Inapplicable ; Inapplicable ; Inapplicable ; Inapplicable ; Inapplicable ; Pass      ; Inapplicable ; Inapplicable ;
; LEDR[12]            ; Pass         ; Inapplicable ; Pass         ; Inapplicable ; Inapplicable ; Pass      ; Pass         ; Inapplicable ; Pass      ; Pass      ; Inapplicable ; Pass         ; Inapplicable ; Inapplicable ; Inapplicable ; Inapplicable ; Pass         ; Inapplicable ; Inapplicable ; Inapplicable ; Inapplicable ; Pass         ; Inapplicable ; Inapplicable ; Inapplicable ; Inapplicable ; Inapplicable ; Pass      ; Inapplicable ; Inapplicable ;
; LEDR[13]            ; Pass         ; Inapplicable ; Pass         ; Inapplicable ; Inapplicable ; Pass      ; Pass         ; Inapplicable ; Pass      ; Pass      ; Inapplicable ; Pass         ; Inapplicable ; Inapplicable ; Inapplicable ; Inapplicable ; Pass         ; Inapplicable ; Inapplicable ; Inapplicable ; Inapplicable ; Pass         ; Inapplicable ; Inapplicable ; Inapplicable ; Inapplicable ; Inapplicable ; Pass      ; Inapplicable ; Inapplicable ;
; LEDR[14]            ; Pass         ; Inapplicable ; Pass         ; Inapplicable ; Inapplicable ; Pass      ; Pass         ; Inapplicable ; Pass      ; Pass      ; Inapplicable ; Pass         ; Inapplicable ; Inapplicable ; Inapplicable ; Inapplicable ; Pass         ; Inapplicable ; Inapplicable ; Inapplicable ; Inapplicable ; Pass         ; Inapplicable ; Inapplicable ; Inapplicable ; Inapplicable ; Inapplicable ; Pass      ; Inapplicable ; Inapplicable ;
; LEDR[15]            ; Pass         ; Inapplicable ; Pass         ; Inapplicable ; Inapplicable ; Pass      ; Pass         ; Inapplicable ; Pass      ; Pass      ; Inapplicable ; Pass         ; Inapplicable ; Inapplicable ; Inapplicable ; Inapplicable ; Pass         ; Inapplicable ; Inapplicable ; Inapplicable ; Inapplicable ; Pass         ; Inapplicable ; Inapplicable ; Inapplicable ; Inapplicable ; Inapplicable ; Pass      ; Inapplicable ; Inapplicable ;
; LEDR[16]            ; Pass         ; Inapplicable ; Pass         ; Inapplicable ; Inapplicable ; Pass      ; Pass         ; Inapplicable ; Pass      ; Pass      ; Inapplicable ; Pass         ; Inapplicable ; Inapplicable ; Inapplicable ; Inapplicable ; Pass         ; Inapplicable ; Inapplicable ; Inapplicable ; Inapplicable ; Pass         ; Inapplicable ; Inapplicable ; Inapplicable ; Inapplicable ; Inapplicable ; Pass      ; Inapplicable ; Inapplicable ;
; LEDR[17]            ; Pass         ; Inapplicable ; Pass         ; Inapplicable ; Inapplicable ; Pass      ; Pass         ; Inapplicable ; Pass      ; Pass      ; Inapplicable ; Pass         ; Inapplicable ; Inapplicable ; Inapplicable ; Inapplicable ; Pass         ; Inapplicable ; Inapplicable ; Inapplicable ; Inapplicable ; Pass         ; Inapplicable ; Inapplicable ; Inapplicable ; Inapplicable ; Inapplicable ; Pass      ; Inapplicable ; Inapplicable ;
; SW[0]               ; Pass         ; Inapplicable ; Pass         ; Inapplicable ; Inapplicable ; Pass      ; Pass         ; Inapplicable ; Pass      ; Pass      ; Inapplicable ; Inapplicable ; Inapplicable ; Inapplicable ; Pass         ; Inapplicable ; Inapplicable ; Pass         ; Inapplicable ; Inapplicable ; Inapplicable ; Inapplicable ; Inapplicable ; Inapplicable ; Inapplicable ; Inapplicable ; Inapplicable ; Pass      ; Inapplicable ; Inapplicable ;
; SW[1]               ; Pass         ; Inapplicable ; Pass         ; Inapplicable ; Inapplicable ; Pass      ; Pass         ; Inapplicable ; Pass      ; Pass      ; Inapplicable ; Inapplicable ; Inapplicable ; Inapplicable ; Pass         ; Inapplicable ; Inapplicable ; Pass         ; Inapplicable ; Inapplicable ; Inapplicable ; Inapplicable ; Inapplicable ; Inapplicable ; Inapplicable ; Inapplicable ; Inapplicable ; Pass      ; Inapplicable ; Inapplicable ;
; SW[2]               ; Pass         ; Inapplicable ; Pass         ; Inapplicable ; Inapplicable ; Pass      ; Pass         ; Inapplicable ; Pass      ; Pass      ; Inapplicable ; Inapplicable ; Inapplicable ; Inapplicable ; Pass         ; Inapplicable ; Inapplicable ; Pass         ; Inapplicable ; Inapplicable ; Inapplicable ; Inapplicable ; Inapplicable ; Inapplicable ; Inapplicable ; Inapplicable ; Inapplicable ; Pass      ; Inapplicable ; Inapplicable ;
; SW[3]               ; Pass         ; Inapplicable ; Pass         ; Inapplicable ; Inapplicable ; Pass      ; Pass         ; Inapplicable ; Pass      ; Pass      ; Inapplicable ; Inapplicable ; Inapplicable ; Inapplicable ; Pass         ; Inapplicable ; Inapplicable ; Pass         ; Inapplicable ; Inapplicable ; Inapplicable ; Inapplicable ; Inapplicable ; Inapplicable ; Inapplicable ; Inapplicable ; Inapplicable ; Pass      ; Inapplicable ; Inapplicable ;
; SW[4]               ; Pass         ; Inapplicable ; Pass         ; Inapplicable ; Inapplicable ; Pass      ; Pass         ; Inapplicable ; Pass      ; Pass      ; Inapplicable ; Inapplicable ; Inapplicable ; Inapplicable ; Pass         ; Inapplicable ; Inapplicable ; Pass         ; Inapplicable ; Inapplicable ; Inapplicable ; Inapplicable ; Inapplicable ; Inapplicable ; Inapplicable ; Inapplicable ; Inapplicable ; Pass      ; Inapplicable ; Inapplicable ;
; SW[5]               ; Pass         ; Inapplicable ; Pass         ; Inapplicable ; Inapplicable ; Pass      ; Pass         ; Inapplicable ; Pass      ; Pass      ; Inapplicable ; Inapplicable ; Inapplicable ; Inapplicable ; Pass         ; Inapplicable ; Inapplicable ; Pass         ; Inapplicable ; Inapplicable ; Inapplicable ; Inapplicable ; Inapplicable ; Inapplicable ; Inapplicable ; Inapplicable ; Inapplicable ; Pass      ; Inapplicable ; Inapplicable ;
; SW[6]               ; Pass         ; Inapplicable ; Pass         ; Inapplicable ; Inapplicable ; Pass      ; Pass         ; Inapplicable ; Pass      ; Pass      ; Inapplicable ; Inapplicable ; Inapplicable ; Inapplicable ; Pass         ; Inapplicable ; Inapplicable ; Pass         ; Inapplicable ; Inapplicable ; Inapplicable ; Inapplicable ; Inapplicable ; Inapplicable ; Inapplicable ; Inapplicable ; Inapplicable ; Pass      ; Inapplicable ; Inapplicable ;
; SW[7]               ; Pass         ; Inapplicable ; Pass         ; Inapplicable ; Inapplicable ; Pass      ; Pass         ; Inapplicable ; Pass      ; Pass      ; Inapplicable ; Inapplicable ; Inapplicable ; Inapplicable ; Pass         ; Inapplicable ; Inapplicable ; Pass         ; Inapplicable ; Inapplicable ; Inapplicable ; Inapplicable ; Inapplicable ; Inapplicable ; Inapplicable ; Inapplicable ; Inapplicable ; Pass      ; Inapplicable ; Inapplicable ;
; SW[8]               ; Pass         ; Inapplicable ; Pass         ; Inapplicable ; Inapplicable ; Pass      ; Pass         ; Inapplicable ; Pass      ; Pass      ; Inapplicable ; Inapplicable ; Inapplicable ; Inapplicable ; Pass         ; Inapplicable ; Inapplicable ; Pass         ; Inapplicable ; Inapplicable ; Inapplicable ; Inapplicable ; Inapplicable ; Inapplicable ; Inapplicable ; Inapplicable ; Inapplicable ; Pass      ; Inapplicable ; Inapplicable ;
; SW[9]               ; Pass         ; Inapplicable ; Pass         ; Inapplicable ; Inapplicable ; Pass      ; Pass         ; Inapplicable ; Pass      ; Pass      ; Inapplicable ; Inapplicable ; Inapplicable ; Inapplicable ; Pass         ; Inapplicable ; Inapplicable ; Pass         ; Inapplicable ; Inapplicable ; Inapplicable ; Inapplicable ; Inapplicable ; Inapplicable ; Inapplicable ; Inapplicable ; Inapplicable ; Pass      ; Inapplicable ; Inapplicable ;
; SW[10]              ; Pass         ; Inapplicable ; Pass         ; Inapplicable ; Inapplicable ; Pass      ; Pass         ; Inapplicable ; Pass      ; Pass      ; Inapplicable ; Inapplicable ; Inapplicable ; Inapplicable ; Pass         ; Inapplicable ; Inapplicable ; Pass         ; Inapplicable ; Inapplicable ; Inapplicable ; Inapplicable ; Inapplicable ; Inapplicable ; Inapplicable ; Inapplicable ; Inapplicable ; Pass      ; Inapplicable ; Inapplicable ;
; SW[11]              ; Pass         ; Inapplicable ; Pass         ; Inapplicable ; Inapplicable ; Pass      ; Pass         ; Inapplicable ; Pass      ; Pass      ; Inapplicable ; Inapplicable ; Inapplicable ; Inapplicable ; Pass         ; Inapplicable ; Inapplicable ; Pass         ; Inapplicable ; Inapplicable ; Inapplicable ; Inapplicable ; Inapplicable ; Inapplicable ; Inapplicable ; Inapplicable ; Inapplicable ; Pass      ; Inapplicable ; Inapplicable ;
; SW[12]              ; Pass         ; Inapplicable ; Pass         ; Inapplicable ; Inapplicable ; Pass      ; Pass         ; Inapplicable ; Pass      ; Pass      ; Inapplicable ; Inapplicable ; Inapplicable ; Inapplicable ; Pass         ; Inapplicable ; Inapplicable ; Pass         ; Inapplicable ; Inapplicable ; Inapplicable ; Inapplicable ; Inapplicable ; Inapplicable ; Inapplicable ; Inapplicable ; Inapplicable ; Pass      ; Inapplicable ; Inapplicable ;
; SW[13]              ; Pass         ; Inapplicable ; Pass         ; Inapplicable ; Inapplicable ; Pass      ; Pass         ; Inapplicable ; Pass      ; Pass      ; Inapplicable ; Inapplicable ; Inapplicable ; Inapplicable ; Pass         ; Inapplicable ; Inapplicable ; Pass         ; Inapplicable ; Inapplicable ; Inapplicable ; Inapplicable ; Inapplicable ; Inapplicable ; Inapplicable ; Inapplicable ; Inapplicable ; Pass      ; Inapplicable ; Inapplicable ;
; SW[14]              ; Pass         ; Inapplicable ; Pass         ; Inapplicable ; Inapplicable ; Pass      ; Pass         ; Inapplicable ; Pass      ; Pass      ; Inapplicable ; Inapplicable ; Inapplicable ; Inapplicable ; Pass         ; Inapplicable ; Inapplicable ; Pass         ; Inapplicable ; Inapplicable ; Inapplicable ; Inapplicable ; Inapplicable ; Inapplicable ; Inapplicable ; Inapplicable ; Inapplicable ; Pass      ; Inapplicable ; Inapplicable ;
; SW[15]              ; Pass         ; Inapplicable ; Pass         ; Inapplicable ; Inapplicable ; Pass      ; Pass         ; Inapplicable ; Pass      ; Pass      ; Inapplicable ; Inapplicable ; Inapplicable ; Inapplicable ; Pass         ; Inapplicable ; Inapplicable ; Pass         ; Inapplicable ; Inapplicable ; Inapplicable ; Inapplicable ; Inapplicable ; Inapplicable ; Inapplicable ; Inapplicable ; Inapplicable ; Pass      ; Inapplicable ; Inapplicable ;
; SW[16]              ; Pass         ; Inapplicable ; Pass         ; Inapplicable ; Inapplicable ; Pass      ; Pass         ; Inapplicable ; Pass      ; Pass      ; Inapplicable ; Inapplicable ; Inapplicable ; Inapplicable ; Pass         ; Inapplicable ; Inapplicable ; Pass         ; Inapplicable ; Inapplicable ; Inapplicable ; Inapplicable ; Inapplicable ; Inapplicable ; Inapplicable ; Inapplicable ; Inapplicable ; Pass      ; Inapplicable ; Inapplicable ;
; SW[17]              ; Pass         ; Inapplicable ; Pass         ; Inapplicable ; Inapplicable ; Pass      ; Pass         ; Inapplicable ; Pass      ; Pass      ; Inapplicable ; Inapplicable ; Inapplicable ; Inapplicable ; Pass         ; Inapplicable ; Inapplicable ; Pass         ; Inapplicable ; Inapplicable ; Inapplicable ; Inapplicable ; Inapplicable ; Inapplicable ; Inapplicable ; Inapplicable ; Inapplicable ; Pass      ; Inapplicable ; Inapplicable ;
; HEX0[0]             ; Pass         ; Inapplicable ; Pass         ; Inapplicable ; Inapplicable ; Pass      ; Pass         ; Inapplicable ; Pass      ; Pass      ; Inapplicable ; Pass         ; Inapplicable ; Inapplicable ; Inapplicable ; Inapplicable ; Pass         ; Inapplicable ; Inapplicable ; Inapplicable ; Inapplicable ; Pass         ; Inapplicable ; Inapplicable ; Inapplicable ; Inapplicable ; Inapplicable ; Pass      ; Inapplicable ; Inapplicable ;
; HEX0[1]             ; Pass         ; Inapplicable ; Pass         ; Inapplicable ; Inapplicable ; Pass      ; Pass         ; Inapplicable ; Pass      ; Pass      ; Inapplicable ; Pass         ; Inapplicable ; Inapplicable ; Inapplicable ; Inapplicable ; Pass         ; Inapplicable ; Inapplicable ; Inapplicable ; Inapplicable ; Pass         ; Inapplicable ; Inapplicable ; Inapplicable ; Inapplicable ; Inapplicable ; Pass      ; Inapplicable ; Inapplicable ;
; HEX0[2]             ; Pass         ; Inapplicable ; Pass         ; Inapplicable ; Inapplicable ; Pass      ; Pass         ; Inapplicable ; Pass      ; Pass      ; Inapplicable ; Pass         ; Inapplicable ; Inapplicable ; Inapplicable ; Inapplicable ; Pass         ; Inapplicable ; Inapplicable ; Inapplicable ; Inapplicable ; Pass         ; Inapplicable ; Inapplicable ; Inapplicable ; Inapplicable ; Inapplicable ; Pass      ; Inapplicable ; Inapplicable ;
; HEX0[3]             ; Pass         ; Inapplicable ; Pass         ; Inapplicable ; Inapplicable ; Pass      ; Pass         ; Inapplicable ; Pass      ; Pass      ; Inapplicable ; Inapplicable ; Inapplicable ; Inapplicable ; Inapplicable ; Inapplicable ; Inapplicable ; Inapplicable ; Inapplicable ; Inapplicable ; Inapplicable ; Inapplicable ; Inapplicable ; Inapplicable ; Inapplicable ; Inapplicable ; Inapplicable ; Pass      ; Inapplicable ; Inapplicable ;
; HEX0[4]             ; Pass         ; Inapplicable ; Pass         ; Inapplicable ; Inapplicable ; Pass      ; Pass         ; Inapplicable ; Pass      ; Pass      ; Inapplicable ; Inapplicable ; Inapplicable ; Inapplicable ; Inapplicable ; Inapplicable ; Inapplicable ; Inapplicable ; Inapplicable ; Inapplicable ; Inapplicable ; Inapplicable ; Inapplicable ; Inapplicable ; Inapplicable ; Inapplicable ; Inapplicable ; Pass      ; Inapplicable ; Inapplicable ;
; HEX0[5]             ; Pass         ; Inapplicable ; Pass         ; Inapplicable ; Inapplicable ; Pass      ; Pass         ; Inapplicable ; Pass      ; Pass      ; Inapplicable ; Inapplicable ; Inapplicable ; Inapplicable ; Inapplicable ; Inapplicable ; Inapplicable ; Inapplicable ; Inapplicable ; Inapplicable ; Inapplicable ; Inapplicable ; Inapplicable ; Inapplicable ; Inapplicable ; Inapplicable ; Inapplicable ; Pass      ; Inapplicable ; Inapplicable ;
; HEX0[6]             ; Pass         ; Inapplicable ; Pass         ; Inapplicable ; Inapplicable ; Pass      ; Pass         ; Inapplicable ; Pass      ; Pass      ; Inapplicable ; Inapplicable ; Inapplicable ; Inapplicable ; Inapplicable ; Inapplicable ; Inapplicable ; Inapplicable ; Inapplicable ; Inapplicable ; Inapplicable ; Inapplicable ; Inapplicable ; Inapplicable ; Inapplicable ; Inapplicable ; Inapplicable ; Pass      ; Inapplicable ; Inapplicable ;
; HEX1[0]             ; Pass         ; Inapplicable ; Pass         ; Inapplicable ; Inapplicable ; Pass      ; Pass         ; Inapplicable ; Pass      ; Pass      ; Inapplicable ; Inapplicable ; Inapplicable ; Inapplicable ; Inapplicable ; Inapplicable ; Inapplicable ; Inapplicable ; Inapplicable ; Inapplicable ; Inapplicable ; Inapplicable ; Inapplicable ; Inapplicable ; Inapplicable ; Inapplicable ; Inapplicable ; Pass      ; Inapplicable ; Inapplicable ;
; HEX1[1]             ; Pass         ; Inapplicable ; Pass         ; Inapplicable ; Inapplicable ; Pass      ; Pass         ; Inapplicable ; Pass      ; Pass      ; Inapplicable ; Inapplicable ; Inapplicable ; Inapplicable ; Inapplicable ; Inapplicable ; Inapplicable ; Inapplicable ; Inapplicable ; Inapplicable ; Inapplicable ; Inapplicable ; Inapplicable ; Inapplicable ; Inapplicable ; Inapplicable ; Inapplicable ; Pass      ; Inapplicable ; Inapplicable ;
; HEX1[2]             ; Pass         ; Inapplicable ; Pass         ; Inapplicable ; Inapplicable ; Pass      ; Pass         ; Inapplicable ; Pass      ; Pass      ; Inapplicable ; Inapplicable ; Inapplicable ; Inapplicable ; Inapplicable ; Inapplicable ; Inapplicable ; Inapplicable ; Inapplicable ; Inapplicable ; Inapplicable ; Inapplicable ; Inapplicable ; Inapplicable ; Inapplicable ; Inapplicable ; Inapplicable ; Pass      ; Inapplicable ; Inapplicable ;
; HEX1[3]             ; Pass         ; Inapplicable ; Pass         ; Inapplicable ; Inapplicable ; Pass      ; Pass         ; Inapplicable ; Pass      ; Pass      ; Inapplicable ; Inapplicable ; Inapplicable ; Inapplicable ; Inapplicable ; Inapplicable ; Inapplicable ; Inapplicable ; Inapplicable ; Inapplicable ; Inapplicable ; Inapplicable ; Inapplicable ; Inapplicable ; Inapplicable ; Inapplicable ; Inapplicable ; Pass      ; Inapplicable ; Inapplicable ;
; HEX1[4]             ; Pass         ; Inapplicable ; Pass         ; Inapplicable ; Inapplicable ; Pass      ; Pass         ; Inapplicable ; Pass      ; Pass      ; Inapplicable ; Inapplicable ; Inapplicable ; Inapplicable ; Inapplicable ; Inapplicable ; Inapplicable ; Inapplicable ; Inapplicable ; Inapplicable ; Inapplicable ; Inapplicable ; Inapplicable ; Inapplicable ; Inapplicable ; Inapplicable ; Inapplicable ; Pass      ; Inapplicable ; Inapplicable ;
; HEX1[5]             ; Pass         ; Inapplicable ; Pass         ; Inapplicable ; Inapplicable ; Pass      ; Pass         ; Inapplicable ; Pass      ; Pass      ; Inapplicable ; Inapplicable ; Inapplicable ; Inapplicable ; Inapplicable ; Inapplicable ; Inapplicable ; Inapplicable ; Inapplicable ; Inapplicable ; Inapplicable ; Inapplicable ; Inapplicable ; Inapplicable ; Inapplicable ; Inapplicable ; Inapplicable ; Pass      ; Inapplicable ; Inapplicable ;
; HEX1[6]             ; Pass         ; Inapplicable ; Pass         ; Inapplicable ; Inapplicable ; Pass      ; Pass         ; Inapplicable ; Pass      ; Pass      ; Inapplicable ; Inapplicable ; Inapplicable ; Inapplicable ; Inapplicable ; Inapplicable ; Inapplicable ; Inapplicable ; Inapplicable ; Inapplicable ; Inapplicable ; Inapplicable ; Inapplicable ; Inapplicable ; Inapplicable ; Inapplicable ; Inapplicable ; Pass      ; Inapplicable ; Inapplicable ;
; HEX2[0]             ; Pass         ; Inapplicable ; Pass         ; Inapplicable ; Inapplicable ; Pass      ; Pass         ; Inapplicable ; Pass      ; Pass      ; Inapplicable ; Inapplicable ; Inapplicable ; Inapplicable ; Inapplicable ; Inapplicable ; Inapplicable ; Inapplicable ; Inapplicable ; Inapplicable ; Inapplicable ; Inapplicable ; Inapplicable ; Inapplicable ; Inapplicable ; Inapplicable ; Inapplicable ; Pass      ; Inapplicable ; Inapplicable ;
; HEX2[1]             ; Pass         ; Inapplicable ; Pass         ; Inapplicable ; Inapplicable ; Pass      ; Pass         ; Inapplicable ; Pass      ; Pass      ; Inapplicable ; Inapplicable ; Inapplicable ; Inapplicable ; Inapplicable ; Inapplicable ; Inapplicable ; Inapplicable ; Inapplicable ; Inapplicable ; Inapplicable ; Inapplicable ; Inapplicable ; Inapplicable ; Inapplicable ; Inapplicable ; Inapplicable ; Pass      ; Inapplicable ; Inapplicable ;
; HEX2[2]             ; Pass         ; Inapplicable ; Pass         ; Inapplicable ; Inapplicable ; Pass      ; Pass         ; Inapplicable ; Pass      ; Pass      ; Inapplicable ; Inapplicable ; Inapplicable ; Inapplicable ; Inapplicable ; Inapplicable ; Inapplicable ; Inapplicable ; Inapplicable ; Inapplicable ; Inapplicable ; Inapplicable ; Inapplicable ; Inapplicable ; Inapplicable ; Inapplicable ; Inapplicable ; Pass      ; Inapplicable ; Inapplicable ;
; HEX2[3]             ; Pass         ; Inapplicable ; Pass         ; Inapplicable ; Inapplicable ; Pass      ; Pass         ; Inapplicable ; Pass      ; Pass      ; Inapplicable ; Inapplicable ; Inapplicable ; Inapplicable ; Inapplicable ; Inapplicable ; Inapplicable ; Inapplicable ; Inapplicable ; Inapplicable ; Inapplicable ; Inapplicable ; Inapplicable ; Inapplicable ; Inapplicable ; Inapplicable ; Inapplicable ; Pass      ; Inapplicable ; Inapplicable ;
; HEX2[4]             ; Pass         ; Inapplicable ; Pass         ; Inapplicable ; Inapplicable ; Pass      ; Pass         ; Inapplicable ; Pass      ; Pass      ; Inapplicable ; Inapplicable ; Inapplicable ; Inapplicable ; Inapplicable ; Inapplicable ; Inapplicable ; Inapplicable ; Inapplicable ; Inapplicable ; Inapplicable ; Inapplicable ; Inapplicable ; Inapplicable ; Inapplicable ; Inapplicable ; Inapplicable ; Pass      ; Inapplicable ; Inapplicable ;
; HEX2[5]             ; Pass         ; Inapplicable ; Pass         ; Inapplicable ; Inapplicable ; Pass      ; Pass         ; Inapplicable ; Pass      ; Pass      ; Inapplicable ; Inapplicable ; Inapplicable ; Inapplicable ; Inapplicable ; Inapplicable ; Inapplicable ; Inapplicable ; Inapplicable ; Inapplicable ; Inapplicable ; Inapplicable ; Inapplicable ; Inapplicable ; Inapplicable ; Inapplicable ; Inapplicable ; Pass      ; Inapplicable ; Inapplicable ;
; HEX2[6]             ; Pass         ; Inapplicable ; Pass         ; Inapplicable ; Inapplicable ; Pass      ; Pass         ; Inapplicable ; Pass      ; Pass      ; Inapplicable ; Inapplicable ; Inapplicable ; Inapplicable ; Inapplicable ; Inapplicable ; Inapplicable ; Inapplicable ; Inapplicable ; Inapplicable ; Inapplicable ; Inapplicable ; Inapplicable ; Inapplicable ; Inapplicable ; Inapplicable ; Inapplicable ; Pass      ; Inapplicable ; Inapplicable ;
; HEX3[0]             ; Pass         ; Inapplicable ; Pass         ; Inapplicable ; Inapplicable ; Pass      ; Pass         ; Inapplicable ; Pass      ; Pass      ; Inapplicable ; Inapplicable ; Inapplicable ; Inapplicable ; Inapplicable ; Inapplicable ; Inapplicable ; Inapplicable ; Inapplicable ; Inapplicable ; Inapplicable ; Inapplicable ; Inapplicable ; Inapplicable ; Inapplicable ; Inapplicable ; Inapplicable ; Pass      ; Inapplicable ; Inapplicable ;
; HEX3[1]             ; Pass         ; Inapplicable ; Pass         ; Inapplicable ; Inapplicable ; Pass      ; Pass         ; Inapplicable ; Pass      ; Pass      ; Inapplicable ; Inapplicable ; Inapplicable ; Inapplicable ; Inapplicable ; Inapplicable ; Inapplicable ; Inapplicable ; Inapplicable ; Inapplicable ; Inapplicable ; Inapplicable ; Inapplicable ; Inapplicable ; Inapplicable ; Inapplicable ; Inapplicable ; Pass      ; Inapplicable ; Inapplicable ;
; HEX3[2]             ; Pass         ; Inapplicable ; Pass         ; Inapplicable ; Inapplicable ; Pass      ; Pass         ; Inapplicable ; Pass      ; Pass      ; Inapplicable ; Inapplicable ; Inapplicable ; Inapplicable ; Inapplicable ; Inapplicable ; Inapplicable ; Inapplicable ; Inapplicable ; Inapplicable ; Inapplicable ; Inapplicable ; Inapplicable ; Inapplicable ; Inapplicable ; Inapplicable ; Inapplicable ; Pass      ; Inapplicable ; Inapplicable ;
; HEX3[3]             ; Pass         ; Inapplicable ; Pass         ; Inapplicable ; Inapplicable ; Pass      ; Pass         ; Inapplicable ; Pass      ; Pass      ; Inapplicable ; Inapplicable ; Inapplicable ; Inapplicable ; Inapplicable ; Inapplicable ; Inapplicable ; Inapplicable ; Inapplicable ; Inapplicable ; Inapplicable ; Inapplicable ; Inapplicable ; Inapplicable ; Inapplicable ; Inapplicable ; Inapplicable ; Pass      ; Inapplicable ; Inapplicable ;
; HEX3[4]             ; Pass         ; Inapplicable ; Pass         ; Inapplicable ; Inapplicable ; Pass      ; Pass         ; Inapplicable ; Pass      ; Pass      ; Inapplicable ; Inapplicable ; Inapplicable ; Inapplicable ; Inapplicable ; Inapplicable ; Inapplicable ; Inapplicable ; Inapplicable ; Inapplicable ; Inapplicable ; Inapplicable ; Inapplicable ; Inapplicable ; Inapplicable ; Inapplicable ; Inapplicable ; Pass      ; Inapplicable ; Inapplicable ;
; HEX3[5]             ; Pass         ; Inapplicable ; Pass         ; Inapplicable ; Inapplicable ; Pass      ; Pass         ; Inapplicable ; Pass      ; Pass      ; Inapplicable ; Inapplicable ; Inapplicable ; Inapplicable ; Inapplicable ; Inapplicable ; Inapplicable ; Inapplicable ; Inapplicable ; Inapplicable ; Inapplicable ; Inapplicable ; Inapplicable ; Inapplicable ; Inapplicable ; Inapplicable ; Inapplicable ; Pass      ; Inapplicable ; Inapplicable ;
; HEX3[6]             ; Pass         ; Inapplicable ; Pass         ; Inapplicable ; Inapplicable ; Pass      ; Pass         ; Inapplicable ; Pass      ; Pass      ; Inapplicable ; Inapplicable ; Inapplicable ; Inapplicable ; Inapplicable ; Inapplicable ; Inapplicable ; Inapplicable ; Inapplicable ; Inapplicable ; Inapplicable ; Inapplicable ; Inapplicable ; Inapplicable ; Inapplicable ; Inapplicable ; Inapplicable ; Pass      ; Inapplicable ; Inapplicable ;
; HEX4[0]             ; Pass         ; Inapplicable ; Pass         ; Inapplicable ; Inapplicable ; Pass      ; Pass         ; Inapplicable ; Pass      ; Pass      ; Inapplicable ; Inapplicable ; Inapplicable ; Inapplicable ; Inapplicable ; Inapplicable ; Inapplicable ; Inapplicable ; Inapplicable ; Inapplicable ; Inapplicable ; Inapplicable ; Inapplicable ; Inapplicable ; Inapplicable ; Inapplicable ; Inapplicable ; Pass      ; Inapplicable ; Inapplicable ;
; HEX4[1]             ; Pass         ; Inapplicable ; Pass         ; Inapplicable ; Inapplicable ; Pass      ; Pass         ; Inapplicable ; Pass      ; Pass      ; Inapplicable ; Inapplicable ; Inapplicable ; Inapplicable ; Inapplicable ; Inapplicable ; Inapplicable ; Inapplicable ; Inapplicable ; Inapplicable ; Inapplicable ; Inapplicable ; Inapplicable ; Inapplicable ; Inapplicable ; Inapplicable ; Inapplicable ; Pass      ; Inapplicable ; Inapplicable ;
; HEX4[2]             ; Pass         ; Inapplicable ; Pass         ; Inapplicable ; Inapplicable ; Pass      ; Pass         ; Inapplicable ; Pass      ; Pass      ; Inapplicable ; Inapplicable ; Inapplicable ; Inapplicable ; Inapplicable ; Inapplicable ; Inapplicable ; Inapplicable ; Inapplicable ; Inapplicable ; Inapplicable ; Inapplicable ; Inapplicable ; Inapplicable ; Inapplicable ; Inapplicable ; Inapplicable ; Pass      ; Inapplicable ; Inapplicable ;
; HEX4[3]             ; Pass         ; Inapplicable ; Pass         ; Inapplicable ; Inapplicable ; Pass      ; Pass         ; Inapplicable ; Pass      ; Pass      ; Inapplicable ; Inapplicable ; Inapplicable ; Inapplicable ; Inapplicable ; Inapplicable ; Inapplicable ; Inapplicable ; Inapplicable ; Inapplicable ; Inapplicable ; Inapplicable ; Inapplicable ; Inapplicable ; Inapplicable ; Inapplicable ; Inapplicable ; Pass      ; Inapplicable ; Inapplicable ;
; HEX4[4]             ; Pass         ; Inapplicable ; Pass         ; Inapplicable ; Inapplicable ; Pass      ; Pass         ; Inapplicable ; Pass      ; Pass      ; Inapplicable ; Inapplicable ; Inapplicable ; Inapplicable ; Inapplicable ; Inapplicable ; Inapplicable ; Inapplicable ; Inapplicable ; Inapplicable ; Inapplicable ; Inapplicable ; Inapplicable ; Inapplicable ; Inapplicable ; Inapplicable ; Inapplicable ; Pass      ; Inapplicable ; Inapplicable ;
; HEX4[5]             ; Pass         ; Inapplicable ; Pass         ; Inapplicable ; Inapplicable ; Pass      ; Pass         ; Inapplicable ; Pass      ; Pass      ; Inapplicable ; Inapplicable ; Inapplicable ; Inapplicable ; Inapplicable ; Inapplicable ; Inapplicable ; Inapplicable ; Inapplicable ; Inapplicable ; Inapplicable ; Inapplicable ; Inapplicable ; Inapplicable ; Inapplicable ; Inapplicable ; Inapplicable ; Pass      ; Inapplicable ; Inapplicable ;
; HEX4[6]             ; Pass         ; Inapplicable ; Pass         ; Inapplicable ; Inapplicable ; Pass      ; Pass         ; Inapplicable ; Pass      ; Pass      ; Inapplicable ; Inapplicable ; Inapplicable ; Inapplicable ; Inapplicable ; Inapplicable ; Inapplicable ; Inapplicable ; Inapplicable ; Inapplicable ; Inapplicable ; Inapplicable ; Inapplicable ; Inapplicable ; Inapplicable ; Inapplicable ; Inapplicable ; Pass      ; Inapplicable ; Inapplicable ;
; HEX5[0]             ; Pass         ; Inapplicable ; Pass         ; Inapplicable ; Inapplicable ; Pass      ; Pass         ; Inapplicable ; Pass      ; Pass      ; Inapplicable ; Inapplicable ; Inapplicable ; Inapplicable ; Inapplicable ; Inapplicable ; Inapplicable ; Inapplicable ; Inapplicable ; Inapplicable ; Inapplicable ; Inapplicable ; Inapplicable ; Inapplicable ; Inapplicable ; Inapplicable ; Inapplicable ; Pass      ; Inapplicable ; Inapplicable ;
; HEX5[1]             ; Pass         ; Inapplicable ; Pass         ; Inapplicable ; Inapplicable ; Pass      ; Pass         ; Inapplicable ; Pass      ; Pass      ; Inapplicable ; Inapplicable ; Inapplicable ; Inapplicable ; Inapplicable ; Inapplicable ; Inapplicable ; Inapplicable ; Inapplicable ; Inapplicable ; Inapplicable ; Inapplicable ; Inapplicable ; Inapplicable ; Inapplicable ; Inapplicable ; Inapplicable ; Pass      ; Inapplicable ; Inapplicable ;
; HEX5[2]             ; Pass         ; Inapplicable ; Pass         ; Inapplicable ; Inapplicable ; Pass      ; Pass         ; Inapplicable ; Pass      ; Pass      ; Inapplicable ; Inapplicable ; Inapplicable ; Inapplicable ; Inapplicable ; Inapplicable ; Inapplicable ; Inapplicable ; Inapplicable ; Inapplicable ; Inapplicable ; Inapplicable ; Inapplicable ; Inapplicable ; Inapplicable ; Inapplicable ; Inapplicable ; Pass      ; Inapplicable ; Inapplicable ;
; HEX5[3]             ; Pass         ; Inapplicable ; Pass         ; Inapplicable ; Inapplicable ; Pass      ; Pass         ; Inapplicable ; Pass      ; Pass      ; Inapplicable ; Inapplicable ; Inapplicable ; Inapplicable ; Inapplicable ; Inapplicable ; Inapplicable ; Inapplicable ; Inapplicable ; Inapplicable ; Inapplicable ; Inapplicable ; Inapplicable ; Inapplicable ; Inapplicable ; Inapplicable ; Inapplicable ; Pass      ; Inapplicable ; Inapplicable ;
; HEX5[4]             ; Pass         ; Inapplicable ; Pass         ; Inapplicable ; Inapplicable ; Pass      ; Pass         ; Inapplicable ; Pass      ; Pass      ; Inapplicable ; Inapplicable ; Inapplicable ; Inapplicable ; Inapplicable ; Inapplicable ; Inapplicable ; Inapplicable ; Inapplicable ; Inapplicable ; Inapplicable ; Inapplicable ; Inapplicable ; Inapplicable ; Inapplicable ; Inapplicable ; Inapplicable ; Pass      ; Inapplicable ; Inapplicable ;
; HEX5[5]             ; Pass         ; Inapplicable ; Pass         ; Inapplicable ; Inapplicable ; Pass      ; Pass         ; Inapplicable ; Pass      ; Pass      ; Inapplicable ; Inapplicable ; Inapplicable ; Inapplicable ; Inapplicable ; Inapplicable ; Inapplicable ; Inapplicable ; Inapplicable ; Inapplicable ; Inapplicable ; Inapplicable ; Inapplicable ; Inapplicable ; Inapplicable ; Inapplicable ; Inapplicable ; Pass      ; Inapplicable ; Inapplicable ;
; HEX5[6]             ; Pass         ; Inapplicable ; Pass         ; Inapplicable ; Inapplicable ; Pass      ; Pass         ; Inapplicable ; Pass      ; Pass      ; Inapplicable ; Inapplicable ; Inapplicable ; Inapplicable ; Inapplicable ; Inapplicable ; Inapplicable ; Inapplicable ; Inapplicable ; Inapplicable ; Inapplicable ; Inapplicable ; Inapplicable ; Inapplicable ; Inapplicable ; Inapplicable ; Inapplicable ; Pass      ; Inapplicable ; Inapplicable ;
; HEX6[0]             ; Pass         ; Inapplicable ; Pass         ; Inapplicable ; Inapplicable ; Pass      ; Pass         ; Inapplicable ; Pass      ; Pass      ; Inapplicable ; Inapplicable ; Inapplicable ; Inapplicable ; Inapplicable ; Inapplicable ; Inapplicable ; Inapplicable ; Inapplicable ; Inapplicable ; Inapplicable ; Inapplicable ; Inapplicable ; Inapplicable ; Inapplicable ; Inapplicable ; Inapplicable ; Pass      ; Inapplicable ; Inapplicable ;
; HEX6[1]             ; Pass         ; Inapplicable ; Pass         ; Inapplicable ; Inapplicable ; Pass      ; Pass         ; Inapplicable ; Pass      ; Pass      ; Inapplicable ; Inapplicable ; Inapplicable ; Inapplicable ; Inapplicable ; Inapplicable ; Inapplicable ; Inapplicable ; Inapplicable ; Inapplicable ; Inapplicable ; Inapplicable ; Inapplicable ; Inapplicable ; Inapplicable ; Inapplicable ; Inapplicable ; Pass      ; Inapplicable ; Inapplicable ;
; HEX6[2]             ; Pass         ; Inapplicable ; Pass         ; Inapplicable ; Inapplicable ; Pass      ; Pass         ; Inapplicable ; Pass      ; Pass      ; Inapplicable ; Inapplicable ; Inapplicable ; Inapplicable ; Inapplicable ; Inapplicable ; Inapplicable ; Inapplicable ; Inapplicable ; Inapplicable ; Inapplicable ; Inapplicable ; Inapplicable ; Inapplicable ; Inapplicable ; Inapplicable ; Inapplicable ; Pass      ; Inapplicable ; Inapplicable ;
; HEX6[3]             ; Pass         ; Inapplicable ; Pass         ; Inapplicable ; Inapplicable ; Pass      ; Pass         ; Inapplicable ; Pass      ; Pass      ; Inapplicable ; Inapplicable ; Inapplicable ; Inapplicable ; Inapplicable ; Inapplicable ; Inapplicable ; Inapplicable ; Inapplicable ; Inapplicable ; Inapplicable ; Inapplicable ; Inapplicable ; Inapplicable ; Inapplicable ; Inapplicable ; Inapplicable ; Pass      ; Inapplicable ; Inapplicable ;
; HEX6[4]             ; Pass         ; Inapplicable ; Pass         ; Inapplicable ; Inapplicable ; Pass      ; Pass         ; Inapplicable ; Pass      ; Pass      ; Inapplicable ; Inapplicable ; Inapplicable ; Inapplicable ; Inapplicable ; Inapplicable ; Inapplicable ; Inapplicable ; Inapplicable ; Inapplicable ; Inapplicable ; Inapplicable ; Inapplicable ; Inapplicable ; Inapplicable ; Inapplicable ; Inapplicable ; Pass      ; Inapplicable ; Inapplicable ;
; HEX6[5]             ; Pass         ; Inapplicable ; Pass         ; Inapplicable ; Inapplicable ; Pass      ; Pass         ; Inapplicable ; Pass      ; Pass      ; Inapplicable ; Inapplicable ; Inapplicable ; Inapplicable ; Inapplicable ; Inapplicable ; Inapplicable ; Inapplicable ; Inapplicable ; Inapplicable ; Inapplicable ; Inapplicable ; Inapplicable ; Inapplicable ; Inapplicable ; Inapplicable ; Inapplicable ; Pass      ; Inapplicable ; Inapplicable ;
; HEX6[6]             ; Pass         ; Inapplicable ; Pass         ; Inapplicable ; Inapplicable ; Pass      ; Pass         ; Inapplicable ; Pass      ; Pass      ; Inapplicable ; Inapplicable ; Inapplicable ; Inapplicable ; Inapplicable ; Inapplicable ; Inapplicable ; Inapplicable ; Inapplicable ; Inapplicable ; Inapplicable ; Inapplicable ; Inapplicable ; Inapplicable ; Inapplicable ; Inapplicable ; Inapplicable ; Pass      ; Inapplicable ; Inapplicable ;
; HEX7[0]             ; Pass         ; Inapplicable ; Pass         ; Inapplicable ; Inapplicable ; Pass      ; Pass         ; Inapplicable ; Pass      ; Pass      ; Inapplicable ; Inapplicable ; Inapplicable ; Inapplicable ; Inapplicable ; Inapplicable ; Inapplicable ; Inapplicable ; Inapplicable ; Inapplicable ; Inapplicable ; Inapplicable ; Inapplicable ; Inapplicable ; Inapplicable ; Inapplicable ; Inapplicable ; Pass      ; Inapplicable ; Inapplicable ;
; HEX7[1]             ; Pass         ; Inapplicable ; Pass         ; Inapplicable ; Inapplicable ; Pass      ; Pass         ; Inapplicable ; Pass      ; Pass      ; Inapplicable ; Inapplicable ; Inapplicable ; Inapplicable ; Inapplicable ; Inapplicable ; Inapplicable ; Inapplicable ; Inapplicable ; Inapplicable ; Inapplicable ; Inapplicable ; Inapplicable ; Inapplicable ; Inapplicable ; Inapplicable ; Inapplicable ; Pass      ; Inapplicable ; Inapplicable ;
; HEX7[2]             ; Pass         ; Inapplicable ; Pass         ; Inapplicable ; Inapplicable ; Pass      ; Pass         ; Inapplicable ; Pass      ; Pass      ; Inapplicable ; Inapplicable ; Inapplicable ; Inapplicable ; Inapplicable ; Inapplicable ; Inapplicable ; Inapplicable ; Inapplicable ; Inapplicable ; Inapplicable ; Inapplicable ; Inapplicable ; Inapplicable ; Inapplicable ; Inapplicable ; Inapplicable ; Pass      ; Inapplicable ; Inapplicable ;
; HEX7[3]             ; Pass         ; Inapplicable ; Pass         ; Inapplicable ; Inapplicable ; Pass      ; Pass         ; Inapplicable ; Pass      ; Pass      ; Inapplicable ; Inapplicable ; Inapplicable ; Inapplicable ; Inapplicable ; Inapplicable ; Inapplicable ; Inapplicable ; Inapplicable ; Inapplicable ; Inapplicable ; Inapplicable ; Inapplicable ; Inapplicable ; Inapplicable ; Inapplicable ; Inapplicable ; Pass      ; Inapplicable ; Inapplicable ;
; HEX7[4]             ; Pass         ; Inapplicable ; Pass         ; Inapplicable ; Inapplicable ; Pass      ; Pass         ; Inapplicable ; Pass      ; Pass      ; Inapplicable ; Inapplicable ; Inapplicable ; Inapplicable ; Inapplicable ; Inapplicable ; Inapplicable ; Inapplicable ; Inapplicable ; Inapplicable ; Inapplicable ; Inapplicable ; Inapplicable ; Inapplicable ; Inapplicable ; Inapplicable ; Inapplicable ; Pass      ; Inapplicable ; Inapplicable ;
; HEX7[5]             ; Pass         ; Inapplicable ; Pass         ; Inapplicable ; Inapplicable ; Pass      ; Pass         ; Inapplicable ; Pass      ; Pass      ; Inapplicable ; Inapplicable ; Inapplicable ; Inapplicable ; Inapplicable ; Inapplicable ; Inapplicable ; Inapplicable ; Inapplicable ; Inapplicable ; Inapplicable ; Inapplicable ; Inapplicable ; Inapplicable ; Inapplicable ; Inapplicable ; Inapplicable ; Pass      ; Inapplicable ; Inapplicable ;
; HEX7[6]             ; Pass         ; Inapplicable ; Pass         ; Inapplicable ; Inapplicable ; Pass      ; Pass         ; Inapplicable ; Pass      ; Pass      ; Inapplicable ; Inapplicable ; Inapplicable ; Inapplicable ; Inapplicable ; Inapplicable ; Inapplicable ; Inapplicable ; Inapplicable ; Inapplicable ; Inapplicable ; Inapplicable ; Inapplicable ; Inapplicable ; Inapplicable ; Inapplicable ; Inapplicable ; Pass      ; Inapplicable ; Inapplicable ;
; VGA_BLANK_N         ; Pass         ; Inapplicable ; Pass         ; Inapplicable ; Inapplicable ; Pass      ; Pass         ; Inapplicable ; Pass      ; Pass      ; Inapplicable ; Inapplicable ; Inapplicable ; Inapplicable ; Inapplicable ; Inapplicable ; Inapplicable ; Inapplicable ; Inapplicable ; Inapplicable ; Inapplicable ; Inapplicable ; Inapplicable ; Inapplicable ; Inapplicable ; Inapplicable ; Inapplicable ; Pass      ; Inapplicable ; Inapplicable ;
; VGA_B[0]            ; Pass         ; Inapplicable ; Pass         ; Inapplicable ; Inapplicable ; Pass      ; Pass         ; Inapplicable ; Pass      ; Pass      ; Inapplicable ; Inapplicable ; Inapplicable ; Inapplicable ; Inapplicable ; Inapplicable ; Inapplicable ; Inapplicable ; Inapplicable ; Inapplicable ; Inapplicable ; Inapplicable ; Inapplicable ; Inapplicable ; Inapplicable ; Inapplicable ; Inapplicable ; Pass      ; Inapplicable ; Inapplicable ;
; VGA_B[1]            ; Pass         ; Inapplicable ; Pass         ; Inapplicable ; Inapplicable ; Pass      ; Pass         ; Inapplicable ; Pass      ; Pass      ; Inapplicable ; Inapplicable ; Inapplicable ; Inapplicable ; Inapplicable ; Inapplicable ; Inapplicable ; Inapplicable ; Inapplicable ; Inapplicable ; Inapplicable ; Inapplicable ; Inapplicable ; Inapplicable ; Inapplicable ; Inapplicable ; Inapplicable ; Pass      ; Inapplicable ; Inapplicable ;
; VGA_B[2]            ; Pass         ; Inapplicable ; Pass         ; Inapplicable ; Inapplicable ; Pass      ; Pass         ; Inapplicable ; Pass      ; Pass      ; Inapplicable ; Inapplicable ; Inapplicable ; Inapplicable ; Inapplicable ; Inapplicable ; Inapplicable ; Inapplicable ; Inapplicable ; Inapplicable ; Inapplicable ; Inapplicable ; Inapplicable ; Inapplicable ; Inapplicable ; Inapplicable ; Inapplicable ; Pass      ; Inapplicable ; Inapplicable ;
; VGA_B[3]            ; Pass         ; Inapplicable ; Pass         ; Inapplicable ; Inapplicable ; Pass      ; Pass         ; Inapplicable ; Pass      ; Pass      ; Inapplicable ; Inapplicable ; Inapplicable ; Inapplicable ; Inapplicable ; Inapplicable ; Inapplicable ; Inapplicable ; Inapplicable ; Inapplicable ; Inapplicable ; Inapplicable ; Inapplicable ; Inapplicable ; Inapplicable ; Inapplicable ; Inapplicable ; Pass      ; Inapplicable ; Inapplicable ;
; VGA_B[4]            ; Pass         ; Inapplicable ; Pass         ; Inapplicable ; Inapplicable ; Pass      ; Pass         ; Inapplicable ; Pass      ; Pass      ; Inapplicable ; Inapplicable ; Inapplicable ; Inapplicable ; Inapplicable ; Inapplicable ; Inapplicable ; Inapplicable ; Inapplicable ; Inapplicable ; Inapplicable ; Inapplicable ; Inapplicable ; Inapplicable ; Inapplicable ; Inapplicable ; Inapplicable ; Pass      ; Inapplicable ; Inapplicable ;
; VGA_B[5]            ; Pass         ; Inapplicable ; Pass         ; Inapplicable ; Inapplicable ; Pass      ; Pass         ; Inapplicable ; Pass      ; Pass      ; Inapplicable ; Inapplicable ; Inapplicable ; Inapplicable ; Inapplicable ; Inapplicable ; Inapplicable ; Inapplicable ; Inapplicable ; Inapplicable ; Inapplicable ; Inapplicable ; Inapplicable ; Inapplicable ; Inapplicable ; Inapplicable ; Inapplicable ; Pass      ; Inapplicable ; Inapplicable ;
; VGA_B[6]            ; Pass         ; Inapplicable ; Pass         ; Inapplicable ; Inapplicable ; Pass      ; Pass         ; Inapplicable ; Pass      ; Pass      ; Inapplicable ; Inapplicable ; Inapplicable ; Inapplicable ; Inapplicable ; Inapplicable ; Inapplicable ; Inapplicable ; Inapplicable ; Inapplicable ; Inapplicable ; Inapplicable ; Inapplicable ; Inapplicable ; Inapplicable ; Inapplicable ; Inapplicable ; Pass      ; Inapplicable ; Inapplicable ;
; VGA_B[7]            ; Pass         ; Inapplicable ; Pass         ; Inapplicable ; Inapplicable ; Pass      ; Pass         ; Inapplicable ; Pass      ; Pass      ; Inapplicable ; Inapplicable ; Inapplicable ; Inapplicable ; Inapplicable ; Inapplicable ; Inapplicable ; Inapplicable ; Inapplicable ; Inapplicable ; Inapplicable ; Inapplicable ; Inapplicable ; Inapplicable ; Inapplicable ; Inapplicable ; Inapplicable ; Pass      ; Inapplicable ; Inapplicable ;
; VGA_CLK             ; Pass         ; Inapplicable ; Pass         ; Inapplicable ; Inapplicable ; Pass      ; Pass         ; Inapplicable ; Pass      ; Pass      ; Inapplicable ; Inapplicable ; Inapplicable ; Inapplicable ; Inapplicable ; Inapplicable ; Inapplicable ; Inapplicable ; Inapplicable ; Inapplicable ; Inapplicable ; Inapplicable ; Inapplicable ; Inapplicable ; Inapplicable ; Inapplicable ; Inapplicable ; Pass      ; Inapplicable ; Inapplicable ;
; VGA_G[0]            ; Pass         ; Inapplicable ; Pass         ; Inapplicable ; Inapplicable ; Pass      ; Pass         ; Inapplicable ; Pass      ; Pass      ; Inapplicable ; Inapplicable ; Inapplicable ; Inapplicable ; Inapplicable ; Inapplicable ; Inapplicable ; Inapplicable ; Inapplicable ; Inapplicable ; Inapplicable ; Inapplicable ; Inapplicable ; Inapplicable ; Inapplicable ; Inapplicable ; Inapplicable ; Pass      ; Inapplicable ; Inapplicable ;
; VGA_G[1]            ; Pass         ; Inapplicable ; Pass         ; Inapplicable ; Inapplicable ; Pass      ; Pass         ; Inapplicable ; Pass      ; Pass      ; Inapplicable ; Inapplicable ; Inapplicable ; Inapplicable ; Inapplicable ; Inapplicable ; Inapplicable ; Inapplicable ; Inapplicable ; Inapplicable ; Inapplicable ; Inapplicable ; Inapplicable ; Inapplicable ; Inapplicable ; Inapplicable ; Inapplicable ; Pass      ; Inapplicable ; Inapplicable ;
; VGA_G[2]            ; Pass         ; Inapplicable ; Pass         ; Inapplicable ; Inapplicable ; Pass      ; Pass         ; Inapplicable ; Pass      ; Pass      ; Inapplicable ; Inapplicable ; Inapplicable ; Inapplicable ; Inapplicable ; Inapplicable ; Inapplicable ; Inapplicable ; Inapplicable ; Inapplicable ; Inapplicable ; Inapplicable ; Inapplicable ; Inapplicable ; Inapplicable ; Inapplicable ; Inapplicable ; Pass      ; Inapplicable ; Inapplicable ;
; VGA_G[3]            ; Pass         ; Inapplicable ; Pass         ; Inapplicable ; Inapplicable ; Pass      ; Pass         ; Inapplicable ; Pass      ; Pass      ; Inapplicable ; Inapplicable ; Inapplicable ; Inapplicable ; Inapplicable ; Inapplicable ; Inapplicable ; Inapplicable ; Inapplicable ; Inapplicable ; Inapplicable ; Inapplicable ; Inapplicable ; Inapplicable ; Inapplicable ; Inapplicable ; Inapplicable ; Pass      ; Inapplicable ; Inapplicable ;
; VGA_G[4]            ; Pass         ; Inapplicable ; Pass         ; Inapplicable ; Inapplicable ; Pass      ; Pass         ; Inapplicable ; Pass      ; Pass      ; Inapplicable ; Inapplicable ; Inapplicable ; Inapplicable ; Inapplicable ; Inapplicable ; Inapplicable ; Inapplicable ; Inapplicable ; Inapplicable ; Inapplicable ; Inapplicable ; Inapplicable ; Inapplicable ; Inapplicable ; Inapplicable ; Inapplicable ; Pass      ; Inapplicable ; Inapplicable ;
; VGA_G[5]            ; Pass         ; Inapplicable ; Pass         ; Inapplicable ; Inapplicable ; Pass      ; Pass         ; Inapplicable ; Pass      ; Pass      ; Inapplicable ; Inapplicable ; Inapplicable ; Inapplicable ; Inapplicable ; Inapplicable ; Inapplicable ; Inapplicable ; Inapplicable ; Inapplicable ; Inapplicable ; Inapplicable ; Inapplicable ; Inapplicable ; Inapplicable ; Inapplicable ; Inapplicable ; Pass      ; Inapplicable ; Inapplicable ;
; VGA_G[6]            ; Pass         ; Inapplicable ; Pass         ; Inapplicable ; Inapplicable ; Pass      ; Pass         ; Inapplicable ; Pass      ; Pass      ; Inapplicable ; Inapplicable ; Inapplicable ; Inapplicable ; Inapplicable ; Inapplicable ; Inapplicable ; Inapplicable ; Inapplicable ; Inapplicable ; Inapplicable ; Inapplicable ; Inapplicable ; Inapplicable ; Inapplicable ; Inapplicable ; Inapplicable ; Pass      ; Inapplicable ; Inapplicable ;
; VGA_G[7]            ; Pass         ; Inapplicable ; Pass         ; Inapplicable ; Inapplicable ; Pass      ; Pass         ; Inapplicable ; Pass      ; Pass      ; Inapplicable ; Inapplicable ; Inapplicable ; Inapplicable ; Inapplicable ; Inapplicable ; Inapplicable ; Inapplicable ; Inapplicable ; Inapplicable ; Inapplicable ; Inapplicable ; Inapplicable ; Inapplicable ; Inapplicable ; Inapplicable ; Inapplicable ; Pass      ; Inapplicable ; Inapplicable ;
; VGA_HS              ; Pass         ; Inapplicable ; Pass         ; Inapplicable ; Inapplicable ; Pass      ; Pass         ; Inapplicable ; Pass      ; Pass      ; Inapplicable ; Inapplicable ; Inapplicable ; Inapplicable ; Inapplicable ; Inapplicable ; Inapplicable ; Inapplicable ; Inapplicable ; Inapplicable ; Inapplicable ; Inapplicable ; Inapplicable ; Inapplicable ; Inapplicable ; Inapplicable ; Inapplicable ; Pass      ; Inapplicable ; Inapplicable ;
; VGA_R[0]            ; Pass         ; Inapplicable ; Pass         ; Inapplicable ; Inapplicable ; Pass      ; Pass         ; Inapplicable ; Pass      ; Pass      ; Inapplicable ; Inapplicable ; Inapplicable ; Inapplicable ; Inapplicable ; Inapplicable ; Inapplicable ; Inapplicable ; Inapplicable ; Inapplicable ; Inapplicable ; Inapplicable ; Inapplicable ; Inapplicable ; Inapplicable ; Inapplicable ; Inapplicable ; Pass      ; Inapplicable ; Inapplicable ;
; VGA_R[1]            ; Pass         ; Inapplicable ; Pass         ; Inapplicable ; Inapplicable ; Pass      ; Pass         ; Inapplicable ; Pass      ; Pass      ; Inapplicable ; Inapplicable ; Inapplicable ; Inapplicable ; Inapplicable ; Inapplicable ; Inapplicable ; Inapplicable ; Inapplicable ; Inapplicable ; Inapplicable ; Inapplicable ; Inapplicable ; Inapplicable ; Inapplicable ; Inapplicable ; Inapplicable ; Pass      ; Inapplicable ; Inapplicable ;
; VGA_R[2]            ; Pass         ; Inapplicable ; Pass         ; Inapplicable ; Inapplicable ; Pass      ; Pass         ; Inapplicable ; Pass      ; Pass      ; Inapplicable ; Inapplicable ; Inapplicable ; Inapplicable ; Inapplicable ; Inapplicable ; Inapplicable ; Inapplicable ; Inapplicable ; Inapplicable ; Inapplicable ; Inapplicable ; Inapplicable ; Inapplicable ; Inapplicable ; Inapplicable ; Inapplicable ; Pass      ; Inapplicable ; Inapplicable ;
; VGA_R[3]            ; Pass         ; Inapplicable ; Pass         ; Inapplicable ; Inapplicable ; Pass      ; Pass         ; Inapplicable ; Pass      ; Pass      ; Inapplicable ; Inapplicable ; Inapplicable ; Inapplicable ; Inapplicable ; Inapplicable ; Inapplicable ; Inapplicable ; Inapplicable ; Inapplicable ; Inapplicable ; Inapplicable ; Inapplicable ; Inapplicable ; Inapplicable ; Inapplicable ; Inapplicable ; Pass      ; Inapplicable ; Inapplicable ;
; VGA_R[4]            ; Pass         ; Inapplicable ; Pass         ; Inapplicable ; Inapplicable ; Pass      ; Pass         ; Inapplicable ; Pass      ; Pass      ; Inapplicable ; Inapplicable ; Inapplicable ; Inapplicable ; Inapplicable ; Inapplicable ; Inapplicable ; Inapplicable ; Inapplicable ; Inapplicable ; Inapplicable ; Inapplicable ; Inapplicable ; Inapplicable ; Inapplicable ; Inapplicable ; Inapplicable ; Pass      ; Inapplicable ; Inapplicable ;
; VGA_R[5]            ; Pass         ; Inapplicable ; Pass         ; Inapplicable ; Inapplicable ; Pass      ; Pass         ; Inapplicable ; Pass      ; Pass      ; Inapplicable ; Inapplicable ; Inapplicable ; Inapplicable ; Inapplicable ; Inapplicable ; Inapplicable ; Inapplicable ; Inapplicable ; Inapplicable ; Inapplicable ; Inapplicable ; Inapplicable ; Inapplicable ; Inapplicable ; Inapplicable ; Inapplicable ; Pass      ; Inapplicable ; Inapplicable ;
; VGA_R[6]            ; Pass         ; Inapplicable ; Pass         ; Inapplicable ; Inapplicable ; Pass      ; Pass         ; Inapplicable ; Pass      ; Pass      ; Inapplicable ; Inapplicable ; Inapplicable ; Inapplicable ; Inapplicable ; Inapplicable ; Inapplicable ; Inapplicable ; Inapplicable ; Inapplicable ; Inapplicable ; Inapplicable ; Inapplicable ; Inapplicable ; Inapplicable ; Inapplicable ; Inapplicable ; Pass      ; Inapplicable ; Inapplicable ;
; VGA_R[7]            ; Pass         ; Inapplicable ; Pass         ; Inapplicable ; Inapplicable ; Pass      ; Pass         ; Inapplicable ; Pass      ; Pass      ; Inapplicable ; Inapplicable ; Inapplicable ; Inapplicable ; Inapplicable ; Inapplicable ; Inapplicable ; Inapplicable ; Inapplicable ; Inapplicable ; Inapplicable ; Inapplicable ; Inapplicable ; Inapplicable ; Inapplicable ; Inapplicable ; Inapplicable ; Pass      ; Inapplicable ; Inapplicable ;
; VGA_SYNC_N          ; Pass         ; Inapplicable ; Pass         ; Inapplicable ; Inapplicable ; Pass      ; Pass         ; Inapplicable ; Pass      ; Pass      ; Inapplicable ; Inapplicable ; Inapplicable ; Inapplicable ; Inapplicable ; Inapplicable ; Inapplicable ; Inapplicable ; Inapplicable ; Inapplicable ; Inapplicable ; Inapplicable ; Inapplicable ; Inapplicable ; Inapplicable ; Inapplicable ; Inapplicable ; Pass      ; Inapplicable ; Inapplicable ;
; VGA_VS              ; Pass         ; Inapplicable ; Pass         ; Inapplicable ; Inapplicable ; Pass      ; Pass         ; Inapplicable ; Pass      ; Pass      ; Inapplicable ; Inapplicable ; Inapplicable ; Inapplicable ; Inapplicable ; Inapplicable ; Inapplicable ; Inapplicable ; Inapplicable ; Inapplicable ; Inapplicable ; Inapplicable ; Inapplicable ; Inapplicable ; Inapplicable ; Inapplicable ; Inapplicable ; Pass      ; Inapplicable ; Inapplicable ;
; DRAM_ADDR[0]        ; Pass         ; Inapplicable ; Pass         ; Inapplicable ; Inapplicable ; Pass      ; Pass         ; Inapplicable ; Pass      ; Pass      ; Inapplicable ; Inapplicable ; Inapplicable ; Inapplicable ; Inapplicable ; Inapplicable ; Inapplicable ; Inapplicable ; Inapplicable ; Inapplicable ; Inapplicable ; Inapplicable ; Inapplicable ; Inapplicable ; Inapplicable ; Inapplicable ; Inapplicable ; Pass      ; Inapplicable ; Inapplicable ;
; DRAM_ADDR[1]        ; Pass         ; Inapplicable ; Pass         ; Inapplicable ; Inapplicable ; Pass      ; Pass         ; Inapplicable ; Pass      ; Pass      ; Inapplicable ; Inapplicable ; Inapplicable ; Inapplicable ; Inapplicable ; Inapplicable ; Inapplicable ; Inapplicable ; Inapplicable ; Inapplicable ; Inapplicable ; Inapplicable ; Inapplicable ; Inapplicable ; Inapplicable ; Inapplicable ; Inapplicable ; Pass      ; Inapplicable ; Inapplicable ;
; DRAM_ADDR[2]        ; Pass         ; Inapplicable ; Pass         ; Inapplicable ; Inapplicable ; Pass      ; Pass         ; Inapplicable ; Pass      ; Pass      ; Inapplicable ; Inapplicable ; Inapplicable ; Inapplicable ; Inapplicable ; Inapplicable ; Inapplicable ; Inapplicable ; Inapplicable ; Inapplicable ; Inapplicable ; Inapplicable ; Inapplicable ; Inapplicable ; Inapplicable ; Inapplicable ; Inapplicable ; Pass      ; Inapplicable ; Inapplicable ;
; DRAM_ADDR[3]        ; Pass         ; Inapplicable ; Pass         ; Inapplicable ; Inapplicable ; Pass      ; Pass         ; Inapplicable ; Pass      ; Pass      ; Inapplicable ; Inapplicable ; Inapplicable ; Inapplicable ; Inapplicable ; Inapplicable ; Inapplicable ; Inapplicable ; Inapplicable ; Inapplicable ; Inapplicable ; Inapplicable ; Inapplicable ; Inapplicable ; Inapplicable ; Inapplicable ; Inapplicable ; Pass      ; Inapplicable ; Inapplicable ;
; DRAM_ADDR[4]        ; Pass         ; Inapplicable ; Pass         ; Inapplicable ; Inapplicable ; Pass      ; Pass         ; Inapplicable ; Pass      ; Pass      ; Inapplicable ; Inapplicable ; Inapplicable ; Inapplicable ; Inapplicable ; Inapplicable ; Inapplicable ; Inapplicable ; Inapplicable ; Inapplicable ; Inapplicable ; Inapplicable ; Inapplicable ; Inapplicable ; Inapplicable ; Inapplicable ; Inapplicable ; Pass      ; Inapplicable ; Inapplicable ;
; DRAM_ADDR[5]        ; Pass         ; Inapplicable ; Pass         ; Inapplicable ; Inapplicable ; Pass      ; Pass         ; Inapplicable ; Pass      ; Pass      ; Inapplicable ; Inapplicable ; Inapplicable ; Inapplicable ; Inapplicable ; Inapplicable ; Inapplicable ; Inapplicable ; Inapplicable ; Inapplicable ; Inapplicable ; Inapplicable ; Inapplicable ; Inapplicable ; Inapplicable ; Inapplicable ; Inapplicable ; Pass      ; Inapplicable ; Inapplicable ;
; DRAM_ADDR[6]        ; Pass         ; Inapplicable ; Pass         ; Inapplicable ; Inapplicable ; Pass      ; Pass         ; Inapplicable ; Pass      ; Pass      ; Inapplicable ; Inapplicable ; Inapplicable ; Inapplicable ; Inapplicable ; Inapplicable ; Inapplicable ; Inapplicable ; Inapplicable ; Inapplicable ; Inapplicable ; Inapplicable ; Inapplicable ; Inapplicable ; Inapplicable ; Inapplicable ; Inapplicable ; Pass      ; Inapplicable ; Inapplicable ;
; DRAM_ADDR[7]        ; Pass         ; Inapplicable ; Pass         ; Inapplicable ; Inapplicable ; Pass      ; Pass         ; Inapplicable ; Pass      ; Pass      ; Inapplicable ; Inapplicable ; Inapplicable ; Inapplicable ; Inapplicable ; Inapplicable ; Inapplicable ; Inapplicable ; Inapplicable ; Inapplicable ; Inapplicable ; Inapplicable ; Inapplicable ; Inapplicable ; Inapplicable ; Inapplicable ; Inapplicable ; Pass      ; Inapplicable ; Inapplicable ;
; DRAM_ADDR[8]        ; Pass         ; Inapplicable ; Pass         ; Inapplicable ; Inapplicable ; Pass      ; Pass         ; Inapplicable ; Pass      ; Pass      ; Inapplicable ; Inapplicable ; Inapplicable ; Inapplicable ; Inapplicable ; Inapplicable ; Inapplicable ; Inapplicable ; Inapplicable ; Inapplicable ; Inapplicable ; Inapplicable ; Inapplicable ; Inapplicable ; Inapplicable ; Inapplicable ; Inapplicable ; Pass      ; Inapplicable ; Inapplicable ;
; DRAM_ADDR[9]        ; Pass         ; Inapplicable ; Pass         ; Inapplicable ; Inapplicable ; Pass      ; Pass         ; Inapplicable ; Pass      ; Pass      ; Inapplicable ; Inapplicable ; Inapplicable ; Inapplicable ; Inapplicable ; Inapplicable ; Inapplicable ; Inapplicable ; Inapplicable ; Inapplicable ; Inapplicable ; Inapplicable ; Inapplicable ; Inapplicable ; Inapplicable ; Inapplicable ; Inapplicable ; Pass      ; Inapplicable ; Inapplicable ;
; DRAM_ADDR[10]       ; Pass         ; Inapplicable ; Pass         ; Inapplicable ; Inapplicable ; Pass      ; Pass         ; Inapplicable ; Pass      ; Pass      ; Inapplicable ; Inapplicable ; Inapplicable ; Inapplicable ; Inapplicable ; Inapplicable ; Inapplicable ; Inapplicable ; Inapplicable ; Inapplicable ; Inapplicable ; Inapplicable ; Inapplicable ; Inapplicable ; Inapplicable ; Inapplicable ; Inapplicable ; Pass      ; Inapplicable ; Inapplicable ;
; DRAM_ADDR[11]       ; Pass         ; Inapplicable ; Pass         ; Inapplicable ; Inapplicable ; Pass      ; Pass         ; Inapplicable ; Pass      ; Pass      ; Inapplicable ; Inapplicable ; Inapplicable ; Inapplicable ; Inapplicable ; Inapplicable ; Inapplicable ; Inapplicable ; Inapplicable ; Inapplicable ; Inapplicable ; Inapplicable ; Inapplicable ; Inapplicable ; Inapplicable ; Inapplicable ; Inapplicable ; Pass      ; Inapplicable ; Inapplicable ;
; DRAM_ADDR[12]       ; Pass         ; Inapplicable ; Pass         ; Inapplicable ; Inapplicable ; Pass      ; Pass         ; Inapplicable ; Pass      ; Pass      ; Inapplicable ; Inapplicable ; Inapplicable ; Inapplicable ; Inapplicable ; Inapplicable ; Inapplicable ; Inapplicable ; Inapplicable ; Inapplicable ; Inapplicable ; Inapplicable ; Inapplicable ; Inapplicable ; Inapplicable ; Inapplicable ; Inapplicable ; Pass      ; Inapplicable ; Inapplicable ;
; DRAM_BA[0]          ; Pass         ; Inapplicable ; Pass         ; Inapplicable ; Inapplicable ; Pass      ; Pass         ; Inapplicable ; Pass      ; Pass      ; Inapplicable ; Inapplicable ; Inapplicable ; Inapplicable ; Inapplicable ; Inapplicable ; Inapplicable ; Inapplicable ; Inapplicable ; Inapplicable ; Inapplicable ; Inapplicable ; Inapplicable ; Inapplicable ; Inapplicable ; Inapplicable ; Inapplicable ; Pass      ; Inapplicable ; Inapplicable ;
; DRAM_BA[1]          ; Pass         ; Inapplicable ; Pass         ; Inapplicable ; Inapplicable ; Pass      ; Pass         ; Inapplicable ; Pass      ; Pass      ; Inapplicable ; Inapplicable ; Inapplicable ; Inapplicable ; Inapplicable ; Inapplicable ; Inapplicable ; Inapplicable ; Inapplicable ; Inapplicable ; Inapplicable ; Inapplicable ; Inapplicable ; Inapplicable ; Inapplicable ; Inapplicable ; Inapplicable ; Pass      ; Inapplicable ; Inapplicable ;
; DRAM_CAS_N          ; Pass         ; Inapplicable ; Pass         ; Inapplicable ; Inapplicable ; Pass      ; Pass         ; Inapplicable ; Pass      ; Pass      ; Inapplicable ; Inapplicable ; Inapplicable ; Inapplicable ; Inapplicable ; Inapplicable ; Inapplicable ; Inapplicable ; Inapplicable ; Inapplicable ; Inapplicable ; Inapplicable ; Inapplicable ; Inapplicable ; Inapplicable ; Inapplicable ; Inapplicable ; Pass      ; Inapplicable ; Inapplicable ;
; DRAM_CKE            ; Pass         ; Inapplicable ; Pass         ; Inapplicable ; Inapplicable ; Pass      ; Pass         ; Inapplicable ; Pass      ; Pass      ; Inapplicable ; Inapplicable ; Inapplicable ; Inapplicable ; Inapplicable ; Inapplicable ; Inapplicable ; Inapplicable ; Inapplicable ; Inapplicable ; Inapplicable ; Inapplicable ; Inapplicable ; Inapplicable ; Inapplicable ; Inapplicable ; Inapplicable ; Pass      ; Inapplicable ; Inapplicable ;
; DRAM_CLK            ; Pass         ; Inapplicable ; Pass         ; Inapplicable ; Inapplicable ; Pass      ; Pass         ; Inapplicable ; Pass      ; Pass      ; Inapplicable ; Inapplicable ; Inapplicable ; Inapplicable ; Inapplicable ; Inapplicable ; Inapplicable ; Inapplicable ; Inapplicable ; Inapplicable ; Inapplicable ; Inapplicable ; Inapplicable ; Inapplicable ; Inapplicable ; Inapplicable ; Inapplicable ; Pass      ; Inapplicable ; Inapplicable ;
; DRAM_CS_N           ; Pass         ; Inapplicable ; Pass         ; Inapplicable ; Inapplicable ; Pass      ; Pass         ; Inapplicable ; Pass      ; Pass      ; Inapplicable ; Inapplicable ; Inapplicable ; Inapplicable ; Inapplicable ; Inapplicable ; Inapplicable ; Inapplicable ; Inapplicable ; Inapplicable ; Inapplicable ; Inapplicable ; Inapplicable ; Inapplicable ; Inapplicable ; Inapplicable ; Inapplicable ; Pass      ; Inapplicable ; Inapplicable ;
; DRAM_DQM[0]         ; Pass         ; Inapplicable ; Pass         ; Inapplicable ; Inapplicable ; Pass      ; Pass         ; Inapplicable ; Pass      ; Pass      ; Inapplicable ; Inapplicable ; Inapplicable ; Inapplicable ; Inapplicable ; Inapplicable ; Inapplicable ; Inapplicable ; Inapplicable ; Inapplicable ; Inapplicable ; Inapplicable ; Inapplicable ; Inapplicable ; Inapplicable ; Inapplicable ; Inapplicable ; Pass      ; Inapplicable ; Inapplicable ;
; DRAM_DQM[1]         ; Pass         ; Inapplicable ; Pass         ; Inapplicable ; Inapplicable ; Pass      ; Pass         ; Inapplicable ; Pass      ; Pass      ; Inapplicable ; Inapplicable ; Inapplicable ; Inapplicable ; Inapplicable ; Inapplicable ; Inapplicable ; Inapplicable ; Inapplicable ; Inapplicable ; Inapplicable ; Inapplicable ; Inapplicable ; Inapplicable ; Inapplicable ; Inapplicable ; Inapplicable ; Pass      ; Inapplicable ; Inapplicable ;
; DRAM_DQM[2]         ; Pass         ; Inapplicable ; Pass         ; Inapplicable ; Inapplicable ; Pass      ; Pass         ; Inapplicable ; Pass      ; Pass      ; Inapplicable ; Inapplicable ; Inapplicable ; Inapplicable ; Inapplicable ; Inapplicable ; Inapplicable ; Inapplicable ; Inapplicable ; Inapplicable ; Inapplicable ; Inapplicable ; Inapplicable ; Inapplicable ; Inapplicable ; Inapplicable ; Inapplicable ; Pass      ; Inapplicable ; Inapplicable ;
; DRAM_DQM[3]         ; Pass         ; Inapplicable ; Pass         ; Inapplicable ; Inapplicable ; Pass      ; Pass         ; Inapplicable ; Pass      ; Pass      ; Inapplicable ; Inapplicable ; Inapplicable ; Inapplicable ; Inapplicable ; Inapplicable ; Inapplicable ; Inapplicable ; Inapplicable ; Inapplicable ; Inapplicable ; Inapplicable ; Inapplicable ; Inapplicable ; Inapplicable ; Inapplicable ; Inapplicable ; Pass      ; Inapplicable ; Inapplicable ;
; DRAM_RAS_N          ; Pass         ; Inapplicable ; Pass         ; Inapplicable ; Inapplicable ; Pass      ; Pass         ; Inapplicable ; Pass      ; Pass      ; Inapplicable ; Inapplicable ; Inapplicable ; Inapplicable ; Inapplicable ; Inapplicable ; Inapplicable ; Inapplicable ; Inapplicable ; Inapplicable ; Inapplicable ; Inapplicable ; Inapplicable ; Inapplicable ; Inapplicable ; Inapplicable ; Inapplicable ; Pass      ; Inapplicable ; Inapplicable ;
; DRAM_WE_N           ; Pass         ; Inapplicable ; Pass         ; Inapplicable ; Inapplicable ; Pass      ; Pass         ; Inapplicable ; Pass      ; Pass      ; Inapplicable ; Inapplicable ; Inapplicable ; Inapplicable ; Inapplicable ; Inapplicable ; Inapplicable ; Inapplicable ; Inapplicable ; Inapplicable ; Inapplicable ; Inapplicable ; Inapplicable ; Inapplicable ; Inapplicable ; Inapplicable ; Inapplicable ; Pass      ; Inapplicable ; Inapplicable ;
; cmos_pwdn           ; Pass         ; Inapplicable ; Pass         ; Inapplicable ; Inapplicable ; Pass      ; Pass         ; Inapplicable ; Pass      ; Pass      ; Inapplicable ; Inapplicable ; Inapplicable ; Inapplicable ; Inapplicable ; Inapplicable ; Inapplicable ; Inapplicable ; Inapplicable ; Inapplicable ; Inapplicable ; Inapplicable ; Inapplicable ; Inapplicable ; Inapplicable ; Inapplicable ; Inapplicable ; Pass      ; Inapplicable ; Inapplicable ;
; cmos_rst_n          ; Pass         ; Inapplicable ; Pass         ; Inapplicable ; Inapplicable ; Pass      ; Pass         ; Inapplicable ; Pass      ; Pass      ; Inapplicable ; Inapplicable ; Inapplicable ; Inapplicable ; Inapplicable ; Inapplicable ; Inapplicable ; Inapplicable ; Inapplicable ; Inapplicable ; Inapplicable ; Inapplicable ; Inapplicable ; Inapplicable ; Inapplicable ; Inapplicable ; Inapplicable ; Pass      ; Inapplicable ; Inapplicable ;
; cmos_xclk           ; Pass         ; Inapplicable ; Pass         ; Inapplicable ; Inapplicable ; Pass      ; Pass         ; Inapplicable ; Pass      ; Pass      ; Inapplicable ; Inapplicable ; Inapplicable ; Inapplicable ; Inapplicable ; Inapplicable ; Inapplicable ; Inapplicable ; Inapplicable ; Inapplicable ; Inapplicable ; Inapplicable ; Inapplicable ; Inapplicable ; Inapplicable ; Inapplicable ; Inapplicable ; Pass      ; Inapplicable ; Inapplicable ;
; EX_IO[0]            ; Inapplicable ; Inapplicable ; Inapplicable ; Inapplicable ; Inapplicable ; Pass      ; Inapplicable ; Inapplicable ; Pass      ; Pass      ; Inapplicable ; Inapplicable ; Inapplicable ; Inapplicable ; Inapplicable ; Inapplicable ; Inapplicable ; Inapplicable ; Inapplicable ; Inapplicable ; Inapplicable ; Inapplicable ; Inapplicable ; Inapplicable ; Inapplicable ; Inapplicable ; Inapplicable ; Pass      ; Inapplicable ; Inapplicable ;
; EX_IO[1]            ; Inapplicable ; Inapplicable ; Inapplicable ; Inapplicable ; Inapplicable ; Pass      ; Inapplicable ; Inapplicable ; Pass      ; Pass      ; Inapplicable ; Inapplicable ; Inapplicable ; Inapplicable ; Inapplicable ; Inapplicable ; Inapplicable ; Inapplicable ; Inapplicable ; Inapplicable ; Inapplicable ; Inapplicable ; Inapplicable ; Inapplicable ; Inapplicable ; Inapplicable ; Inapplicable ; Pass      ; Inapplicable ; Inapplicable ;
; EX_IO[2]            ; Inapplicable ; Inapplicable ; Inapplicable ; Inapplicable ; Inapplicable ; Pass      ; Inapplicable ; Inapplicable ; Pass      ; Pass      ; Inapplicable ; Inapplicable ; Inapplicable ; Inapplicable ; Inapplicable ; Inapplicable ; Inapplicable ; Inapplicable ; Inapplicable ; Inapplicable ; Inapplicable ; Inapplicable ; Inapplicable ; Inapplicable ; Inapplicable ; Inapplicable ; Inapplicable ; Pass      ; Inapplicable ; Inapplicable ;
; EX_IO[3]            ; Inapplicable ; Inapplicable ; Inapplicable ; Inapplicable ; Inapplicable ; Pass      ; Inapplicable ; Inapplicable ; Pass      ; Pass      ; Inapplicable ; Inapplicable ; Inapplicable ; Inapplicable ; Inapplicable ; Inapplicable ; Inapplicable ; Inapplicable ; Inapplicable ; Inapplicable ; Inapplicable ; Inapplicable ; Inapplicable ; Inapplicable ; Inapplicable ; Inapplicable ; Inapplicable ; Pass      ; Inapplicable ; Inapplicable ;
; EX_IO[4]            ; Inapplicable ; Inapplicable ; Inapplicable ; Inapplicable ; Inapplicable ; Pass      ; Inapplicable ; Inapplicable ; Pass      ; Pass      ; Inapplicable ; Inapplicable ; Inapplicable ; Inapplicable ; Inapplicable ; Inapplicable ; Inapplicable ; Inapplicable ; Inapplicable ; Inapplicable ; Inapplicable ; Inapplicable ; Inapplicable ; Inapplicable ; Inapplicable ; Inapplicable ; Inapplicable ; Pass      ; Inapplicable ; Inapplicable ;
; EX_IO[5]            ; Inapplicable ; Inapplicable ; Inapplicable ; Inapplicable ; Inapplicable ; Pass      ; Inapplicable ; Inapplicable ; Pass      ; Pass      ; Inapplicable ; Inapplicable ; Inapplicable ; Inapplicable ; Inapplicable ; Inapplicable ; Inapplicable ; Inapplicable ; Inapplicable ; Inapplicable ; Inapplicable ; Inapplicable ; Inapplicable ; Inapplicable ; Inapplicable ; Inapplicable ; Inapplicable ; Pass      ; Inapplicable ; Inapplicable ;
; EX_IO[6]            ; Inapplicable ; Inapplicable ; Inapplicable ; Inapplicable ; Inapplicable ; Pass      ; Inapplicable ; Inapplicable ; Pass      ; Pass      ; Inapplicable ; Inapplicable ; Inapplicable ; Inapplicable ; Inapplicable ; Inapplicable ; Inapplicable ; Inapplicable ; Inapplicable ; Inapplicable ; Inapplicable ; Inapplicable ; Inapplicable ; Inapplicable ; Inapplicable ; Inapplicable ; Inapplicable ; Pass      ; Inapplicable ; Inapplicable ;
; DRAM_DQ[0]          ; Pass         ; Inapplicable ; Pass         ; Inapplicable ; Inapplicable ; Pass      ; Pass         ; Inapplicable ; Pass      ; Pass      ; Inapplicable ; Inapplicable ; Inapplicable ; Inapplicable ; Pass         ; Inapplicable ; Inapplicable ; Pass         ; Inapplicable ; Inapplicable ; Inapplicable ; Inapplicable ; Inapplicable ; Inapplicable ; Inapplicable ; Inapplicable ; Inapplicable ; Pass      ; Inapplicable ; Inapplicable ;
; DRAM_DQ[1]          ; Pass         ; Inapplicable ; Pass         ; Inapplicable ; Inapplicable ; Pass      ; Pass         ; Inapplicable ; Pass      ; Pass      ; Inapplicable ; Inapplicable ; Inapplicable ; Inapplicable ; Pass         ; Inapplicable ; Inapplicable ; Pass         ; Inapplicable ; Inapplicable ; Inapplicable ; Inapplicable ; Inapplicable ; Inapplicable ; Inapplicable ; Inapplicable ; Inapplicable ; Pass      ; Inapplicable ; Inapplicable ;
; DRAM_DQ[2]          ; Pass         ; Inapplicable ; Pass         ; Inapplicable ; Inapplicable ; Pass      ; Pass         ; Inapplicable ; Pass      ; Pass      ; Inapplicable ; Inapplicable ; Inapplicable ; Inapplicable ; Pass         ; Inapplicable ; Inapplicable ; Pass         ; Inapplicable ; Inapplicable ; Inapplicable ; Inapplicable ; Inapplicable ; Inapplicable ; Inapplicable ; Inapplicable ; Inapplicable ; Pass      ; Inapplicable ; Inapplicable ;
; DRAM_DQ[3]          ; Pass         ; Inapplicable ; Pass         ; Inapplicable ; Inapplicable ; Pass      ; Pass         ; Inapplicable ; Pass      ; Pass      ; Inapplicable ; Inapplicable ; Inapplicable ; Inapplicable ; Pass         ; Inapplicable ; Inapplicable ; Pass         ; Inapplicable ; Inapplicable ; Inapplicable ; Inapplicable ; Inapplicable ; Inapplicable ; Inapplicable ; Inapplicable ; Inapplicable ; Pass      ; Inapplicable ; Inapplicable ;
; DRAM_DQ[4]          ; Pass         ; Inapplicable ; Pass         ; Inapplicable ; Inapplicable ; Pass      ; Pass         ; Inapplicable ; Pass      ; Pass      ; Inapplicable ; Inapplicable ; Inapplicable ; Inapplicable ; Pass         ; Inapplicable ; Inapplicable ; Pass         ; Inapplicable ; Inapplicable ; Inapplicable ; Inapplicable ; Inapplicable ; Inapplicable ; Inapplicable ; Inapplicable ; Inapplicable ; Pass      ; Inapplicable ; Inapplicable ;
; DRAM_DQ[5]          ; Pass         ; Inapplicable ; Pass         ; Inapplicable ; Inapplicable ; Pass      ; Pass         ; Inapplicable ; Pass      ; Pass      ; Inapplicable ; Inapplicable ; Inapplicable ; Inapplicable ; Pass         ; Inapplicable ; Inapplicable ; Pass         ; Inapplicable ; Inapplicable ; Inapplicable ; Inapplicable ; Inapplicable ; Inapplicable ; Inapplicable ; Inapplicable ; Inapplicable ; Pass      ; Inapplicable ; Inapplicable ;
; DRAM_DQ[6]          ; Pass         ; Inapplicable ; Pass         ; Inapplicable ; Inapplicable ; Pass      ; Pass         ; Inapplicable ; Pass      ; Pass      ; Inapplicable ; Inapplicable ; Inapplicable ; Inapplicable ; Pass         ; Inapplicable ; Inapplicable ; Pass         ; Inapplicable ; Inapplicable ; Inapplicable ; Inapplicable ; Inapplicable ; Inapplicable ; Inapplicable ; Inapplicable ; Inapplicable ; Pass      ; Inapplicable ; Inapplicable ;
; DRAM_DQ[7]          ; Pass         ; Inapplicable ; Pass         ; Inapplicable ; Inapplicable ; Pass      ; Pass         ; Inapplicable ; Pass      ; Pass      ; Inapplicable ; Inapplicable ; Inapplicable ; Inapplicable ; Pass         ; Inapplicable ; Inapplicable ; Pass         ; Inapplicable ; Inapplicable ; Inapplicable ; Inapplicable ; Inapplicable ; Inapplicable ; Inapplicable ; Inapplicable ; Inapplicable ; Pass      ; Inapplicable ; Inapplicable ;
; DRAM_DQ[8]          ; Pass         ; Inapplicable ; Pass         ; Inapplicable ; Inapplicable ; Pass      ; Pass         ; Inapplicable ; Pass      ; Pass      ; Inapplicable ; Inapplicable ; Inapplicable ; Inapplicable ; Pass         ; Inapplicable ; Inapplicable ; Pass         ; Inapplicable ; Inapplicable ; Inapplicable ; Inapplicable ; Inapplicable ; Inapplicable ; Inapplicable ; Inapplicable ; Inapplicable ; Pass      ; Inapplicable ; Inapplicable ;
; DRAM_DQ[9]          ; Pass         ; Inapplicable ; Pass         ; Inapplicable ; Inapplicable ; Pass      ; Pass         ; Inapplicable ; Pass      ; Pass      ; Inapplicable ; Inapplicable ; Inapplicable ; Inapplicable ; Pass         ; Inapplicable ; Inapplicable ; Pass         ; Inapplicable ; Inapplicable ; Inapplicable ; Inapplicable ; Inapplicable ; Inapplicable ; Inapplicable ; Inapplicable ; Inapplicable ; Pass      ; Inapplicable ; Inapplicable ;
; DRAM_DQ[10]         ; Pass         ; Inapplicable ; Pass         ; Inapplicable ; Inapplicable ; Pass      ; Pass         ; Inapplicable ; Pass      ; Pass      ; Inapplicable ; Inapplicable ; Inapplicable ; Inapplicable ; Pass         ; Inapplicable ; Inapplicable ; Pass         ; Inapplicable ; Inapplicable ; Inapplicable ; Inapplicable ; Inapplicable ; Inapplicable ; Inapplicable ; Inapplicable ; Inapplicable ; Pass      ; Inapplicable ; Inapplicable ;
; DRAM_DQ[11]         ; Pass         ; Inapplicable ; Pass         ; Inapplicable ; Inapplicable ; Pass      ; Pass         ; Inapplicable ; Pass      ; Pass      ; Inapplicable ; Inapplicable ; Inapplicable ; Inapplicable ; Pass         ; Inapplicable ; Inapplicable ; Pass         ; Inapplicable ; Inapplicable ; Inapplicable ; Inapplicable ; Inapplicable ; Inapplicable ; Inapplicable ; Inapplicable ; Inapplicable ; Pass      ; Inapplicable ; Inapplicable ;
; DRAM_DQ[12]         ; Pass         ; Inapplicable ; Pass         ; Inapplicable ; Inapplicable ; Pass      ; Pass         ; Inapplicable ; Pass      ; Pass      ; Inapplicable ; Inapplicable ; Inapplicable ; Inapplicable ; Pass         ; Inapplicable ; Inapplicable ; Pass         ; Inapplicable ; Inapplicable ; Inapplicable ; Inapplicable ; Inapplicable ; Inapplicable ; Inapplicable ; Inapplicable ; Inapplicable ; Pass      ; Inapplicable ; Inapplicable ;
; DRAM_DQ[13]         ; Pass         ; Inapplicable ; Pass         ; Inapplicable ; Inapplicable ; Pass      ; Pass         ; Inapplicable ; Pass      ; Pass      ; Inapplicable ; Inapplicable ; Inapplicable ; Inapplicable ; Pass         ; Inapplicable ; Inapplicable ; Pass         ; Inapplicable ; Inapplicable ; Inapplicable ; Inapplicable ; Inapplicable ; Inapplicable ; Inapplicable ; Inapplicable ; Inapplicable ; Pass      ; Inapplicable ; Inapplicable ;
; DRAM_DQ[14]         ; Pass         ; Inapplicable ; Pass         ; Inapplicable ; Inapplicable ; Pass      ; Pass         ; Inapplicable ; Pass      ; Pass      ; Inapplicable ; Inapplicable ; Inapplicable ; Inapplicable ; Pass         ; Inapplicable ; Inapplicable ; Pass         ; Inapplicable ; Inapplicable ; Inapplicable ; Inapplicable ; Inapplicable ; Inapplicable ; Inapplicable ; Inapplicable ; Inapplicable ; Pass      ; Inapplicable ; Inapplicable ;
; DRAM_DQ[15]         ; Pass         ; Inapplicable ; Pass         ; Inapplicable ; Inapplicable ; Pass      ; Pass         ; Inapplicable ; Pass      ; Pass      ; Inapplicable ; Inapplicable ; Inapplicable ; Inapplicable ; Pass         ; Inapplicable ; Inapplicable ; Pass         ; Inapplicable ; Inapplicable ; Inapplicable ; Inapplicable ; Inapplicable ; Inapplicable ; Inapplicable ; Inapplicable ; Inapplicable ; Pass      ; Inapplicable ; Inapplicable ;
; DRAM_DQ[16]         ; Pass         ; Inapplicable ; Pass         ; Inapplicable ; Inapplicable ; Pass      ; Pass         ; Inapplicable ; Pass      ; Pass      ; Inapplicable ; Inapplicable ; Inapplicable ; Inapplicable ; Pass         ; Inapplicable ; Inapplicable ; Pass         ; Inapplicable ; Inapplicable ; Inapplicable ; Inapplicable ; Inapplicable ; Inapplicable ; Inapplicable ; Inapplicable ; Inapplicable ; Pass      ; Inapplicable ; Inapplicable ;
; DRAM_DQ[17]         ; Pass         ; Inapplicable ; Pass         ; Inapplicable ; Inapplicable ; Pass      ; Pass         ; Inapplicable ; Pass      ; Pass      ; Inapplicable ; Inapplicable ; Inapplicable ; Inapplicable ; Pass         ; Inapplicable ; Inapplicable ; Pass         ; Inapplicable ; Inapplicable ; Inapplicable ; Inapplicable ; Inapplicable ; Inapplicable ; Inapplicable ; Inapplicable ; Inapplicable ; Pass      ; Inapplicable ; Inapplicable ;
; DRAM_DQ[18]         ; Pass         ; Inapplicable ; Pass         ; Inapplicable ; Inapplicable ; Pass      ; Pass         ; Inapplicable ; Pass      ; Pass      ; Inapplicable ; Inapplicable ; Inapplicable ; Inapplicable ; Pass         ; Inapplicable ; Inapplicable ; Pass         ; Inapplicable ; Inapplicable ; Inapplicable ; Inapplicable ; Inapplicable ; Inapplicable ; Inapplicable ; Inapplicable ; Inapplicable ; Pass      ; Inapplicable ; Inapplicable ;
; DRAM_DQ[19]         ; Pass         ; Inapplicable ; Pass         ; Inapplicable ; Inapplicable ; Pass      ; Pass         ; Inapplicable ; Pass      ; Pass      ; Inapplicable ; Inapplicable ; Inapplicable ; Inapplicable ; Pass         ; Inapplicable ; Inapplicable ; Pass         ; Inapplicable ; Inapplicable ; Inapplicable ; Inapplicable ; Inapplicable ; Inapplicable ; Inapplicable ; Inapplicable ; Inapplicable ; Pass      ; Inapplicable ; Inapplicable ;
; DRAM_DQ[20]         ; Pass         ; Inapplicable ; Pass         ; Inapplicable ; Inapplicable ; Pass      ; Pass         ; Inapplicable ; Pass      ; Pass      ; Inapplicable ; Inapplicable ; Inapplicable ; Inapplicable ; Pass         ; Inapplicable ; Inapplicable ; Pass         ; Inapplicable ; Inapplicable ; Inapplicable ; Inapplicable ; Inapplicable ; Inapplicable ; Inapplicable ; Inapplicable ; Inapplicable ; Pass      ; Inapplicable ; Inapplicable ;
; DRAM_DQ[21]         ; Pass         ; Inapplicable ; Pass         ; Inapplicable ; Inapplicable ; Pass      ; Pass         ; Inapplicable ; Pass      ; Pass      ; Inapplicable ; Inapplicable ; Inapplicable ; Inapplicable ; Pass         ; Inapplicable ; Inapplicable ; Pass         ; Inapplicable ; Inapplicable ; Inapplicable ; Inapplicable ; Inapplicable ; Inapplicable ; Inapplicable ; Inapplicable ; Inapplicable ; Pass      ; Inapplicable ; Inapplicable ;
; DRAM_DQ[22]         ; Pass         ; Inapplicable ; Pass         ; Inapplicable ; Inapplicable ; Pass      ; Pass         ; Inapplicable ; Pass      ; Pass      ; Inapplicable ; Inapplicable ; Inapplicable ; Inapplicable ; Pass         ; Inapplicable ; Inapplicable ; Pass         ; Inapplicable ; Inapplicable ; Inapplicable ; Inapplicable ; Inapplicable ; Inapplicable ; Inapplicable ; Inapplicable ; Inapplicable ; Pass      ; Inapplicable ; Inapplicable ;
; DRAM_DQ[23]         ; Pass         ; Inapplicable ; Pass         ; Inapplicable ; Inapplicable ; Pass      ; Pass         ; Inapplicable ; Pass      ; Pass      ; Inapplicable ; Inapplicable ; Inapplicable ; Inapplicable ; Pass         ; Inapplicable ; Inapplicable ; Pass         ; Inapplicable ; Inapplicable ; Inapplicable ; Inapplicable ; Inapplicable ; Inapplicable ; Inapplicable ; Inapplicable ; Inapplicable ; Pass      ; Inapplicable ; Inapplicable ;
; DRAM_DQ[24]         ; Pass         ; Inapplicable ; Pass         ; Inapplicable ; Inapplicable ; Pass      ; Pass         ; Inapplicable ; Pass      ; Pass      ; Inapplicable ; Inapplicable ; Inapplicable ; Inapplicable ; Pass         ; Inapplicable ; Inapplicable ; Pass         ; Inapplicable ; Inapplicable ; Inapplicable ; Inapplicable ; Inapplicable ; Inapplicable ; Inapplicable ; Inapplicable ; Inapplicable ; Pass      ; Inapplicable ; Inapplicable ;
; DRAM_DQ[25]         ; Pass         ; Inapplicable ; Pass         ; Inapplicable ; Inapplicable ; Pass      ; Pass         ; Inapplicable ; Pass      ; Pass      ; Inapplicable ; Inapplicable ; Inapplicable ; Inapplicable ; Pass         ; Inapplicable ; Inapplicable ; Pass         ; Inapplicable ; Inapplicable ; Inapplicable ; Inapplicable ; Inapplicable ; Inapplicable ; Inapplicable ; Inapplicable ; Inapplicable ; Pass      ; Inapplicable ; Inapplicable ;
; DRAM_DQ[26]         ; Pass         ; Inapplicable ; Pass         ; Inapplicable ; Inapplicable ; Pass      ; Pass         ; Inapplicable ; Pass      ; Pass      ; Inapplicable ; Inapplicable ; Inapplicable ; Inapplicable ; Pass         ; Inapplicable ; Inapplicable ; Pass         ; Inapplicable ; Inapplicable ; Inapplicable ; Inapplicable ; Inapplicable ; Inapplicable ; Inapplicable ; Inapplicable ; Inapplicable ; Pass      ; Inapplicable ; Inapplicable ;
; DRAM_DQ[27]         ; Pass         ; Inapplicable ; Pass         ; Inapplicable ; Inapplicable ; Pass      ; Pass         ; Inapplicable ; Pass      ; Pass      ; Inapplicable ; Inapplicable ; Inapplicable ; Inapplicable ; Pass         ; Inapplicable ; Inapplicable ; Pass         ; Inapplicable ; Inapplicable ; Inapplicable ; Inapplicable ; Inapplicable ; Inapplicable ; Inapplicable ; Inapplicable ; Inapplicable ; Pass      ; Inapplicable ; Inapplicable ;
; DRAM_DQ[28]         ; Pass         ; Inapplicable ; Pass         ; Inapplicable ; Inapplicable ; Pass      ; Pass         ; Inapplicable ; Pass      ; Pass      ; Inapplicable ; Inapplicable ; Inapplicable ; Inapplicable ; Pass         ; Inapplicable ; Inapplicable ; Pass         ; Inapplicable ; Inapplicable ; Inapplicable ; Inapplicable ; Inapplicable ; Inapplicable ; Inapplicable ; Inapplicable ; Inapplicable ; Pass      ; Inapplicable ; Inapplicable ;
; DRAM_DQ[29]         ; Pass         ; Inapplicable ; Pass         ; Inapplicable ; Inapplicable ; Pass      ; Pass         ; Inapplicable ; Pass      ; Pass      ; Inapplicable ; Inapplicable ; Inapplicable ; Inapplicable ; Pass         ; Inapplicable ; Inapplicable ; Pass         ; Inapplicable ; Inapplicable ; Inapplicable ; Inapplicable ; Inapplicable ; Inapplicable ; Inapplicable ; Inapplicable ; Inapplicable ; Pass      ; Inapplicable ; Inapplicable ;
; DRAM_DQ[30]         ; Pass         ; Inapplicable ; Pass         ; Inapplicable ; Inapplicable ; Pass      ; Pass         ; Inapplicable ; Pass      ; Pass      ; Inapplicable ; Inapplicable ; Inapplicable ; Inapplicable ; Pass         ; Inapplicable ; Inapplicable ; Pass         ; Inapplicable ; Inapplicable ; Inapplicable ; Inapplicable ; Inapplicable ; Inapplicable ; Inapplicable ; Inapplicable ; Inapplicable ; Pass      ; Inapplicable ; Inapplicable ;
; DRAM_DQ[31]         ; Pass         ; Inapplicable ; Pass         ; Inapplicable ; Inapplicable ; Pass      ; Pass         ; Inapplicable ; Pass      ; Pass      ; Inapplicable ; Inapplicable ; Inapplicable ; Inapplicable ; Pass         ; Inapplicable ; Inapplicable ; Pass         ; Inapplicable ; Inapplicable ; Inapplicable ; Inapplicable ; Inapplicable ; Inapplicable ; Inapplicable ; Inapplicable ; Inapplicable ; Pass      ; Inapplicable ; Inapplicable ;
; cmos_scl            ; Pass         ; Inapplicable ; Pass         ; Inapplicable ; Inapplicable ; Pass      ; Pass         ; Inapplicable ; Pass      ; Pass      ; Inapplicable ; Inapplicable ; Inapplicable ; Inapplicable ; Pass         ; Inapplicable ; Inapplicable ; Pass         ; Inapplicable ; Inapplicable ; Inapplicable ; Inapplicable ; Inapplicable ; Inapplicable ; Inapplicable ; Inapplicable ; Inapplicable ; Pass      ; Inapplicable ; Inapplicable ;
; cmos_sda            ; Pass         ; Inapplicable ; Pass         ; Inapplicable ; Inapplicable ; Pass      ; Pass         ; Inapplicable ; Pass      ; Pass      ; Inapplicable ; Inapplicable ; Inapplicable ; Inapplicable ; Pass         ; Inapplicable ; Inapplicable ; Pass         ; Inapplicable ; Inapplicable ; Inapplicable ; Inapplicable ; Inapplicable ; Inapplicable ; Inapplicable ; Inapplicable ; Inapplicable ; Pass      ; Inapplicable ; Inapplicable ;
; cmos_pclk           ; Pass         ; Inapplicable ; Pass         ; Inapplicable ; Inapplicable ; Pass      ; Pass         ; Inapplicable ; Pass      ; Pass      ; Inapplicable ; Inapplicable ; Inapplicable ; Inapplicable ; Pass         ; Inapplicable ; Inapplicable ; Pass         ; Inapplicable ; Inapplicable ; Inapplicable ; Inapplicable ; Inapplicable ; Inapplicable ; Inapplicable ; Inapplicable ; Inapplicable ; Pass      ; Inapplicable ; Inapplicable ;
; CLOCK2_50           ; Pass         ; Inapplicable ; Pass         ; Inapplicable ; Inapplicable ; Pass      ; Pass         ; Inapplicable ; Pass      ; Pass      ; Inapplicable ; Inapplicable ; Inapplicable ; Inapplicable ; Pass         ; Inapplicable ; Inapplicable ; Pass         ; Inapplicable ; Inapplicable ; Inapplicable ; Inapplicable ; Inapplicable ; Inapplicable ; Inapplicable ; Inapplicable ; Inapplicable ; Pass      ; Inapplicable ; Inapplicable ;
; KEY[0]              ; Pass         ; Inapplicable ; Pass         ; Inapplicable ; Inapplicable ; Pass      ; Pass         ; Inapplicable ; Pass      ; Pass      ; Inapplicable ; Inapplicable ; Inapplicable ; Inapplicable ; Pass         ; Inapplicable ; Inapplicable ; Pass         ; Inapplicable ; Inapplicable ; Inapplicable ; Inapplicable ; Inapplicable ; Inapplicable ; Inapplicable ; Inapplicable ; Inapplicable ; Pass      ; Inapplicable ; Inapplicable ;
; CLOCK_50            ; Pass         ; Inapplicable ; Pass         ; Inapplicable ; Inapplicable ; Pass      ; Pass         ; Inapplicable ; Pass      ; Pass      ; Inapplicable ; Inapplicable ; Inapplicable ; Inapplicable ; Pass         ; Inapplicable ; Inapplicable ; Pass         ; Inapplicable ; Inapplicable ; Inapplicable ; Inapplicable ; Inapplicable ; Inapplicable ; Inapplicable ; Inapplicable ; Inapplicable ; Pass      ; Inapplicable ; Inapplicable ;
; CLOCK3_50           ; Pass         ; Inapplicable ; Pass         ; Inapplicable ; Inapplicable ; Pass      ; Pass         ; Inapplicable ; Pass      ; Pass      ; Inapplicable ; Inapplicable ; Inapplicable ; Inapplicable ; Pass         ; Inapplicable ; Inapplicable ; Pass         ; Inapplicable ; Inapplicable ; Inapplicable ; Inapplicable ; Inapplicable ; Inapplicable ; Inapplicable ; Inapplicable ; Inapplicable ; Pass      ; Inapplicable ; Inapplicable ;
; cmos_vsync          ; Pass         ; Inapplicable ; Pass         ; Inapplicable ; Inapplicable ; Pass      ; Pass         ; Inapplicable ; Pass      ; Pass      ; Inapplicable ; Inapplicable ; Inapplicable ; Inapplicable ; Pass         ; Inapplicable ; Inapplicable ; Pass         ; Inapplicable ; Inapplicable ; Inapplicable ; Inapplicable ; Inapplicable ; Inapplicable ; Inapplicable ; Inapplicable ; Inapplicable ; Pass      ; Inapplicable ; Inapplicable ;
; cmos_href           ; Pass         ; Inapplicable ; Pass         ; Inapplicable ; Inapplicable ; Pass      ; Pass         ; Inapplicable ; Pass      ; Pass      ; Inapplicable ; Inapplicable ; Inapplicable ; Inapplicable ; Pass         ; Inapplicable ; Inapplicable ; Pass         ; Inapplicable ; Inapplicable ; Inapplicable ; Inapplicable ; Inapplicable ; Inapplicable ; Inapplicable ; Inapplicable ; Inapplicable ; Pass      ; Inapplicable ; Inapplicable ;
; KEY[2]              ; Pass         ; Inapplicable ; Pass         ; Inapplicable ; Inapplicable ; Pass      ; Pass         ; Inapplicable ; Pass      ; Pass      ; Inapplicable ; Inapplicable ; Inapplicable ; Inapplicable ; Pass         ; Inapplicable ; Inapplicable ; Pass         ; Inapplicable ; Inapplicable ; Inapplicable ; Inapplicable ; Inapplicable ; Inapplicable ; Inapplicable ; Inapplicable ; Inapplicable ; Pass      ; Inapplicable ; Inapplicable ;
; KEY[1]              ; Pass         ; Inapplicable ; Pass         ; Inapplicable ; Inapplicable ; Pass      ; Pass         ; Inapplicable ; Pass      ; Pass      ; Inapplicable ; Inapplicable ; Inapplicable ; Inapplicable ; Pass         ; Inapplicable ; Inapplicable ; Pass         ; Inapplicable ; Inapplicable ; Inapplicable ; Inapplicable ; Inapplicable ; Inapplicable ; Inapplicable ; Inapplicable ; Inapplicable ; Pass      ; Inapplicable ; Inapplicable ;
; KEY[3]              ; Pass         ; Inapplicable ; Pass         ; Inapplicable ; Inapplicable ; Pass      ; Pass         ; Inapplicable ; Pass      ; Pass      ; Inapplicable ; Inapplicable ; Inapplicable ; Inapplicable ; Pass         ; Inapplicable ; Inapplicable ; Pass         ; Inapplicable ; Inapplicable ; Inapplicable ; Inapplicable ; Inapplicable ; Inapplicable ; Inapplicable ; Inapplicable ; Inapplicable ; Pass      ; Inapplicable ; Inapplicable ;
; cmos_db[3]          ; Pass         ; Inapplicable ; Pass         ; Inapplicable ; Inapplicable ; Pass      ; Pass         ; Inapplicable ; Pass      ; Pass      ; Inapplicable ; Inapplicable ; Inapplicable ; Inapplicable ; Pass         ; Inapplicable ; Inapplicable ; Pass         ; Inapplicable ; Inapplicable ; Inapplicable ; Inapplicable ; Inapplicable ; Inapplicable ; Inapplicable ; Inapplicable ; Inapplicable ; Pass      ; Inapplicable ; Inapplicable ;
; cmos_db[4]          ; Pass         ; Inapplicable ; Pass         ; Inapplicable ; Inapplicable ; Pass      ; Pass         ; Inapplicable ; Pass      ; Pass      ; Inapplicable ; Inapplicable ; Inapplicable ; Inapplicable ; Pass         ; Inapplicable ; Inapplicable ; Pass         ; Inapplicable ; Inapplicable ; Inapplicable ; Inapplicable ; Inapplicable ; Inapplicable ; Inapplicable ; Inapplicable ; Inapplicable ; Pass      ; Inapplicable ; Inapplicable ;
; cmos_db[1]          ; Pass         ; Inapplicable ; Pass         ; Inapplicable ; Inapplicable ; Pass      ; Pass         ; Inapplicable ; Pass      ; Pass      ; Inapplicable ; Inapplicable ; Inapplicable ; Inapplicable ; Pass         ; Inapplicable ; Inapplicable ; Pass         ; Inapplicable ; Inapplicable ; Inapplicable ; Inapplicable ; Inapplicable ; Inapplicable ; Inapplicable ; Inapplicable ; Inapplicable ; Pass      ; Inapplicable ; Inapplicable ;
; cmos_db[2]          ; Pass         ; Inapplicable ; Pass         ; Inapplicable ; Inapplicable ; Pass      ; Pass         ; Inapplicable ; Pass      ; Pass      ; Inapplicable ; Inapplicable ; Inapplicable ; Inapplicable ; Pass         ; Inapplicable ; Inapplicable ; Pass         ; Inapplicable ; Inapplicable ; Inapplicable ; Inapplicable ; Inapplicable ; Inapplicable ; Inapplicable ; Inapplicable ; Inapplicable ; Pass      ; Inapplicable ; Inapplicable ;
; cmos_db[0]          ; Pass         ; Inapplicable ; Pass         ; Inapplicable ; Inapplicable ; Pass      ; Pass         ; Inapplicable ; Pass      ; Pass      ; Inapplicable ; Inapplicable ; Inapplicable ; Inapplicable ; Pass         ; Inapplicable ; Inapplicable ; Pass         ; Inapplicable ; Inapplicable ; Inapplicable ; Inapplicable ; Inapplicable ; Inapplicable ; Inapplicable ; Inapplicable ; Inapplicable ; Pass      ; Inapplicable ; Inapplicable ;
; cmos_db[6]          ; Pass         ; Inapplicable ; Pass         ; Inapplicable ; Inapplicable ; Pass      ; Pass         ; Inapplicable ; Pass      ; Pass      ; Inapplicable ; Inapplicable ; Inapplicable ; Inapplicable ; Pass         ; Inapplicable ; Inapplicable ; Pass         ; Inapplicable ; Inapplicable ; Inapplicable ; Inapplicable ; Inapplicable ; Inapplicable ; Inapplicable ; Inapplicable ; Inapplicable ; Pass      ; Inapplicable ; Inapplicable ;
; cmos_db[5]          ; Pass         ; Inapplicable ; Pass         ; Inapplicable ; Inapplicable ; Pass      ; Pass         ; Inapplicable ; Pass      ; Pass      ; Inapplicable ; Inapplicable ; Inapplicable ; Inapplicable ; Pass         ; Inapplicable ; Inapplicable ; Pass         ; Inapplicable ; Inapplicable ; Inapplicable ; Inapplicable ; Inapplicable ; Inapplicable ; Inapplicable ; Inapplicable ; Inapplicable ; Pass      ; Inapplicable ; Inapplicable ;
; cmos_db[7]          ; Pass         ; Inapplicable ; Pass         ; Inapplicable ; Inapplicable ; Pass      ; Pass         ; Inapplicable ; Pass      ; Pass      ; Inapplicable ; Inapplicable ; Inapplicable ; Inapplicable ; Pass         ; Inapplicable ; Inapplicable ; Pass         ; Inapplicable ; Inapplicable ; Inapplicable ; Inapplicable ; Inapplicable ; Inapplicable ; Inapplicable ; Inapplicable ; Inapplicable ; Pass      ; Inapplicable ; Inapplicable ;
; altera_reserved_tms ; Inapplicable ; Inapplicable ; Inapplicable ; Inapplicable ; Inapplicable ; Pass      ; Inapplicable ; Inapplicable ; Pass      ; Pass      ; Inapplicable ; Inapplicable ; Inapplicable ; Inapplicable ; Inapplicable ; Inapplicable ; Inapplicable ; Inapplicable ; Inapplicable ; Inapplicable ; Inapplicable ; Inapplicable ; Inapplicable ; Inapplicable ; Inapplicable ; Inapplicable ; Inapplicable ; Pass      ; Inapplicable ; Inapplicable ;
; altera_reserved_tck ; Inapplicable ; Inapplicable ; Inapplicable ; Inapplicable ; Inapplicable ; Pass      ; Inapplicable ; Inapplicable ; Pass      ; Pass      ; Inapplicable ; Inapplicable ; Inapplicable ; Inapplicable ; Inapplicable ; Inapplicable ; Inapplicable ; Inapplicable ; Inapplicable ; Inapplicable ; Inapplicable ; Inapplicable ; Inapplicable ; Inapplicable ; Inapplicable ; Inapplicable ; Inapplicable ; Pass      ; Inapplicable ; Inapplicable ;
; altera_reserved_tdi ; Inapplicable ; Inapplicable ; Inapplicable ; Inapplicable ; Inapplicable ; Pass      ; Inapplicable ; Inapplicable ; Pass      ; Pass      ; Inapplicable ; Inapplicable ; Inapplicable ; Inapplicable ; Inapplicable ; Inapplicable ; Inapplicable ; Inapplicable ; Inapplicable ; Inapplicable ; Inapplicable ; Inapplicable ; Inapplicable ; Inapplicable ; Inapplicable ; Inapplicable ; Inapplicable ; Pass      ; Inapplicable ; Inapplicable ;
; altera_reserved_tdo ; Inapplicable ; Inapplicable ; Inapplicable ; Inapplicable ; Inapplicable ; Pass      ; Inapplicable ; Inapplicable ; Pass      ; Pass      ; Inapplicable ; Inapplicable ; Inapplicable ; Inapplicable ; Inapplicable ; Inapplicable ; Inapplicable ; Inapplicable ; Inapplicable ; Inapplicable ; Inapplicable ; Inapplicable ; Inapplicable ; Inapplicable ; Inapplicable ; Inapplicable ; Inapplicable ; Pass      ; Inapplicable ; Inapplicable ;
+---------------------+--------------+--------------+--------------+--------------+--------------+-----------+--------------+--------------+-----------+-----------+--------------+--------------+--------------+--------------+--------------+--------------+--------------+--------------+--------------+--------------+--------------+--------------+--------------+--------------+--------------+--------------+--------------+-----------+--------------+--------------+


+---------------------------------------------------------------------------------------------+
; Fitter Device Options                                                                       ;
+------------------------------------------------------------------+--------------------------+
; Option                                                           ; Setting                  ;
+------------------------------------------------------------------+--------------------------+
; Enable user-supplied start-up clock (CLKUSR)                     ; Off                      ;
; Enable device-wide reset (DEV_CLRn)                              ; Off                      ;
; Enable device-wide output enable (DEV_OE)                        ; Off                      ;
; Enable INIT_DONE output                                          ; Off                      ;
; Configuration scheme                                             ; Active Serial            ;
; Error detection CRC                                              ; Off                      ;
; Enable open drain on CRC_ERROR pin                               ; Off                      ;
; Enable input tri-state on active configuration pins in user mode ; Off                      ;
; Configuration Voltage Level                                      ; Auto                     ;
; Force Configuration Voltage Level                                ; Off                      ;
; nCEO                                                             ; As output driving ground ;
; Data[0]                                                          ; As input tri-stated      ;
; Data[1]/ASDO                                                     ; As input tri-stated      ;
; Data[7..2]                                                       ; Unreserved               ;
; FLASH_nCE/nCSO                                                   ; As input tri-stated      ;
; Other Active Parallel pins                                       ; Unreserved               ;
; DCLK                                                             ; As output driving ground ;
+------------------------------------------------------------------+--------------------------+


+------------------------------------+
; Operating Settings and Conditions  ;
+---------------------------+--------+
; Setting                   ; Value  ;
+---------------------------+--------+
; Nominal Core Voltage      ; 1.20 V ;
; Low Junction Temperature  ; 0 °C   ;
; High Junction Temperature ; 85 °C  ;
+---------------------------+--------+


+------------------------------------------------------------+
; Estimated Delay Added for Hold Timing Summary              ;
+-----------------+----------------------+-------------------+
; Source Clock(s) ; Destination Clock(s) ; Delay Added in ns ;
+-----------------+----------------------+-------------------+
; CLOCK2_50       ; CLOCK2_50            ; 6.8               ;
; CLOCK_50        ; CLOCK_50             ; 1.4               ;
+-----------------+----------------------+-------------------+
Note: For more information on problematic transfers, consider running the Fitter again with the Optimize hold timing option (Settings Menu) turned off.
This will disable optimization of problematic paths and expose them for further analysis using the Timing Analyzer.


+-----------------------------------------------------------------------------------------------------------------------------------------------------------------------------------------------------------------------------------------------------------------------------------------------------------------------------------------------+
; Estimated Delay Added for Hold Timing Details                                                                                                                                                                                                                                                                                                 ;
+--------------------------------------------------------------------------------------------------------------------------------------------------------------+------------------------------------------------------------------------------------------------------------------------------------------------------------+-------------------+
; Source Register                                                                                                                                              ; Destination Register                                                                                                                                       ; Delay Added in ns ;
+--------------------------------------------------------------------------------------------------------------------------------------------------------------+------------------------------------------------------------------------------------------------------------------------------------------------------------+-------------------+
; VGA_Controller:u1|H_Cont[12]                                                                                                                                 ; VGA_Controller:u1|H_Cont[12]                                                                                                                               ; 0.291             ;
; Sdram_Control:u7|Sdram_RD_FIFO:u_read1_fifo|dcfifo:dcfifo_component|dcfifo_jej1:auto_generated|wrptr_g[4]                                                    ; Sdram_Control:u7|Sdram_RD_FIFO:u_read1_fifo|dcfifo:dcfifo_component|dcfifo_jej1:auto_generated|altsyncram_rq41:fifo_ram|ram_block11a2~porta_address_reg0   ; 0.277             ;
; Sdram_Control:u7|Sdram_RD_FIFO:u_read1_fifo|dcfifo:dcfifo_component|dcfifo_jej1:auto_generated|a_graycounter_677:rdptr_g1p|counter5a5                        ; Sdram_Control:u7|Sdram_RD_FIFO:u_read1_fifo|dcfifo:dcfifo_component|dcfifo_jej1:auto_generated|a_graycounter_677:rdptr_g1p|counter5a7                      ; 0.205             ;
; Sdram_Control:u7|Sdram_RD_FIFO:u_read1_fifo|dcfifo:dcfifo_component|dcfifo_jej1:auto_generated|a_graycounter_677:rdptr_g1p|sub_parity7a[2]                   ; Sdram_Control:u7|Sdram_RD_FIFO:u_read1_fifo|dcfifo:dcfifo_component|dcfifo_jej1:auto_generated|a_graycounter_677:rdptr_g1p|parity6                         ; 0.204             ;
; Sdram_Control:u7|Sdram_RD_FIFO:u_read1_fifo|dcfifo:dcfifo_component|dcfifo_jej1:auto_generated|a_graycounter_677:rdptr_g1p|parity6                           ; Sdram_Control:u7|Sdram_RD_FIFO:u_read1_fifo|dcfifo:dcfifo_component|dcfifo_jej1:auto_generated|a_graycounter_677:rdptr_g1p|counter5a1                      ; 0.185             ;
; Sdram_Control:u7|Sdram_RD_FIFO:u_read1_fifo|dcfifo:dcfifo_component|dcfifo_jej1:auto_generated|a_graycounter_677:rdptr_g1p|counter5a1                        ; Sdram_Control:u7|Sdram_RD_FIFO:u_read1_fifo|dcfifo:dcfifo_component|dcfifo_jej1:auto_generated|altsyncram_rq41:fifo_ram|ram_block11a2~portb_address_reg0   ; 0.167             ;
; FpsMonitor:uFps|rfps_h[0]                                                                                                                                    ; FpsMonitor:uFps|fps_h[0]                                                                                                                                   ; 0.149             ;
; FpsMonitor:uFps|rfps_h[1]                                                                                                                                    ; FpsMonitor:uFps|fps_h[1]                                                                                                                                   ; 0.149             ;
; FpsMonitor:uFps|rfps_h[2]                                                                                                                                    ; FpsMonitor:uFps|fps_h[2]                                                                                                                                   ; 0.149             ;
; Sdram_Control:u7|Sdram_RD_FIFO:u_read1_fifo|dcfifo:dcfifo_component|dcfifo_jej1:auto_generated|a_graycounter_677:rdptr_g1p|counter5a8                        ; Sdram_Control:u7|Sdram_RD_FIFO:u_read1_fifo|dcfifo:dcfifo_component|dcfifo_jej1:auto_generated|a_graycounter_677:rdptr_g1p|counter5a9                      ; 0.144             ;
; Sdram_Control:u7|Sdram_RD_FIFO:u_read1_fifo|dcfifo:dcfifo_component|dcfifo_jej1:auto_generated|a_graycounter_677:rdptr_g1p|counter5a4                        ; Sdram_Control:u7|Sdram_RD_FIFO:u_read1_fifo|dcfifo:dcfifo_component|dcfifo_jej1:auto_generated|a_graycounter_677:rdptr_g1p|counter5a5                      ; 0.144             ;
; FpsMonitor:uFps|rfps_l[0]                                                                                                                                    ; FpsMonitor:uFps|rfps_l[1]                                                                                                                                  ; 0.122             ;
; FpsMonitor:uFps|rfps_l[3]                                                                                                                                    ; FpsMonitor:uFps|fps_l[3]                                                                                                                                   ; 0.112             ;
; FpsMonitor:uFps|rfps_l[2]                                                                                                                                    ; FpsMonitor:uFps|fps_l[2]                                                                                                                                   ; 0.112             ;
; Sdram_Control:u7|Sdram_RD_FIFO:u_read1_fifo|dcfifo:dcfifo_component|dcfifo_jej1:auto_generated|a_graycounter_677:rdptr_g1p|counter5a2                        ; Sdram_Control:u7|Sdram_RD_FIFO:u_read1_fifo|dcfifo:dcfifo_component|dcfifo_jej1:auto_generated|altsyncram_rq41:fifo_ram|ram_block11a2~portb_address_reg0   ; 0.106             ;
; Sdram_Control:u7|Sdram_RD_FIFO:u_read1_fifo|dcfifo:dcfifo_component|dcfifo_jej1:auto_generated|a_graycounter_677:rdptr_g1p|sub_parity7a[0]                   ; Sdram_Control:u7|Sdram_RD_FIFO:u_read1_fifo|dcfifo:dcfifo_component|dcfifo_jej1:auto_generated|a_graycounter_677:rdptr_g1p|parity6                         ; 0.098             ;
; Sdram_Control:u7|Sdram_RD_FIFO:u_read1_fifo|dcfifo:dcfifo_component|dcfifo_jej1:auto_generated|a_graycounter_677:rdptr_g1p|counter5a6                        ; Sdram_Control:u7|Sdram_RD_FIFO:u_read1_fifo|dcfifo:dcfifo_component|dcfifo_jej1:auto_generated|a_graycounter_677:rdptr_g1p|counter5a10                     ; 0.097             ;
; Sdram_Control:u7|Sdram_RD_FIFO:u_read1_fifo|dcfifo:dcfifo_component|dcfifo_jej1:auto_generated|a_graycounter_677:rdptr_g1p|counter5a3                        ; Sdram_Control:u7|Sdram_RD_FIFO:u_read1_fifo|dcfifo:dcfifo_component|dcfifo_jej1:auto_generated|a_graycounter_677:rdptr_g1p|counter5a4                      ; 0.096             ;
; Sdram_Control:u7|Sdram_RD_FIFO:u_read1_fifo|dcfifo:dcfifo_component|dcfifo_jej1:auto_generated|a_graycounter_677:rdptr_g1p|counter5a0                        ; Sdram_Control:u7|Sdram_RD_FIFO:u_read1_fifo|dcfifo:dcfifo_component|dcfifo_jej1:auto_generated|a_graycounter_677:rdptr_g1p|counter5a1                      ; 0.092             ;
; Sdram_Control:u7|Sdram_WR_FIFO:u_write1_fifo|dcfifo:dcfifo_component|dcfifo_0ej1:auto_generated|a_graycounter_677:rdptr_g1p|counter5a5                       ; Sdram_Control:u7|Sdram_WR_FIFO:u_write1_fifo|dcfifo:dcfifo_component|dcfifo_0ej1:auto_generated|a_graycounter_677:rdptr_g1p|sub_parity7a[1]                ; 0.089             ;
; Sdram_Control:u7|Sdram_WR_FIFO:u_write1_fifo|dcfifo:dcfifo_component|dcfifo_0ej1:auto_generated|rdptr_g[3]                                                   ; Sdram_Control:u7|Sdram_WR_FIFO:u_write1_fifo|dcfifo:dcfifo_component|dcfifo_0ej1:auto_generated|dffpipe_pe9:rs_brp|dffe12a[1]                              ; 0.087             ;
; Sdram_Control:u7|Sdram_WR_FIFO:u_write1_fifo|dcfifo:dcfifo_component|dcfifo_0ej1:auto_generated|a_graycounter_677:rdptr_g1p|counter5a4                       ; Sdram_Control:u7|Sdram_WR_FIFO:u_write1_fifo|dcfifo:dcfifo_component|dcfifo_0ej1:auto_generated|a_graycounter_677:rdptr_g1p|sub_parity7a[1]                ; 0.087             ;
; Sdram_Control:u7|Sdram_RD_FIFO:u_read1_fifo|dcfifo:dcfifo_component|dcfifo_jej1:auto_generated|a_graycounter_2lc:wrptr_g1p|counter8a8                        ; Sdram_Control:u7|Sdram_RD_FIFO:u_read1_fifo|dcfifo:dcfifo_component|dcfifo_jej1:auto_generated|a_graycounter_2lc:wrptr_g1p|sub_parity10a[2]                ; 0.087             ;
; Sdram_Control:u7|Sdram_RD_FIFO:u_read1_fifo|dcfifo:dcfifo_component|dcfifo_jej1:auto_generated|a_graycounter_2lc:wrptr_g1p|counter8a3                        ; Sdram_Control:u7|Sdram_RD_FIFO:u_read1_fifo|dcfifo:dcfifo_component|dcfifo_jej1:auto_generated|a_graycounter_2lc:wrptr_g1p|sub_parity10a[0]                ; 0.087             ;
; Sdram_Control:u7|Sdram_WR_FIFO:u_write1_fifo|dcfifo:dcfifo_component|dcfifo_0ej1:auto_generated|a_graycounter_677:rdptr_g1p|counter5a1                       ; Sdram_Control:u7|Sdram_WR_FIFO:u_write1_fifo|dcfifo:dcfifo_component|dcfifo_0ej1:auto_generated|a_graycounter_677:rdptr_g1p|sub_parity7a[0]                ; 0.085             ;
; Sdram_Control:u7|Sdram_RD_FIFO:u_read1_fifo|dcfifo:dcfifo_component|dcfifo_jej1:auto_generated|a_graycounter_2lc:wrptr_g1p|counter8a10                       ; Sdram_Control:u7|Sdram_RD_FIFO:u_read1_fifo|dcfifo:dcfifo_component|dcfifo_jej1:auto_generated|a_graycounter_2lc:wrptr_g1p|sub_parity10a[2]                ; 0.084             ;
; Sdram_Control:u7|Sdram_RD_FIFO:u_read1_fifo|dcfifo:dcfifo_component|dcfifo_jej1:auto_generated|a_graycounter_2lc:wrptr_g1p|counter8a2                        ; Sdram_Control:u7|Sdram_RD_FIFO:u_read1_fifo|dcfifo:dcfifo_component|dcfifo_jej1:auto_generated|a_graycounter_2lc:wrptr_g1p|sub_parity10a[0]                ; 0.084             ;
; Sdram_Control:u7|Sdram_WR_FIFO:u_write1_fifo|dcfifo:dcfifo_component|dcfifo_0ej1:auto_generated|a_graycounter_677:rdptr_g1p|counter5a9                       ; Sdram_Control:u7|Sdram_WR_FIFO:u_write1_fifo|dcfifo:dcfifo_component|dcfifo_0ej1:auto_generated|a_graycounter_677:rdptr_g1p|sub_parity7a[2]                ; 0.083             ;
; Sdram_Control:u7|Sdram_WR_FIFO:u_write1_fifo|dcfifo:dcfifo_component|dcfifo_0ej1:auto_generated|a_graycounter_677:rdptr_g1p|counter5a8                       ; Sdram_Control:u7|Sdram_WR_FIFO:u_write1_fifo|dcfifo:dcfifo_component|dcfifo_0ej1:auto_generated|a_graycounter_677:rdptr_g1p|sub_parity7a[2]                ; 0.081             ;
; Sdram_Control:u7|Sdram_RD_FIFO:u_read1_fifo|dcfifo:dcfifo_component|dcfifo_jej1:auto_generated|alt_synch_pipe_hpl:rs_dgwp|dffpipe_2f9:dffpipe5|dffe6a[4]     ; Sdram_Control:u7|Sdram_RD_FIFO:u_read1_fifo|dcfifo:dcfifo_component|dcfifo_jej1:auto_generated|alt_synch_pipe_hpl:rs_dgwp|dffpipe_2f9:dffpipe5|dffe7a[4]   ; 0.054             ;
; Sdram_Control:u7|Sdram_RD_FIFO:u_read1_fifo|dcfifo:dcfifo_component|dcfifo_jej1:auto_generated|alt_synch_pipe_hpl:rs_dgwp|dffpipe_2f9:dffpipe5|dffe7a[4]     ; Sdram_Control:u7|Sdram_RD_FIFO:u_read1_fifo|dcfifo:dcfifo_component|dcfifo_jej1:auto_generated|alt_synch_pipe_hpl:rs_dgwp|dffpipe_2f9:dffpipe5|dffe8a[4]   ; 0.054             ;
; Sdram_Control:u7|Sdram_RD_FIFO:u_read1_fifo|dcfifo:dcfifo_component|dcfifo_jej1:auto_generated|alt_synch_pipe_hpl:rs_dgwp|dffpipe_2f9:dffpipe5|dffe8a[4]     ; Sdram_Control:u7|Sdram_RD_FIFO:u_read1_fifo|dcfifo:dcfifo_component|dcfifo_jej1:auto_generated|alt_synch_pipe_hpl:rs_dgwp|dffpipe_2f9:dffpipe5|dffe9a[4]   ; 0.054             ;
; Sdram_Control:u7|Sdram_RD_FIFO:u_read1_fifo|dcfifo:dcfifo_component|dcfifo_jej1:auto_generated|alt_synch_pipe_hpl:rs_dgwp|dffpipe_2f9:dffpipe5|dffe9a[4]     ; Sdram_Control:u7|Sdram_RD_FIFO:u_read1_fifo|dcfifo:dcfifo_component|dcfifo_jej1:auto_generated|alt_synch_pipe_hpl:rs_dgwp|dffpipe_2f9:dffpipe5|dffe10a[4]  ; 0.054             ;
; Sdram_Control:u7|Sdram_RD_FIFO:u_read1_fifo|dcfifo:dcfifo_component|dcfifo_jej1:auto_generated|alt_synch_pipe_hpl:rs_dgwp|dffpipe_2f9:dffpipe5|dffe10a[4]    ; Sdram_Control:u7|Sdram_RD_FIFO:u_read1_fifo|dcfifo:dcfifo_component|dcfifo_jej1:auto_generated|alt_synch_pipe_hpl:rs_dgwp|dffpipe_2f9:dffpipe5|dffe11a[4]  ; 0.054             ;
; Sdram_Control:u7|Sdram_RD_FIFO:u_read1_fifo|dcfifo:dcfifo_component|dcfifo_jej1:auto_generated|alt_synch_pipe_hpl:rs_dgwp|dffpipe_2f9:dffpipe5|dffe11a[4]    ; Sdram_Control:u7|Sdram_RD_FIFO:u_read1_fifo|dcfifo:dcfifo_component|dcfifo_jej1:auto_generated|alt_synch_pipe_hpl:rs_dgwp|dffpipe_2f9:dffpipe5|dffe12a[4]  ; 0.054             ;
; Sdram_Control:u7|Sdram_RD_FIFO:u_read1_fifo|dcfifo:dcfifo_component|dcfifo_jej1:auto_generated|alt_synch_pipe_hpl:rs_dgwp|dffpipe_2f9:dffpipe5|dffe6a[5]     ; Sdram_Control:u7|Sdram_RD_FIFO:u_read1_fifo|dcfifo:dcfifo_component|dcfifo_jej1:auto_generated|alt_synch_pipe_hpl:rs_dgwp|dffpipe_2f9:dffpipe5|dffe7a[5]   ; 0.054             ;
; Sdram_Control:u7|Sdram_RD_FIFO:u_read1_fifo|dcfifo:dcfifo_component|dcfifo_jej1:auto_generated|alt_synch_pipe_hpl:rs_dgwp|dffpipe_2f9:dffpipe5|dffe7a[5]     ; Sdram_Control:u7|Sdram_RD_FIFO:u_read1_fifo|dcfifo:dcfifo_component|dcfifo_jej1:auto_generated|alt_synch_pipe_hpl:rs_dgwp|dffpipe_2f9:dffpipe5|dffe8a[5]   ; 0.054             ;
; Sdram_Control:u7|Sdram_RD_FIFO:u_read1_fifo|dcfifo:dcfifo_component|dcfifo_jej1:auto_generated|alt_synch_pipe_hpl:rs_dgwp|dffpipe_2f9:dffpipe5|dffe8a[5]     ; Sdram_Control:u7|Sdram_RD_FIFO:u_read1_fifo|dcfifo:dcfifo_component|dcfifo_jej1:auto_generated|alt_synch_pipe_hpl:rs_dgwp|dffpipe_2f9:dffpipe5|dffe9a[5]   ; 0.054             ;
; Sdram_Control:u7|Sdram_RD_FIFO:u_read1_fifo|dcfifo:dcfifo_component|dcfifo_jej1:auto_generated|alt_synch_pipe_hpl:rs_dgwp|dffpipe_2f9:dffpipe5|dffe9a[5]     ; Sdram_Control:u7|Sdram_RD_FIFO:u_read1_fifo|dcfifo:dcfifo_component|dcfifo_jej1:auto_generated|alt_synch_pipe_hpl:rs_dgwp|dffpipe_2f9:dffpipe5|dffe10a[5]  ; 0.054             ;
; Sdram_Control:u7|Sdram_RD_FIFO:u_read1_fifo|dcfifo:dcfifo_component|dcfifo_jej1:auto_generated|alt_synch_pipe_hpl:rs_dgwp|dffpipe_2f9:dffpipe5|dffe10a[5]    ; Sdram_Control:u7|Sdram_RD_FIFO:u_read1_fifo|dcfifo:dcfifo_component|dcfifo_jej1:auto_generated|alt_synch_pipe_hpl:rs_dgwp|dffpipe_2f9:dffpipe5|dffe11a[5]  ; 0.054             ;
; Sdram_Control:u7|Sdram_RD_FIFO:u_read1_fifo|dcfifo:dcfifo_component|dcfifo_jej1:auto_generated|alt_synch_pipe_hpl:rs_dgwp|dffpipe_2f9:dffpipe5|dffe11a[5]    ; Sdram_Control:u7|Sdram_RD_FIFO:u_read1_fifo|dcfifo:dcfifo_component|dcfifo_jej1:auto_generated|alt_synch_pipe_hpl:rs_dgwp|dffpipe_2f9:dffpipe5|dffe12a[5]  ; 0.054             ;
; Sdram_Control:u7|Sdram_RD_FIFO:u_read1_fifo|dcfifo:dcfifo_component|dcfifo_jej1:auto_generated|alt_synch_pipe_hpl:rs_dgwp|dffpipe_2f9:dffpipe5|dffe6a[0]     ; Sdram_Control:u7|Sdram_RD_FIFO:u_read1_fifo|dcfifo:dcfifo_component|dcfifo_jej1:auto_generated|alt_synch_pipe_hpl:rs_dgwp|dffpipe_2f9:dffpipe5|dffe7a[0]   ; 0.054             ;
; Sdram_Control:u7|Sdram_RD_FIFO:u_read1_fifo|dcfifo:dcfifo_component|dcfifo_jej1:auto_generated|alt_synch_pipe_hpl:rs_dgwp|dffpipe_2f9:dffpipe5|dffe7a[0]     ; Sdram_Control:u7|Sdram_RD_FIFO:u_read1_fifo|dcfifo:dcfifo_component|dcfifo_jej1:auto_generated|alt_synch_pipe_hpl:rs_dgwp|dffpipe_2f9:dffpipe5|dffe8a[0]   ; 0.054             ;
; Sdram_Control:u7|Sdram_RD_FIFO:u_read1_fifo|dcfifo:dcfifo_component|dcfifo_jej1:auto_generated|alt_synch_pipe_hpl:rs_dgwp|dffpipe_2f9:dffpipe5|dffe8a[0]     ; Sdram_Control:u7|Sdram_RD_FIFO:u_read1_fifo|dcfifo:dcfifo_component|dcfifo_jej1:auto_generated|alt_synch_pipe_hpl:rs_dgwp|dffpipe_2f9:dffpipe5|dffe9a[0]   ; 0.054             ;
; Sdram_Control:u7|Sdram_RD_FIFO:u_read1_fifo|dcfifo:dcfifo_component|dcfifo_jej1:auto_generated|alt_synch_pipe_hpl:rs_dgwp|dffpipe_2f9:dffpipe5|dffe9a[0]     ; Sdram_Control:u7|Sdram_RD_FIFO:u_read1_fifo|dcfifo:dcfifo_component|dcfifo_jej1:auto_generated|alt_synch_pipe_hpl:rs_dgwp|dffpipe_2f9:dffpipe5|dffe10a[0]  ; 0.054             ;
; Sdram_Control:u7|Sdram_RD_FIFO:u_read1_fifo|dcfifo:dcfifo_component|dcfifo_jej1:auto_generated|alt_synch_pipe_hpl:rs_dgwp|dffpipe_2f9:dffpipe5|dffe10a[0]    ; Sdram_Control:u7|Sdram_RD_FIFO:u_read1_fifo|dcfifo:dcfifo_component|dcfifo_jej1:auto_generated|alt_synch_pipe_hpl:rs_dgwp|dffpipe_2f9:dffpipe5|dffe11a[0]  ; 0.054             ;
; Sdram_Control:u7|Sdram_RD_FIFO:u_read1_fifo|dcfifo:dcfifo_component|dcfifo_jej1:auto_generated|alt_synch_pipe_hpl:rs_dgwp|dffpipe_2f9:dffpipe5|dffe11a[0]    ; Sdram_Control:u7|Sdram_RD_FIFO:u_read1_fifo|dcfifo:dcfifo_component|dcfifo_jej1:auto_generated|alt_synch_pipe_hpl:rs_dgwp|dffpipe_2f9:dffpipe5|dffe12a[0]  ; 0.054             ;
; Sdram_Control:u7|Sdram_RD_FIFO:u_read1_fifo|dcfifo:dcfifo_component|dcfifo_jej1:auto_generated|alt_synch_pipe_hpl:rs_dgwp|dffpipe_2f9:dffpipe5|dffe6a[1]     ; Sdram_Control:u7|Sdram_RD_FIFO:u_read1_fifo|dcfifo:dcfifo_component|dcfifo_jej1:auto_generated|alt_synch_pipe_hpl:rs_dgwp|dffpipe_2f9:dffpipe5|dffe7a[1]   ; 0.054             ;
; Sdram_Control:u7|Sdram_RD_FIFO:u_read1_fifo|dcfifo:dcfifo_component|dcfifo_jej1:auto_generated|alt_synch_pipe_hpl:rs_dgwp|dffpipe_2f9:dffpipe5|dffe7a[1]     ; Sdram_Control:u7|Sdram_RD_FIFO:u_read1_fifo|dcfifo:dcfifo_component|dcfifo_jej1:auto_generated|alt_synch_pipe_hpl:rs_dgwp|dffpipe_2f9:dffpipe5|dffe8a[1]   ; 0.054             ;
; Sdram_Control:u7|Sdram_RD_FIFO:u_read1_fifo|dcfifo:dcfifo_component|dcfifo_jej1:auto_generated|alt_synch_pipe_hpl:rs_dgwp|dffpipe_2f9:dffpipe5|dffe8a[1]     ; Sdram_Control:u7|Sdram_RD_FIFO:u_read1_fifo|dcfifo:dcfifo_component|dcfifo_jej1:auto_generated|alt_synch_pipe_hpl:rs_dgwp|dffpipe_2f9:dffpipe5|dffe9a[1]   ; 0.054             ;
; Sdram_Control:u7|Sdram_RD_FIFO:u_read1_fifo|dcfifo:dcfifo_component|dcfifo_jej1:auto_generated|alt_synch_pipe_hpl:rs_dgwp|dffpipe_2f9:dffpipe5|dffe9a[1]     ; Sdram_Control:u7|Sdram_RD_FIFO:u_read1_fifo|dcfifo:dcfifo_component|dcfifo_jej1:auto_generated|alt_synch_pipe_hpl:rs_dgwp|dffpipe_2f9:dffpipe5|dffe10a[1]  ; 0.054             ;
; Sdram_Control:u7|Sdram_RD_FIFO:u_read1_fifo|dcfifo:dcfifo_component|dcfifo_jej1:auto_generated|alt_synch_pipe_hpl:rs_dgwp|dffpipe_2f9:dffpipe5|dffe10a[1]    ; Sdram_Control:u7|Sdram_RD_FIFO:u_read1_fifo|dcfifo:dcfifo_component|dcfifo_jej1:auto_generated|alt_synch_pipe_hpl:rs_dgwp|dffpipe_2f9:dffpipe5|dffe11a[1]  ; 0.054             ;
; Sdram_Control:u7|Sdram_RD_FIFO:u_read1_fifo|dcfifo:dcfifo_component|dcfifo_jej1:auto_generated|alt_synch_pipe_hpl:rs_dgwp|dffpipe_2f9:dffpipe5|dffe11a[1]    ; Sdram_Control:u7|Sdram_RD_FIFO:u_read1_fifo|dcfifo:dcfifo_component|dcfifo_jej1:auto_generated|alt_synch_pipe_hpl:rs_dgwp|dffpipe_2f9:dffpipe5|dffe12a[1]  ; 0.054             ;
; Sdram_Control:u7|Sdram_RD_FIFO:u_read1_fifo|dcfifo:dcfifo_component|dcfifo_jej1:auto_generated|alt_synch_pipe_hpl:rs_dgwp|dffpipe_2f9:dffpipe5|dffe6a[3]     ; Sdram_Control:u7|Sdram_RD_FIFO:u_read1_fifo|dcfifo:dcfifo_component|dcfifo_jej1:auto_generated|alt_synch_pipe_hpl:rs_dgwp|dffpipe_2f9:dffpipe5|dffe7a[3]   ; 0.054             ;
; Sdram_Control:u7|Sdram_RD_FIFO:u_read1_fifo|dcfifo:dcfifo_component|dcfifo_jej1:auto_generated|alt_synch_pipe_hpl:rs_dgwp|dffpipe_2f9:dffpipe5|dffe7a[3]     ; Sdram_Control:u7|Sdram_RD_FIFO:u_read1_fifo|dcfifo:dcfifo_component|dcfifo_jej1:auto_generated|alt_synch_pipe_hpl:rs_dgwp|dffpipe_2f9:dffpipe5|dffe8a[3]   ; 0.054             ;
; Sdram_Control:u7|Sdram_RD_FIFO:u_read1_fifo|dcfifo:dcfifo_component|dcfifo_jej1:auto_generated|alt_synch_pipe_hpl:rs_dgwp|dffpipe_2f9:dffpipe5|dffe8a[3]     ; Sdram_Control:u7|Sdram_RD_FIFO:u_read1_fifo|dcfifo:dcfifo_component|dcfifo_jej1:auto_generated|alt_synch_pipe_hpl:rs_dgwp|dffpipe_2f9:dffpipe5|dffe9a[3]   ; 0.054             ;
; Sdram_Control:u7|Sdram_RD_FIFO:u_read1_fifo|dcfifo:dcfifo_component|dcfifo_jej1:auto_generated|alt_synch_pipe_hpl:rs_dgwp|dffpipe_2f9:dffpipe5|dffe9a[3]     ; Sdram_Control:u7|Sdram_RD_FIFO:u_read1_fifo|dcfifo:dcfifo_component|dcfifo_jej1:auto_generated|alt_synch_pipe_hpl:rs_dgwp|dffpipe_2f9:dffpipe5|dffe10a[3]  ; 0.054             ;
; Sdram_Control:u7|Sdram_RD_FIFO:u_read1_fifo|dcfifo:dcfifo_component|dcfifo_jej1:auto_generated|alt_synch_pipe_hpl:rs_dgwp|dffpipe_2f9:dffpipe5|dffe10a[3]    ; Sdram_Control:u7|Sdram_RD_FIFO:u_read1_fifo|dcfifo:dcfifo_component|dcfifo_jej1:auto_generated|alt_synch_pipe_hpl:rs_dgwp|dffpipe_2f9:dffpipe5|dffe11a[3]  ; 0.054             ;
; Sdram_Control:u7|Sdram_RD_FIFO:u_read1_fifo|dcfifo:dcfifo_component|dcfifo_jej1:auto_generated|alt_synch_pipe_hpl:rs_dgwp|dffpipe_2f9:dffpipe5|dffe11a[3]    ; Sdram_Control:u7|Sdram_RD_FIFO:u_read1_fifo|dcfifo:dcfifo_component|dcfifo_jej1:auto_generated|alt_synch_pipe_hpl:rs_dgwp|dffpipe_2f9:dffpipe5|dffe12a[3]  ; 0.054             ;
; Sdram_Control:u7|Sdram_RD_FIFO:u_read1_fifo|dcfifo:dcfifo_component|dcfifo_jej1:auto_generated|alt_synch_pipe_hpl:rs_dgwp|dffpipe_2f9:dffpipe5|dffe6a[2]     ; Sdram_Control:u7|Sdram_RD_FIFO:u_read1_fifo|dcfifo:dcfifo_component|dcfifo_jej1:auto_generated|alt_synch_pipe_hpl:rs_dgwp|dffpipe_2f9:dffpipe5|dffe7a[2]   ; 0.054             ;
; Sdram_Control:u7|Sdram_RD_FIFO:u_read1_fifo|dcfifo:dcfifo_component|dcfifo_jej1:auto_generated|alt_synch_pipe_hpl:rs_dgwp|dffpipe_2f9:dffpipe5|dffe7a[2]     ; Sdram_Control:u7|Sdram_RD_FIFO:u_read1_fifo|dcfifo:dcfifo_component|dcfifo_jej1:auto_generated|alt_synch_pipe_hpl:rs_dgwp|dffpipe_2f9:dffpipe5|dffe8a[2]   ; 0.054             ;
; Sdram_Control:u7|Sdram_RD_FIFO:u_read1_fifo|dcfifo:dcfifo_component|dcfifo_jej1:auto_generated|alt_synch_pipe_hpl:rs_dgwp|dffpipe_2f9:dffpipe5|dffe8a[2]     ; Sdram_Control:u7|Sdram_RD_FIFO:u_read1_fifo|dcfifo:dcfifo_component|dcfifo_jej1:auto_generated|alt_synch_pipe_hpl:rs_dgwp|dffpipe_2f9:dffpipe5|dffe9a[2]   ; 0.054             ;
; Sdram_Control:u7|Sdram_RD_FIFO:u_read1_fifo|dcfifo:dcfifo_component|dcfifo_jej1:auto_generated|alt_synch_pipe_hpl:rs_dgwp|dffpipe_2f9:dffpipe5|dffe9a[2]     ; Sdram_Control:u7|Sdram_RD_FIFO:u_read1_fifo|dcfifo:dcfifo_component|dcfifo_jej1:auto_generated|alt_synch_pipe_hpl:rs_dgwp|dffpipe_2f9:dffpipe5|dffe10a[2]  ; 0.054             ;
; Sdram_Control:u7|Sdram_RD_FIFO:u_read1_fifo|dcfifo:dcfifo_component|dcfifo_jej1:auto_generated|alt_synch_pipe_hpl:rs_dgwp|dffpipe_2f9:dffpipe5|dffe10a[2]    ; Sdram_Control:u7|Sdram_RD_FIFO:u_read1_fifo|dcfifo:dcfifo_component|dcfifo_jej1:auto_generated|alt_synch_pipe_hpl:rs_dgwp|dffpipe_2f9:dffpipe5|dffe11a[2]  ; 0.054             ;
; Sdram_Control:u7|Sdram_RD_FIFO:u_read1_fifo|dcfifo:dcfifo_component|dcfifo_jej1:auto_generated|alt_synch_pipe_hpl:rs_dgwp|dffpipe_2f9:dffpipe5|dffe6a[10]    ; Sdram_Control:u7|Sdram_RD_FIFO:u_read1_fifo|dcfifo:dcfifo_component|dcfifo_jej1:auto_generated|alt_synch_pipe_hpl:rs_dgwp|dffpipe_2f9:dffpipe5|dffe7a[10]  ; 0.054             ;
; Sdram_Control:u7|Sdram_RD_FIFO:u_read1_fifo|dcfifo:dcfifo_component|dcfifo_jej1:auto_generated|alt_synch_pipe_hpl:rs_dgwp|dffpipe_2f9:dffpipe5|dffe7a[10]    ; Sdram_Control:u7|Sdram_RD_FIFO:u_read1_fifo|dcfifo:dcfifo_component|dcfifo_jej1:auto_generated|alt_synch_pipe_hpl:rs_dgwp|dffpipe_2f9:dffpipe5|dffe8a[10]  ; 0.054             ;
; Sdram_Control:u7|Sdram_RD_FIFO:u_read1_fifo|dcfifo:dcfifo_component|dcfifo_jej1:auto_generated|alt_synch_pipe_hpl:rs_dgwp|dffpipe_2f9:dffpipe5|dffe8a[10]    ; Sdram_Control:u7|Sdram_RD_FIFO:u_read1_fifo|dcfifo:dcfifo_component|dcfifo_jej1:auto_generated|alt_synch_pipe_hpl:rs_dgwp|dffpipe_2f9:dffpipe5|dffe9a[10]  ; 0.054             ;
; Sdram_Control:u7|Sdram_RD_FIFO:u_read1_fifo|dcfifo:dcfifo_component|dcfifo_jej1:auto_generated|alt_synch_pipe_hpl:rs_dgwp|dffpipe_2f9:dffpipe5|dffe9a[10]    ; Sdram_Control:u7|Sdram_RD_FIFO:u_read1_fifo|dcfifo:dcfifo_component|dcfifo_jej1:auto_generated|alt_synch_pipe_hpl:rs_dgwp|dffpipe_2f9:dffpipe5|dffe10a[10] ; 0.054             ;
; Sdram_Control:u7|Sdram_RD_FIFO:u_read1_fifo|dcfifo:dcfifo_component|dcfifo_jej1:auto_generated|alt_synch_pipe_hpl:rs_dgwp|dffpipe_2f9:dffpipe5|dffe10a[10]   ; Sdram_Control:u7|Sdram_RD_FIFO:u_read1_fifo|dcfifo:dcfifo_component|dcfifo_jej1:auto_generated|alt_synch_pipe_hpl:rs_dgwp|dffpipe_2f9:dffpipe5|dffe11a[10] ; 0.054             ;
; Sdram_Control:u7|Sdram_RD_FIFO:u_read1_fifo|dcfifo:dcfifo_component|dcfifo_jej1:auto_generated|alt_synch_pipe_hpl:rs_dgwp|dffpipe_2f9:dffpipe5|dffe11a[10]   ; Sdram_Control:u7|Sdram_RD_FIFO:u_read1_fifo|dcfifo:dcfifo_component|dcfifo_jej1:auto_generated|alt_synch_pipe_hpl:rs_dgwp|dffpipe_2f9:dffpipe5|dffe12a[10] ; 0.054             ;
; Sdram_Control:u7|Sdram_RD_FIFO:u_read1_fifo|dcfifo:dcfifo_component|dcfifo_jej1:auto_generated|alt_synch_pipe_hpl:rs_dgwp|dffpipe_2f9:dffpipe5|dffe6a[8]     ; Sdram_Control:u7|Sdram_RD_FIFO:u_read1_fifo|dcfifo:dcfifo_component|dcfifo_jej1:auto_generated|alt_synch_pipe_hpl:rs_dgwp|dffpipe_2f9:dffpipe5|dffe7a[8]   ; 0.054             ;
; Sdram_Control:u7|Sdram_RD_FIFO:u_read1_fifo|dcfifo:dcfifo_component|dcfifo_jej1:auto_generated|alt_synch_pipe_hpl:rs_dgwp|dffpipe_2f9:dffpipe5|dffe7a[8]     ; Sdram_Control:u7|Sdram_RD_FIFO:u_read1_fifo|dcfifo:dcfifo_component|dcfifo_jej1:auto_generated|alt_synch_pipe_hpl:rs_dgwp|dffpipe_2f9:dffpipe5|dffe8a[8]   ; 0.054             ;
; Sdram_Control:u7|Sdram_RD_FIFO:u_read1_fifo|dcfifo:dcfifo_component|dcfifo_jej1:auto_generated|alt_synch_pipe_hpl:rs_dgwp|dffpipe_2f9:dffpipe5|dffe8a[8]     ; Sdram_Control:u7|Sdram_RD_FIFO:u_read1_fifo|dcfifo:dcfifo_component|dcfifo_jej1:auto_generated|alt_synch_pipe_hpl:rs_dgwp|dffpipe_2f9:dffpipe5|dffe9a[8]   ; 0.054             ;
; Sdram_Control:u7|Sdram_RD_FIFO:u_read1_fifo|dcfifo:dcfifo_component|dcfifo_jej1:auto_generated|alt_synch_pipe_hpl:rs_dgwp|dffpipe_2f9:dffpipe5|dffe9a[8]     ; Sdram_Control:u7|Sdram_RD_FIFO:u_read1_fifo|dcfifo:dcfifo_component|dcfifo_jej1:auto_generated|alt_synch_pipe_hpl:rs_dgwp|dffpipe_2f9:dffpipe5|dffe10a[8]  ; 0.054             ;
; Sdram_Control:u7|Sdram_RD_FIFO:u_read1_fifo|dcfifo:dcfifo_component|dcfifo_jej1:auto_generated|alt_synch_pipe_hpl:rs_dgwp|dffpipe_2f9:dffpipe5|dffe10a[8]    ; Sdram_Control:u7|Sdram_RD_FIFO:u_read1_fifo|dcfifo:dcfifo_component|dcfifo_jej1:auto_generated|alt_synch_pipe_hpl:rs_dgwp|dffpipe_2f9:dffpipe5|dffe11a[8]  ; 0.054             ;
; Sdram_Control:u7|Sdram_RD_FIFO:u_read1_fifo|dcfifo:dcfifo_component|dcfifo_jej1:auto_generated|alt_synch_pipe_hpl:rs_dgwp|dffpipe_2f9:dffpipe5|dffe11a[8]    ; Sdram_Control:u7|Sdram_RD_FIFO:u_read1_fifo|dcfifo:dcfifo_component|dcfifo_jej1:auto_generated|alt_synch_pipe_hpl:rs_dgwp|dffpipe_2f9:dffpipe5|dffe12a[8]  ; 0.054             ;
; Sdram_Control:u7|Sdram_RD_FIFO:u_read1_fifo|dcfifo:dcfifo_component|dcfifo_jej1:auto_generated|alt_synch_pipe_hpl:rs_dgwp|dffpipe_2f9:dffpipe5|dffe6a[9]     ; Sdram_Control:u7|Sdram_RD_FIFO:u_read1_fifo|dcfifo:dcfifo_component|dcfifo_jej1:auto_generated|alt_synch_pipe_hpl:rs_dgwp|dffpipe_2f9:dffpipe5|dffe7a[9]   ; 0.054             ;
; Sdram_Control:u7|Sdram_RD_FIFO:u_read1_fifo|dcfifo:dcfifo_component|dcfifo_jej1:auto_generated|alt_synch_pipe_hpl:rs_dgwp|dffpipe_2f9:dffpipe5|dffe7a[9]     ; Sdram_Control:u7|Sdram_RD_FIFO:u_read1_fifo|dcfifo:dcfifo_component|dcfifo_jej1:auto_generated|alt_synch_pipe_hpl:rs_dgwp|dffpipe_2f9:dffpipe5|dffe8a[9]   ; 0.054             ;
; Sdram_Control:u7|Sdram_RD_FIFO:u_read1_fifo|dcfifo:dcfifo_component|dcfifo_jej1:auto_generated|alt_synch_pipe_hpl:rs_dgwp|dffpipe_2f9:dffpipe5|dffe8a[9]     ; Sdram_Control:u7|Sdram_RD_FIFO:u_read1_fifo|dcfifo:dcfifo_component|dcfifo_jej1:auto_generated|alt_synch_pipe_hpl:rs_dgwp|dffpipe_2f9:dffpipe5|dffe9a[9]   ; 0.054             ;
; Sdram_Control:u7|Sdram_RD_FIFO:u_read1_fifo|dcfifo:dcfifo_component|dcfifo_jej1:auto_generated|alt_synch_pipe_hpl:rs_dgwp|dffpipe_2f9:dffpipe5|dffe9a[9]     ; Sdram_Control:u7|Sdram_RD_FIFO:u_read1_fifo|dcfifo:dcfifo_component|dcfifo_jej1:auto_generated|alt_synch_pipe_hpl:rs_dgwp|dffpipe_2f9:dffpipe5|dffe10a[9]  ; 0.054             ;
; Sdram_Control:u7|Sdram_RD_FIFO:u_read1_fifo|dcfifo:dcfifo_component|dcfifo_jej1:auto_generated|alt_synch_pipe_hpl:rs_dgwp|dffpipe_2f9:dffpipe5|dffe10a[9]    ; Sdram_Control:u7|Sdram_RD_FIFO:u_read1_fifo|dcfifo:dcfifo_component|dcfifo_jej1:auto_generated|alt_synch_pipe_hpl:rs_dgwp|dffpipe_2f9:dffpipe5|dffe11a[9]  ; 0.054             ;
; Sdram_Control:u7|Sdram_RD_FIFO:u_read1_fifo|dcfifo:dcfifo_component|dcfifo_jej1:auto_generated|alt_synch_pipe_hpl:rs_dgwp|dffpipe_2f9:dffpipe5|dffe11a[9]    ; Sdram_Control:u7|Sdram_RD_FIFO:u_read1_fifo|dcfifo:dcfifo_component|dcfifo_jej1:auto_generated|alt_synch_pipe_hpl:rs_dgwp|dffpipe_2f9:dffpipe5|dffe12a[9]  ; 0.054             ;
; Sdram_Control:u7|Sdram_RD_FIFO:u_read1_fifo|dcfifo:dcfifo_component|dcfifo_jej1:auto_generated|alt_synch_pipe_hpl:rs_dgwp|dffpipe_2f9:dffpipe5|dffe6a[6]     ; Sdram_Control:u7|Sdram_RD_FIFO:u_read1_fifo|dcfifo:dcfifo_component|dcfifo_jej1:auto_generated|alt_synch_pipe_hpl:rs_dgwp|dffpipe_2f9:dffpipe5|dffe7a[6]   ; 0.054             ;
; Sdram_Control:u7|Sdram_RD_FIFO:u_read1_fifo|dcfifo:dcfifo_component|dcfifo_jej1:auto_generated|alt_synch_pipe_hpl:rs_dgwp|dffpipe_2f9:dffpipe5|dffe7a[6]     ; Sdram_Control:u7|Sdram_RD_FIFO:u_read1_fifo|dcfifo:dcfifo_component|dcfifo_jej1:auto_generated|alt_synch_pipe_hpl:rs_dgwp|dffpipe_2f9:dffpipe5|dffe8a[6]   ; 0.054             ;
; Sdram_Control:u7|Sdram_RD_FIFO:u_read1_fifo|dcfifo:dcfifo_component|dcfifo_jej1:auto_generated|alt_synch_pipe_hpl:rs_dgwp|dffpipe_2f9:dffpipe5|dffe8a[6]     ; Sdram_Control:u7|Sdram_RD_FIFO:u_read1_fifo|dcfifo:dcfifo_component|dcfifo_jej1:auto_generated|alt_synch_pipe_hpl:rs_dgwp|dffpipe_2f9:dffpipe5|dffe9a[6]   ; 0.054             ;
; Sdram_Control:u7|Sdram_RD_FIFO:u_read1_fifo|dcfifo:dcfifo_component|dcfifo_jej1:auto_generated|alt_synch_pipe_hpl:rs_dgwp|dffpipe_2f9:dffpipe5|dffe9a[6]     ; Sdram_Control:u7|Sdram_RD_FIFO:u_read1_fifo|dcfifo:dcfifo_component|dcfifo_jej1:auto_generated|alt_synch_pipe_hpl:rs_dgwp|dffpipe_2f9:dffpipe5|dffe10a[6]  ; 0.054             ;
; Sdram_Control:u7|Sdram_RD_FIFO:u_read1_fifo|dcfifo:dcfifo_component|dcfifo_jej1:auto_generated|alt_synch_pipe_hpl:rs_dgwp|dffpipe_2f9:dffpipe5|dffe10a[6]    ; Sdram_Control:u7|Sdram_RD_FIFO:u_read1_fifo|dcfifo:dcfifo_component|dcfifo_jej1:auto_generated|alt_synch_pipe_hpl:rs_dgwp|dffpipe_2f9:dffpipe5|dffe11a[6]  ; 0.054             ;
; Sdram_Control:u7|Sdram_RD_FIFO:u_read1_fifo|dcfifo:dcfifo_component|dcfifo_jej1:auto_generated|alt_synch_pipe_hpl:rs_dgwp|dffpipe_2f9:dffpipe5|dffe11a[6]    ; Sdram_Control:u7|Sdram_RD_FIFO:u_read1_fifo|dcfifo:dcfifo_component|dcfifo_jej1:auto_generated|alt_synch_pipe_hpl:rs_dgwp|dffpipe_2f9:dffpipe5|dffe12a[6]  ; 0.054             ;
; Sdram_Control:u7|Sdram_RD_FIFO:u_read1_fifo|dcfifo:dcfifo_component|dcfifo_jej1:auto_generated|alt_synch_pipe_hpl:rs_dgwp|dffpipe_2f9:dffpipe5|dffe6a[7]     ; Sdram_Control:u7|Sdram_RD_FIFO:u_read1_fifo|dcfifo:dcfifo_component|dcfifo_jej1:auto_generated|alt_synch_pipe_hpl:rs_dgwp|dffpipe_2f9:dffpipe5|dffe7a[7]   ; 0.054             ;
; Sdram_Control:u7|Sdram_RD_FIFO:u_read1_fifo|dcfifo:dcfifo_component|dcfifo_jej1:auto_generated|alt_synch_pipe_hpl:rs_dgwp|dffpipe_2f9:dffpipe5|dffe7a[7]     ; Sdram_Control:u7|Sdram_RD_FIFO:u_read1_fifo|dcfifo:dcfifo_component|dcfifo_jej1:auto_generated|alt_synch_pipe_hpl:rs_dgwp|dffpipe_2f9:dffpipe5|dffe8a[7]   ; 0.054             ;
; Sdram_Control:u7|Sdram_RD_FIFO:u_read1_fifo|dcfifo:dcfifo_component|dcfifo_jej1:auto_generated|alt_synch_pipe_hpl:rs_dgwp|dffpipe_2f9:dffpipe5|dffe8a[7]     ; Sdram_Control:u7|Sdram_RD_FIFO:u_read1_fifo|dcfifo:dcfifo_component|dcfifo_jej1:auto_generated|alt_synch_pipe_hpl:rs_dgwp|dffpipe_2f9:dffpipe5|dffe9a[7]   ; 0.054             ;
; Sdram_Control:u7|Sdram_RD_FIFO:u_read1_fifo|dcfifo:dcfifo_component|dcfifo_jej1:auto_generated|alt_synch_pipe_hpl:rs_dgwp|dffpipe_2f9:dffpipe5|dffe9a[7]     ; Sdram_Control:u7|Sdram_RD_FIFO:u_read1_fifo|dcfifo:dcfifo_component|dcfifo_jej1:auto_generated|alt_synch_pipe_hpl:rs_dgwp|dffpipe_2f9:dffpipe5|dffe10a[7]  ; 0.054             ;
; Sdram_Control:u7|Sdram_RD_FIFO:u_read1_fifo|dcfifo:dcfifo_component|dcfifo_jej1:auto_generated|alt_synch_pipe_hpl:rs_dgwp|dffpipe_2f9:dffpipe5|dffe10a[7]    ; Sdram_Control:u7|Sdram_RD_FIFO:u_read1_fifo|dcfifo:dcfifo_component|dcfifo_jej1:auto_generated|alt_synch_pipe_hpl:rs_dgwp|dffpipe_2f9:dffpipe5|dffe11a[7]  ; 0.054             ;
; Sdram_Control:u7|Sdram_RD_FIFO:u_read1_fifo|dcfifo:dcfifo_component|dcfifo_jej1:auto_generated|alt_synch_pipe_hpl:rs_dgwp|dffpipe_2f9:dffpipe5|dffe11a[7]    ; Sdram_Control:u7|Sdram_RD_FIFO:u_read1_fifo|dcfifo:dcfifo_component|dcfifo_jej1:auto_generated|alt_synch_pipe_hpl:rs_dgwp|dffpipe_2f9:dffpipe5|dffe12a[7]  ; 0.054             ;
; Sdram_Control:u7|Sdram_WR_FIFO:u_write1_fifo|dcfifo:dcfifo_component|dcfifo_0ej1:auto_generated|rdptr_g[10]                                                  ; Sdram_Control:u7|Sdram_WR_FIFO:u_write1_fifo|dcfifo:dcfifo_component|dcfifo_0ej1:auto_generated|dffpipe_pe9:rs_brp|dffe12a[8]                              ; 0.049             ;
; Sdram_Control:u7|CMD[0]                                                                                                                                      ; Sdram_Control:u7|control_interface:u_control_interface|READA                                                                                               ; 0.037             ;
; Sdram_Control:u7|CMD[1]                                                                                                                                      ; Sdram_Control:u7|control_interface:u_control_interface|WRITEA                                                                                              ; 0.037             ;
; sld_signaltap:auto_signaltap_0|sld_signaltap_impl:sld_signaltap_body|sld_signaltap_implb:sld_signaltap_body|serial_crc_16:\tdo_crc_gen:tdo_crc_calc|lfsr[11] ; sld_signaltap:auto_signaltap_0|sld_signaltap_impl:sld_signaltap_body|sld_signaltap_implb:sld_signaltap_body|tdo_crc_val_shift_reg[11]                      ; 0.031             ;
; sld_signaltap:auto_signaltap_0|sld_signaltap_impl:sld_signaltap_body|sld_signaltap_implb:sld_signaltap_body|serial_crc_16:\tdo_crc_gen:tdo_crc_calc|lfsr[10] ; sld_signaltap:auto_signaltap_0|sld_signaltap_impl:sld_signaltap_body|sld_signaltap_implb:sld_signaltap_body|tdo_crc_val_shift_reg[10]                      ; 0.031             ;
; sld_signaltap:auto_signaltap_0|sld_signaltap_impl:sld_signaltap_body|sld_signaltap_implb:sld_signaltap_body|serial_crc_16:\tdo_crc_gen:tdo_crc_calc|lfsr[9]  ; sld_signaltap:auto_signaltap_0|sld_signaltap_impl:sld_signaltap_body|sld_signaltap_implb:sld_signaltap_body|tdo_crc_val_shift_reg[9]                       ; 0.031             ;
+--------------------------------------------------------------------------------------------------------------------------------------------------------------+------------------------------------------------------------------------------------------------------------------------------------------------------------+-------------------+
Note: This table only shows the top 100 path(s) that have the largest delay added for hold.


+-----------------+
; Fitter Messages ;
+-----------------+
Warning (18236): Number of processors has not been specified which may cause overloading on shared machines.  Set the global assignment NUM_PARALLEL_PROCESSORS in your QSF to an appropriate value for best performance.
Info (20030): Parallel compilation is enabled and will use 2 of the 2 processors detected
Info (119006): Selected device EP4CE115F29C7 for design "DE2_115_D8M_RTL"
Info (21077): Low junction temperature is 0 degrees C
Info (21077): High junction temperature is 85 degrees C
Info (15535): Implemented PLL "VIDEO_PLL:pll_ref1|altpll:altpll_component|VIDEO_PLL_altpll:auto_generated|pll1" as Cyclone IV E PLL type File: D:/intelFPGA_lite/18.1/codigo/MNIST_Classification_FPGA-master/Project_FPGA/DE2_115_D8M_RTL/db/video_pll_altpll.v Line: 50
    Info (15099): Implementing clock multiplication of 1, clock division of 2, and phase shift of 0 degrees (0 ps) for VIDEO_PLL:pll_ref1|altpll:altpll_component|VIDEO_PLL_altpll:auto_generated|wire_pll1_clk[0] port File: D:/intelFPGA_lite/18.1/codigo/MNIST_Classification_FPGA-master/Project_FPGA/DE2_115_D8M_RTL/db/video_pll_altpll.v Line: 50
Info (15535): Implemented PLL "sdram_pll:u6|altpll:altpll_component|sdram_pll_altpll:auto_generated|pll1" as Cyclone IV E PLL type File: D:/intelFPGA_lite/18.1/codigo/MNIST_Classification_FPGA-master/Project_FPGA/DE2_115_D8M_RTL/db/sdram_pll_altpll.v Line: 50
    Info (15099): Implementing clock multiplication of 2, clock division of 1, and phase shift of 0 degrees (0 ps) for sdram_pll:u6|altpll:altpll_component|sdram_pll_altpll:auto_generated|wire_pll1_clk[0] port File: D:/intelFPGA_lite/18.1/codigo/MNIST_Classification_FPGA-master/Project_FPGA/DE2_115_D8M_RTL/db/sdram_pll_altpll.v Line: 50
    Info (15099): Implementing clock multiplication of 2, clock division of 1, and phase shift of -90 degrees (-2500 ps) for sdram_pll:u6|altpll:altpll_component|sdram_pll_altpll:auto_generated|wire_pll1_clk[1] port File: D:/intelFPGA_lite/18.1/codigo/MNIST_Classification_FPGA-master/Project_FPGA/DE2_115_D8M_RTL/db/sdram_pll_altpll.v Line: 50
Info (15535): Implemented PLL "pll_test:pll_ref|altpll:altpll_component|pll_test_altpll:auto_generated|pll1" as Cyclone IV E PLL type File: D:/intelFPGA_lite/18.1/codigo/MNIST_Classification_FPGA-master/Project_FPGA/DE2_115_D8M_RTL/db/pll_test_altpll.v Line: 46
    Info (15099): Implementing clock multiplication of 12, clock division of 25, and phase shift of 0 degrees (0 ps) for pll_test:pll_ref|altpll:altpll_component|pll_test_altpll:auto_generated|wire_pll1_clk[0] port File: D:/intelFPGA_lite/18.1/codigo/MNIST_Classification_FPGA-master/Project_FPGA/DE2_115_D8M_RTL/db/pll_test_altpll.v Line: 46
Info (171003): Fitter is performing an Auto Fit compilation, which may decrease Fitter effort to reduce compilation time
Warning (292013): Feature LogicLock is only available with a valid subscription license. You can purchase a software subscription to gain full access to this feature.
Info (176444): Device migration not selected. If you intend to use device migration later, you may need to change the pin assignments as they may be incompatible with other devices
    Info (176445): Device EP4CE40F29C7 is compatible
    Info (176445): Device EP4CE40F29I7 is compatible
    Info (176445): Device EP4CE30F29C7 is compatible
    Info (176445): Device EP4CE30F29I7 is compatible
    Info (176445): Device EP4CE55F29C7 is compatible
    Info (176445): Device EP4CE55F29I7 is compatible
    Info (176445): Device EP4CE75F29C7 is compatible
    Info (176445): Device EP4CE75F29I7 is compatible
    Info (176445): Device EP4CE115F29I7 is compatible
Info (169124): Fitter converted 5 user pins into dedicated programming pins
    Info (169125): Pin ~ALTERA_ASDO_DATA1~ is reserved at location F4
    Info (169125): Pin ~ALTERA_FLASH_nCE_nCSO~ is reserved at location E2
    Info (169125): Pin ~ALTERA_DCLK~ is reserved at location P3
    Info (169125): Pin ~ALTERA_DATA0~ is reserved at location N7
    Info (169125): Pin ~ALTERA_nCEO~ is reserved at location P28
Warning (15714): Some pins have incomplete I/O assignments. Refer to the I/O Assignment Warnings report for details
Info (176045): Design uses memory blocks. Violating setup or hold times of memory block address registers for either read or write operations could cause memory contents to be corrupted. Make sure that all memory block address registers meet the setup and hold time requirements.
Critical Warning (169085): No exact pin location assignment(s) for 7 pins of 217 total pins. For the list of pins please refer to the I/O Assignment Warnings table in the fitter report.
Info (332164): Evaluating HDL-embedded SDC commands
    Info (332165): Entity dcfifo_0ej1
        Info (332166): set_false_path -from *rdptr_g* -to *ws_dgrp|dffpipe_1f9:dffpipe22|dffe23a* 
        Info (332166): set_false_path -from *delayed_wrptr_g* -to *rs_dgwp|dffpipe_0f9:dffpipe13|dffe14a* 
    Info (332165): Entity dcfifo_jej1
        Info (332166): set_false_path -from *rdptr_g* -to *ws_dgrp|dffpipe_3f9:dffpipe14|dffe15a* 
        Info (332166): set_false_path -from *delayed_wrptr_g* -to *rs_dgwp|dffpipe_2f9:dffpipe5|dffe6a* 
    Info (332165): Entity sld_hub
        Info (332166): create_clock -name altera_reserved_tck [get_ports {altera_reserved_tck}] -period 10MHz   
        Info (332166): set_clock_groups -asynchronous -group {altera_reserved_tck}
Info (332104): Reading SDC File: 'DE2_115_D8M_RTL.sdc'
Warning (332174): Ignored filter at DE2_115_D8M_RTL.sdc(12): MIPI_PIXEL_CLK could not be matched with a port File: D:/intelFPGA_lite/18.1/codigo/MNIST_Classification_FPGA-master/Project_FPGA/DE2_115_D8M_RTL/DE2_115_D8M_RTL.sdc Line: 12
Warning (332049): Ignored create_clock at DE2_115_D8M_RTL.sdc(12): Argument <targets> is an empty collection File: D:/intelFPGA_lite/18.1/codigo/MNIST_Classification_FPGA-master/Project_FPGA/DE2_115_D8M_RTL/DE2_115_D8M_RTL.sdc Line: 12
    Info (332050): create_clock -period "25.0 MHz"  -name MIPI_PIXEL_CLK [get_ports MIPI_PIXEL_CLK] File: D:/intelFPGA_lite/18.1/codigo/MNIST_Classification_FPGA-master/Project_FPGA/DE2_115_D8M_RTL/DE2_115_D8M_RTL.sdc Line: 12
Warning (332174): Ignored filter at DE2_115_D8M_RTL.sdc(20): MIPI_PIXEL_D[*] could not be matched with a port File: D:/intelFPGA_lite/18.1/codigo/MNIST_Classification_FPGA-master/Project_FPGA/DE2_115_D8M_RTL/DE2_115_D8M_RTL.sdc Line: 20
Warning (332174): Ignored filter at DE2_115_D8M_RTL.sdc(20): MIPI_PIXEL_CLK could not be matched with a clock File: D:/intelFPGA_lite/18.1/codigo/MNIST_Classification_FPGA-master/Project_FPGA/DE2_115_D8M_RTL/DE2_115_D8M_RTL.sdc Line: 20
Warning (332049): Ignored set_input_delay at DE2_115_D8M_RTL.sdc(20): Argument <targets> is an empty collection File: D:/intelFPGA_lite/18.1/codigo/MNIST_Classification_FPGA-master/Project_FPGA/DE2_115_D8M_RTL/DE2_115_D8M_RTL.sdc Line: 20
    Info (332050): set_input_delay 5.0 -clock "MIPI_PIXEL_CLK" [get_ports {MIPI_PIXEL_D[*]}] File: D:/intelFPGA_lite/18.1/codigo/MNIST_Classification_FPGA-master/Project_FPGA/DE2_115_D8M_RTL/DE2_115_D8M_RTL.sdc Line: 20
Warning (332049): Ignored set_input_delay at DE2_115_D8M_RTL.sdc(20): Argument -clock is not an object ID File: D:/intelFPGA_lite/18.1/codigo/MNIST_Classification_FPGA-master/Project_FPGA/DE2_115_D8M_RTL/DE2_115_D8M_RTL.sdc Line: 20
Warning (332174): Ignored filter at DE2_115_D8M_RTL.sdc(21): MIPI_PIXEL_VS could not be matched with a port File: D:/intelFPGA_lite/18.1/codigo/MNIST_Classification_FPGA-master/Project_FPGA/DE2_115_D8M_RTL/DE2_115_D8M_RTL.sdc Line: 21
Warning (332049): Ignored set_input_delay at DE2_115_D8M_RTL.sdc(21): Argument <targets> is an empty collection File: D:/intelFPGA_lite/18.1/codigo/MNIST_Classification_FPGA-master/Project_FPGA/DE2_115_D8M_RTL/DE2_115_D8M_RTL.sdc Line: 21
    Info (332050): set_input_delay 5.0 -clock "MIPI_PIXEL_CLK" [get_ports MIPI_PIXEL_VS] File: D:/intelFPGA_lite/18.1/codigo/MNIST_Classification_FPGA-master/Project_FPGA/DE2_115_D8M_RTL/DE2_115_D8M_RTL.sdc Line: 21
Warning (332049): Ignored set_input_delay at DE2_115_D8M_RTL.sdc(21): Argument -clock is not an object ID File: D:/intelFPGA_lite/18.1/codigo/MNIST_Classification_FPGA-master/Project_FPGA/DE2_115_D8M_RTL/DE2_115_D8M_RTL.sdc Line: 21
Warning (332174): Ignored filter at DE2_115_D8M_RTL.sdc(22): MIPI_PIXEL_HS could not be matched with a port File: D:/intelFPGA_lite/18.1/codigo/MNIST_Classification_FPGA-master/Project_FPGA/DE2_115_D8M_RTL/DE2_115_D8M_RTL.sdc Line: 22
Warning (332049): Ignored set_input_delay at DE2_115_D8M_RTL.sdc(22): Argument <targets> is an empty collection File: D:/intelFPGA_lite/18.1/codigo/MNIST_Classification_FPGA-master/Project_FPGA/DE2_115_D8M_RTL/DE2_115_D8M_RTL.sdc Line: 22
    Info (332050): set_input_delay 5.0 -clock "MIPI_PIXEL_CLK" [get_ports MIPI_PIXEL_HS] File: D:/intelFPGA_lite/18.1/codigo/MNIST_Classification_FPGA-master/Project_FPGA/DE2_115_D8M_RTL/DE2_115_D8M_RTL.sdc Line: 22
Warning (332049): Ignored set_input_delay at DE2_115_D8M_RTL.sdc(22): Argument -clock is not an object ID File: D:/intelFPGA_lite/18.1/codigo/MNIST_Classification_FPGA-master/Project_FPGA/DE2_115_D8M_RTL/DE2_115_D8M_RTL.sdc Line: 22
Warning (332049): Ignored create_clock at DE2_115_D8M_RTL.sdc(25): Time value "60 Hz" is not valid File: D:/intelFPGA_lite/18.1/codigo/MNIST_Classification_FPGA-master/Project_FPGA/DE2_115_D8M_RTL/DE2_115_D8M_RTL.sdc Line: 25
    Info (332050): create_clock -period "60 Hz"  -name  VGA_VS [get_ports VGA_VS] File: D:/intelFPGA_lite/18.1/codigo/MNIST_Classification_FPGA-master/Project_FPGA/DE2_115_D8M_RTL/DE2_115_D8M_RTL.sdc Line: 25
Warning (332049): Ignored create_clock at DE2_115_D8M_RTL.sdc(25): Option -period: Invalid clock period File: D:/intelFPGA_lite/18.1/codigo/MNIST_Classification_FPGA-master/Project_FPGA/DE2_115_D8M_RTL/DE2_115_D8M_RTL.sdc Line: 25
Warning (332174): Ignored filter at DE2_115_D8M_RTL.sdc(35): VGA_CLK could not be matched with a clock File: D:/intelFPGA_lite/18.1/codigo/MNIST_Classification_FPGA-master/Project_FPGA/DE2_115_D8M_RTL/DE2_115_D8M_RTL.sdc Line: 35
Warning (332049): Ignored set_output_delay at DE2_115_D8M_RTL.sdc(35): Argument -clock is not an object ID File: D:/intelFPGA_lite/18.1/codigo/MNIST_Classification_FPGA-master/Project_FPGA/DE2_115_D8M_RTL/DE2_115_D8M_RTL.sdc Line: 35
    Info (332050): set_output_delay 5.0 -clock "VGA_CLK" [get_ports {VGA_R[*]}] File: D:/intelFPGA_lite/18.1/codigo/MNIST_Classification_FPGA-master/Project_FPGA/DE2_115_D8M_RTL/DE2_115_D8M_RTL.sdc Line: 35
Warning (332049): Ignored set_output_delay at DE2_115_D8M_RTL.sdc(36): Argument -clock is not an object ID File: D:/intelFPGA_lite/18.1/codigo/MNIST_Classification_FPGA-master/Project_FPGA/DE2_115_D8M_RTL/DE2_115_D8M_RTL.sdc Line: 36
    Info (332050): set_output_delay 5.0 -clock "VGA_CLK" [get_ports {VGA_G[*]}] File: D:/intelFPGA_lite/18.1/codigo/MNIST_Classification_FPGA-master/Project_FPGA/DE2_115_D8M_RTL/DE2_115_D8M_RTL.sdc Line: 36
Warning (332049): Ignored set_output_delay at DE2_115_D8M_RTL.sdc(37): Argument -clock is not an object ID File: D:/intelFPGA_lite/18.1/codigo/MNIST_Classification_FPGA-master/Project_FPGA/DE2_115_D8M_RTL/DE2_115_D8M_RTL.sdc Line: 37
    Info (332050): set_output_delay 5.0 -clock "VGA_CLK" [get_ports {VGA_B[*]}] File: D:/intelFPGA_lite/18.1/codigo/MNIST_Classification_FPGA-master/Project_FPGA/DE2_115_D8M_RTL/DE2_115_D8M_RTL.sdc Line: 37
Warning (332174): Ignored filter at DE2_115_D8M_RTL.sdc(38): VGA_DE could not be matched with a port File: D:/intelFPGA_lite/18.1/codigo/MNIST_Classification_FPGA-master/Project_FPGA/DE2_115_D8M_RTL/DE2_115_D8M_RTL.sdc Line: 38
Warning (332049): Ignored set_output_delay at DE2_115_D8M_RTL.sdc(38): Argument <targets> is an empty collection File: D:/intelFPGA_lite/18.1/codigo/MNIST_Classification_FPGA-master/Project_FPGA/DE2_115_D8M_RTL/DE2_115_D8M_RTL.sdc Line: 38
    Info (332050): set_output_delay 5.0 -clock "VGA_CLK" [get_ports VGA_DE] File: D:/intelFPGA_lite/18.1/codigo/MNIST_Classification_FPGA-master/Project_FPGA/DE2_115_D8M_RTL/DE2_115_D8M_RTL.sdc Line: 38
Warning (332049): Ignored set_output_delay at DE2_115_D8M_RTL.sdc(38): Argument -clock is not an object ID File: D:/intelFPGA_lite/18.1/codigo/MNIST_Classification_FPGA-master/Project_FPGA/DE2_115_D8M_RTL/DE2_115_D8M_RTL.sdc Line: 38
Warning (332049): Ignored set_output_delay at DE2_115_D8M_RTL.sdc(39): Argument -clock is not an object ID File: D:/intelFPGA_lite/18.1/codigo/MNIST_Classification_FPGA-master/Project_FPGA/DE2_115_D8M_RTL/DE2_115_D8M_RTL.sdc Line: 39
    Info (332050): set_output_delay 5.0 -clock "VGA_CLK" [get_ports VGA_VS] File: D:/intelFPGA_lite/18.1/codigo/MNIST_Classification_FPGA-master/Project_FPGA/DE2_115_D8M_RTL/DE2_115_D8M_RTL.sdc Line: 39
Warning (332049): Ignored set_output_delay at DE2_115_D8M_RTL.sdc(40): Argument -clock is not an object ID File: D:/intelFPGA_lite/18.1/codigo/MNIST_Classification_FPGA-master/Project_FPGA/DE2_115_D8M_RTL/DE2_115_D8M_RTL.sdc Line: 40
    Info (332050): set_output_delay 5.0 -clock "VGA_CLK" [get_ports VGA_HS] File: D:/intelFPGA_lite/18.1/codigo/MNIST_Classification_FPGA-master/Project_FPGA/DE2_115_D8M_RTL/DE2_115_D8M_RTL.sdc Line: 40
Warning (332060): Node: cmos_pclk was determined to be a clock but was found without an associated clock assignment.
    Info (13166): Register Sdram_Control:u7|Sdram_WR_FIFO:u_write1_fifo|dcfifo:dcfifo_component|dcfifo_0ej1:auto_generated|delayed_wrptr_g[9] is being clocked by cmos_pclk
Warning (332056): PLL cross checking found inconsistent PLL clock settings:
    Warning (332056): Node: pll_ref1|altpll_component|auto_generated|pll1|clk[0] was found missing 1 generated clock that corresponds to a base clock with a period of: 20.000
    Warning (332056): Node: u6|altpll_component|auto_generated|pll1|clk[0] was found missing 1 generated clock that corresponds to a base clock with a period of: 20.000
    Warning (332056): Node: u6|altpll_component|auto_generated|pll1|clk[1] was found missing 1 generated clock that corresponds to a base clock with a period of: 20.000
    Warning (332056): Node: pll_ref|altpll_component|auto_generated|pll1|clk[0] was found missing 1 generated clock that corresponds to a base clock with a period of: 20.000
Critical Warning (332168): The following clock transfers have no clock uncertainty assignment. For more accurate results, apply clock uncertainty assignments or use the derive_clock_uncertainty command.
    Critical Warning (332169): From altera_reserved_tck (Rise) to altera_reserved_tck (Rise) (setup and hold)
    Critical Warning (332169): From altera_reserved_tck (Rise) to altera_reserved_tck (Fall) (setup and hold)
    Critical Warning (332169): From CLOCK2_50 (Rise) to CLOCK2_50 (Rise) (setup and hold)
    Critical Warning (332169): From CLOCK_50 (Rise) to CLOCK2_50 (Rise) (setup and hold)
    Critical Warning (332169): From CLOCK3_50 (Rise) to CLOCK3_50 (Rise) (setup and hold)
    Critical Warning (332169): From CLOCK2_50 (Rise) to CLOCK_50 (Rise) (setup and hold)
    Critical Warning (332169): From CLOCK_50 (Rise) to CLOCK_50 (Rise) (setup and hold)
Info (332129): Detected timing requirements -- optimizing circuit to achieve only the specified requirements
Info (332111): Found 5 clocks
    Info (332111):   Period   Clock Name
    Info (332111): ======== ============
    Info (332111):  100.000 altera_reserved_tck
    Info (332111):   20.000    CLOCK2_50
    Info (332111):   20.000    CLOCK3_50
    Info (332111):   20.000     CLOCK_50
    Info (332111): 66666.666       VGA_HS
Info (176353): Automatically promoted node CLOCK2_50~input (placed in PIN AG14 (CLK15, DIFFCLK_6p)) File: D:/intelFPGA_lite/18.1/codigo/MNIST_Classification_FPGA-master/Project_FPGA/DE2_115_D8M_RTL/de2_115_d8m_rtl.v Line: 11
    Info (176355): Automatically promoted destinations to use location or clock signal Global Clock CLKCTRL_G15
Info (176353): Automatically promoted node CLOCK3_50~input (placed in PIN AG15 (CLK13, DIFFCLK_7p)) File: D:/intelFPGA_lite/18.1/codigo/MNIST_Classification_FPGA-master/Project_FPGA/DE2_115_D8M_RTL/de2_115_d8m_rtl.v Line: 12
    Info (176355): Automatically promoted destinations to use location or clock signal Global Clock CLKCTRL_G17
Info (176353): Automatically promoted node pll_test:pll_ref|altpll:altpll_component|pll_test_altpll:auto_generated|wire_pll1_clk[0] (placed in counter C0 of PLL_3) File: D:/intelFPGA_lite/18.1/codigo/MNIST_Classification_FPGA-master/Project_FPGA/DE2_115_D8M_RTL/db/pll_test_altpll.v Line: 80
    Info (176355): Automatically promoted destinations to use location or clock signal Global Clock CLKCTRL_G13
Info (176353): Automatically promoted node sdram_pll:u6|altpll:altpll_component|sdram_pll_altpll:auto_generated|wire_pll1_clk[0] (placed in counter C1 of PLL_1) File: D:/intelFPGA_lite/18.1/codigo/MNIST_Classification_FPGA-master/Project_FPGA/DE2_115_D8M_RTL/db/sdram_pll_altpll.v Line: 92
    Info (176355): Automatically promoted destinations to use location or clock signal Global Clock CLKCTRL_G4
Info (176353): Automatically promoted node sdram_pll:u6|altpll:altpll_component|sdram_pll_altpll:auto_generated|wire_pll1_clk[1] (placed in counter C0 of PLL_1) File: D:/intelFPGA_lite/18.1/codigo/MNIST_Classification_FPGA-master/Project_FPGA/DE2_115_D8M_RTL/db/sdram_pll_altpll.v Line: 92
    Info (176355): Automatically promoted destinations to use location or clock signal External Clock Output CLKCTRL_PLL1E0
Info (176353): Automatically promoted node VIDEO_PLL:pll_ref1|altpll:altpll_component|VIDEO_PLL_altpll:auto_generated|wire_pll1_clk[0] (placed in counter C0 of PLL_4) File: D:/intelFPGA_lite/18.1/codigo/MNIST_Classification_FPGA-master/Project_FPGA/DE2_115_D8M_RTL/db/video_pll_altpll.v Line: 92
    Info (176355): Automatically promoted destinations to use location or clock signal Global Clock CLKCTRL_G18
Info (176353): Automatically promoted node altera_internal_jtag~TCKUTAP 
    Info (176355): Automatically promoted destinations to use location or clock signal Global Clock
Info (176353): Automatically promoted node sld_signaltap:auto_signaltap_0|sld_signaltap_impl:sld_signaltap_body|sld_signaltap_implb:sld_signaltap_body|reset_all  File: d:/intelfpga_lite/18.1/quartus/libraries/megafunctions/sld_signaltap_impl.vhd Line: 882
    Info (176355): Automatically promoted destinations to use location or clock signal Global Clock
    Info (176356): Following destination nodes may be non-global or may not use global or regional clocks
        Info (176357): Destination node sld_signaltap:auto_signaltap_0|sld_signaltap_impl:sld_signaltap_body|sld_signaltap_implb:sld_signaltap_body|sld_buffer_manager:sld_buffer_manager_inst|last_buffer_write_address_sig[0]~0 File: d:/intelfpga_lite/18.1/quartus/libraries/megafunctions/sld_buffer_manager.vhd Line: 356
        Info (176357): Destination node sld_signaltap:auto_signaltap_0|sld_signaltap_impl:sld_signaltap_body|sld_signaltap_implb:sld_signaltap_body|sld_offload_buffer_mgr:\stp_non_zero_depth_offload_gen:stp_offload_buff_mgr_inst|acq_buf_read_reset~0 File: d:/intelfpga_lite/18.1/quartus/libraries/megafunctions/sld_buffer_manager.vhd Line: 638
        Info (176357): Destination node sld_signaltap:auto_signaltap_0|sld_signaltap_impl:sld_signaltap_body|sld_signaltap_implb:sld_signaltap_body|sld_offload_buffer_mgr:\stp_non_zero_depth_offload_gen:stp_offload_buff_mgr_inst|acq_buf_read_reset File: d:/intelfpga_lite/18.1/quartus/libraries/megafunctions/sld_buffer_manager.vhd Line: 638
Info (176353): Automatically promoted node RESET_DELAY:u2|oRST_0  File: D:/intelFPGA_lite/18.1/codigo/MNIST_Classification_FPGA-master/Project_FPGA/DE2_115_D8M_RTL/V/RESET_DELAY.v Line: 47
    Info (176355): Automatically promoted destinations to use location or clock signal Global Clock
    Info (176356): Following destination nodes may be non-global or may not use global or regional clocks
        Info (176357): Destination node Sdram_Control:u7|always3~0
        Info (176357): Destination node RESET_DELAY:u2|oRST_0~1 File: D:/intelFPGA_lite/18.1/codigo/MNIST_Classification_FPGA-master/Project_FPGA/DE2_115_D8M_RTL/V/RESET_DELAY.v Line: 47
Info (176353): Automatically promoted node RESET_DELAY:u2|oRST_1  File: D:/intelFPGA_lite/18.1/codigo/MNIST_Classification_FPGA-master/Project_FPGA/DE2_115_D8M_RTL/V/RESET_DELAY.v Line: 48
    Info (176355): Automatically promoted destinations to use location or clock signal Global Clock
    Info (176356): Following destination nodes may be non-global or may not use global or regional clocks
        Info (176357): Destination node Sdram_Control:u7|always3~0
        Info (176357): Destination node RESET_DELAY:u2|oRST_1~0 File: D:/intelFPGA_lite/18.1/codigo/MNIST_Classification_FPGA-master/Project_FPGA/DE2_115_D8M_RTL/V/RESET_DELAY.v Line: 48
Info (176353): Automatically promoted node RESET_DELAY:u2|oREADY  File: D:/intelFPGA_lite/18.1/codigo/MNIST_Classification_FPGA-master/Project_FPGA/DE2_115_D8M_RTL/V/RESET_DELAY.v Line: 50
    Info (176355): Automatically promoted destinations to use location or clock signal Global Clock
    Info (176356): Following destination nodes may be non-global or may not use global or regional clocks
        Info (176357): Destination node RESET_DELAY:u2|oREADY~0 File: D:/intelFPGA_lite/18.1/codigo/MNIST_Classification_FPGA-master/Project_FPGA/DE2_115_D8M_RTL/V/RESET_DELAY.v Line: 50
        Info (176357): Destination node camera_interface:camera_inst|pclk_1 File: D:/intelFPGA_lite/18.1/codigo/FPGA_OV7670_Camera_Interface-main/src/camera_interface.v Line: 65
        Info (176357): Destination node camera_interface:camera_inst|href_1 File: D:/intelFPGA_lite/18.1/codigo/FPGA_OV7670_Camera_Interface-main/src/camera_interface.v Line: 65
        Info (176357): Destination node camera_interface:camera_inst|href_2 File: D:/intelFPGA_lite/18.1/codigo/FPGA_OV7670_Camera_Interface-main/src/camera_interface.v Line: 65
        Info (176357): Destination node camera_interface:camera_inst|pclk_2 File: D:/intelFPGA_lite/18.1/codigo/FPGA_OV7670_Camera_Interface-main/src/camera_interface.v Line: 65
        Info (176357): Destination node camera_interface:camera_inst|vsync_1 File: D:/intelFPGA_lite/18.1/codigo/FPGA_OV7670_Camera_Interface-main/src/camera_interface.v Line: 65
        Info (176357): Destination node camera_interface:camera_inst|vsync_2 File: D:/intelFPGA_lite/18.1/codigo/FPGA_OV7670_Camera_Interface-main/src/camera_interface.v Line: 65
        Info (176357): Destination node cmos_rst_n~output File: D:/intelFPGA_lite/18.1/codigo/MNIST_Classification_FPGA-master/Project_FPGA/DE2_115_D8M_RTL/de2_115_d8m_rtl.v Line: 61
Info (176233): Starting register packing
Info (176235): Finished register packing
    Extra Info (176219): No registers were packed into other blocks
Info (176214): Statistics of I/O pins that need to be placed that use the same VCCIO and VREF, before I/O pin placement
    Info (176211): Number of I/O pins in group: 7 (unused VREF, 3.3V VCCIO, 0 input, 7 output, 0 bidirectional)
        Info (176212): I/O standards used: 3.3-V LVTTL.
Info (176215): I/O bank details before I/O pin placement
    Info (176214): Statistics of I/O banks
        Info (176213): I/O bank number 1 does not use VREF pins and has 3.3V VCCIO pins. 19 total pin(s) used --  41 pins available
        Info (176213): I/O bank number 2 does not use VREF pins and has 3.3V VCCIO pins. 46 total pin(s) used --  17 pins available
        Info (176213): I/O bank number 3 does not use VREF pins and has 3.3V VCCIO pins. 3 total pin(s) used --  70 pins available
        Info (176213): I/O bank number 4 does not use VREF pins and has 3.3V VCCIO pins. 49 total pin(s) used --  22 pins available
        Info (176213): I/O bank number 5 does not use VREF pins and has 3.3V VCCIO pins. 34 total pin(s) used --  31 pins available
        Info (176213): I/O bank number 6 does not use VREF pins and has 3.3V VCCIO pins. 9 total pin(s) used --  49 pins available
        Info (176213): I/O bank number 7 does not use VREF pins and has 2.5V VCCIO pins. 30 total pin(s) used --  42 pins available
        Info (176213): I/O bank number 8 does not use VREF pins and has 3.3V VCCIO pins. 29 total pin(s) used --  42 pins available
Warning (15064): PLL "VIDEO_PLL:pll_ref1|altpll:altpll_component|VIDEO_PLL_altpll:auto_generated|pll1" output port clk[0] feeds output pin "VGA_CLK~output" via non-dedicated routing -- jitter performance depends on switching rate of other design elements. Use PLL dedicated clock outputs to ensure jitter performance File: D:/intelFPGA_lite/18.1/codigo/MNIST_Classification_FPGA-master/Project_FPGA/DE2_115_D8M_RTL/db/video_pll_altpll.v Line: 50
Warning (15055): PLL "pll_test:pll_ref|altpll:altpll_component|pll_test_altpll:auto_generated|pll1" input clock inclk[0] is not fully compensated and may have reduced jitter performance because it is fed by a non-dedicated input File: D:/intelFPGA_lite/18.1/codigo/MNIST_Classification_FPGA-master/Project_FPGA/DE2_115_D8M_RTL/db/pll_test_altpll.v Line: 46
    Info (15024): Input port INCLK[0] of node "pll_test:pll_ref|altpll:altpll_component|pll_test_altpll:auto_generated|pll1" is driven by CLOCK3_50~inputclkctrl which is OUTCLK output port of Clock control block type node CLOCK3_50~inputclkctrl File: D:/intelFPGA_lite/18.1/codigo/MNIST_Classification_FPGA-master/Project_FPGA/DE2_115_D8M_RTL/db/pll_test_altpll.v Line: 46
Warning (15064): PLL "pll_test:pll_ref|altpll:altpll_component|pll_test_altpll:auto_generated|pll1" output port clk[0] feeds output pin "cmos_xclk~output" via non-dedicated routing -- jitter performance depends on switching rate of other design elements. Use PLL dedicated clock outputs to ensure jitter performance File: D:/intelFPGA_lite/18.1/codigo/MNIST_Classification_FPGA-master/Project_FPGA/DE2_115_D8M_RTL/db/pll_test_altpll.v Line: 46
Warning (15705): Ignored locations or region assignments to the following nodes
    Warning (15706): Node "CAMERA_I2C_SCL" is assigned to location or region, but does not exist in design
    Warning (15706): Node "CAMERA_I2C_SDA" is assigned to location or region, but does not exist in design
    Warning (15706): Node "CAMERA_PWDN_n" is assigned to location or region, but does not exist in design
    Warning (15706): Node "MIPI_CS_n" is assigned to location or region, but does not exist in design
    Warning (15706): Node "MIPI_I2C_SCL" is assigned to location or region, but does not exist in design
    Warning (15706): Node "MIPI_I2C_SDA" is assigned to location or region, but does not exist in design
    Warning (15706): Node "MIPI_MCLK" is assigned to location or region, but does not exist in design
    Warning (15706): Node "MIPI_PIXEL_CLK" is assigned to location or region, but does not exist in design
    Warning (15706): Node "MIPI_PIXEL_D[0]" is assigned to location or region, but does not exist in design
    Warning (15706): Node "MIPI_PIXEL_D[1]" is assigned to location or region, but does not exist in design
    Warning (15706): Node "MIPI_PIXEL_D[2]" is assigned to location or region, but does not exist in design
    Warning (15706): Node "MIPI_PIXEL_D[3]" is assigned to location or region, but does not exist in design
    Warning (15706): Node "MIPI_PIXEL_D[4]" is assigned to location or region, but does not exist in design
    Warning (15706): Node "MIPI_PIXEL_D[5]" is assigned to location or region, but does not exist in design
    Warning (15706): Node "MIPI_PIXEL_D[6]" is assigned to location or region, but does not exist in design
    Warning (15706): Node "MIPI_PIXEL_D[7]" is assigned to location or region, but does not exist in design
    Warning (15706): Node "MIPI_PIXEL_D[8]" is assigned to location or region, but does not exist in design
    Warning (15706): Node "MIPI_PIXEL_D[9]" is assigned to location or region, but does not exist in design
    Warning (15706): Node "MIPI_PIXEL_HS" is assigned to location or region, but does not exist in design
    Warning (15706): Node "MIPI_PIXEL_VS" is assigned to location or region, but does not exist in design
    Warning (15706): Node "MIPI_REFCLK" is assigned to location or region, but does not exist in design
    Warning (15706): Node "MIPI_RESET_n" is assigned to location or region, but does not exist in design
Info (171121): Fitter preparation operations ending: elapsed time is 00:00:10
Info (14896): Fitter has disabled Advanced Physical Optimization because it is not supported for the current family.
Info (170189): Fitter placement preparation operations beginning
Info (170190): Fitter placement preparation operations ending: elapsed time is 00:00:02
Info (170191): Fitter placement operations beginning
Info (170137): Fitter placement was successful
Info (170192): Fitter placement operations ending: elapsed time is 00:00:16
Info (170193): Fitter routing operations beginning
Info (170195): Router estimated average interconnect usage is 1% of the available device resources
    Info (170196): Router estimated peak interconnect usage is 7% of the available device resources in the region that extends from location X46_Y37 to location X57_Y48
Info (170199): The Fitter performed an Auto Fit compilation.  Optimizations were skipped to reduce compilation time.
    Info (170201): Optimizations that may affect the design's routability were skipped
    Info (170200): Optimizations that may affect the design's timing were skipped
Info (170194): Fitter routing operations ending: elapsed time is 00:00:07
Info (11888): Total time spent on timing analysis during the Fitter is 3.97 seconds.
Info (334003): Started post-fitting delay annotation
Info (334004): Delay annotation completed successfully
Info (334003): Started post-fitting delay annotation
Info (334004): Delay annotation completed successfully
Info (11218): Fitter post-fit operations ending: elapsed time is 00:00:04
Warning (171167): Found invalid Fitter assignments. See the Ignored Assignments panel in the Fitter Compilation Report for more information.
Warning (169177): 70 pins must meet Intel FPGA requirements for 3.3-, 3.0-, and 2.5-V interfaces. For more information, refer to AN 447: Interfacing Cyclone IV E Devices with 3.3/3.0/2.5-V LVTTL/LVCMOS I/O Systems.
    Info (169178): Pin SW[0] uses I/O standard 3.3-V LVTTL at AB28 File: D:/intelFPGA_lite/18.1/codigo/MNIST_Classification_FPGA-master/Project_FPGA/DE2_115_D8M_RTL/de2_115_d8m_rtl.v Line: 23
    Info (169178): Pin SW[1] uses I/O standard 3.3-V LVTTL at AC28 File: D:/intelFPGA_lite/18.1/codigo/MNIST_Classification_FPGA-master/Project_FPGA/DE2_115_D8M_RTL/de2_115_d8m_rtl.v Line: 23
    Info (169178): Pin SW[2] uses I/O standard 3.3-V LVTTL at AC27 File: D:/intelFPGA_lite/18.1/codigo/MNIST_Classification_FPGA-master/Project_FPGA/DE2_115_D8M_RTL/de2_115_d8m_rtl.v Line: 23
    Info (169178): Pin SW[3] uses I/O standard 3.3-V LVTTL at AD27 File: D:/intelFPGA_lite/18.1/codigo/MNIST_Classification_FPGA-master/Project_FPGA/DE2_115_D8M_RTL/de2_115_d8m_rtl.v Line: 23
    Info (169178): Pin SW[4] uses I/O standard 3.3-V LVTTL at AB27 File: D:/intelFPGA_lite/18.1/codigo/MNIST_Classification_FPGA-master/Project_FPGA/DE2_115_D8M_RTL/de2_115_d8m_rtl.v Line: 23
    Info (169178): Pin SW[5] uses I/O standard 3.3-V LVTTL at AC26 File: D:/intelFPGA_lite/18.1/codigo/MNIST_Classification_FPGA-master/Project_FPGA/DE2_115_D8M_RTL/de2_115_d8m_rtl.v Line: 23
    Info (169178): Pin SW[6] uses I/O standard 3.3-V LVTTL at AD26 File: D:/intelFPGA_lite/18.1/codigo/MNIST_Classification_FPGA-master/Project_FPGA/DE2_115_D8M_RTL/de2_115_d8m_rtl.v Line: 23
    Info (169178): Pin SW[7] uses I/O standard 3.3-V LVTTL at AB26 File: D:/intelFPGA_lite/18.1/codigo/MNIST_Classification_FPGA-master/Project_FPGA/DE2_115_D8M_RTL/de2_115_d8m_rtl.v Line: 23
    Info (169178): Pin SW[8] uses I/O standard 3.3-V LVTTL at AC25 File: D:/intelFPGA_lite/18.1/codigo/MNIST_Classification_FPGA-master/Project_FPGA/DE2_115_D8M_RTL/de2_115_d8m_rtl.v Line: 23
    Info (169178): Pin SW[9] uses I/O standard 3.3-V LVTTL at AB25 File: D:/intelFPGA_lite/18.1/codigo/MNIST_Classification_FPGA-master/Project_FPGA/DE2_115_D8M_RTL/de2_115_d8m_rtl.v Line: 23
    Info (169178): Pin SW[10] uses I/O standard 3.3-V LVTTL at AC24 File: D:/intelFPGA_lite/18.1/codigo/MNIST_Classification_FPGA-master/Project_FPGA/DE2_115_D8M_RTL/de2_115_d8m_rtl.v Line: 23
    Info (169178): Pin SW[11] uses I/O standard 3.3-V LVTTL at AB24 File: D:/intelFPGA_lite/18.1/codigo/MNIST_Classification_FPGA-master/Project_FPGA/DE2_115_D8M_RTL/de2_115_d8m_rtl.v Line: 23
    Info (169178): Pin SW[12] uses I/O standard 3.3-V LVTTL at AB23 File: D:/intelFPGA_lite/18.1/codigo/MNIST_Classification_FPGA-master/Project_FPGA/DE2_115_D8M_RTL/de2_115_d8m_rtl.v Line: 23
    Info (169178): Pin SW[13] uses I/O standard 3.3-V LVTTL at AA24 File: D:/intelFPGA_lite/18.1/codigo/MNIST_Classification_FPGA-master/Project_FPGA/DE2_115_D8M_RTL/de2_115_d8m_rtl.v Line: 23
    Info (169178): Pin SW[14] uses I/O standard 3.3-V LVTTL at AA23 File: D:/intelFPGA_lite/18.1/codigo/MNIST_Classification_FPGA-master/Project_FPGA/DE2_115_D8M_RTL/de2_115_d8m_rtl.v Line: 23
    Info (169178): Pin SW[15] uses I/O standard 3.3-V LVTTL at AA22 File: D:/intelFPGA_lite/18.1/codigo/MNIST_Classification_FPGA-master/Project_FPGA/DE2_115_D8M_RTL/de2_115_d8m_rtl.v Line: 23
    Info (169178): Pin SW[16] uses I/O standard 3.3-V LVTTL at Y24 File: D:/intelFPGA_lite/18.1/codigo/MNIST_Classification_FPGA-master/Project_FPGA/DE2_115_D8M_RTL/de2_115_d8m_rtl.v Line: 23
    Info (169178): Pin SW[17] uses I/O standard 3.3-V LVTTL at Y23 File: D:/intelFPGA_lite/18.1/codigo/MNIST_Classification_FPGA-master/Project_FPGA/DE2_115_D8M_RTL/de2_115_d8m_rtl.v Line: 23
    Info (169178): Pin DRAM_DQ[0] uses I/O standard 3.3-V LVTTL at W3 File: D:/intelFPGA_lite/18.1/codigo/MNIST_Classification_FPGA-master/Project_FPGA/DE2_115_D8M_RTL/de2_115_d8m_rtl.v Line: 52
    Info (169178): Pin DRAM_DQ[1] uses I/O standard 3.3-V LVTTL at W2 File: D:/intelFPGA_lite/18.1/codigo/MNIST_Classification_FPGA-master/Project_FPGA/DE2_115_D8M_RTL/de2_115_d8m_rtl.v Line: 52
    Info (169178): Pin DRAM_DQ[2] uses I/O standard 3.3-V LVTTL at V4 File: D:/intelFPGA_lite/18.1/codigo/MNIST_Classification_FPGA-master/Project_FPGA/DE2_115_D8M_RTL/de2_115_d8m_rtl.v Line: 52
    Info (169178): Pin DRAM_DQ[3] uses I/O standard 3.3-V LVTTL at W1 File: D:/intelFPGA_lite/18.1/codigo/MNIST_Classification_FPGA-master/Project_FPGA/DE2_115_D8M_RTL/de2_115_d8m_rtl.v Line: 52
    Info (169178): Pin DRAM_DQ[4] uses I/O standard 3.3-V LVTTL at V3 File: D:/intelFPGA_lite/18.1/codigo/MNIST_Classification_FPGA-master/Project_FPGA/DE2_115_D8M_RTL/de2_115_d8m_rtl.v Line: 52
    Info (169178): Pin DRAM_DQ[5] uses I/O standard 3.3-V LVTTL at V2 File: D:/intelFPGA_lite/18.1/codigo/MNIST_Classification_FPGA-master/Project_FPGA/DE2_115_D8M_RTL/de2_115_d8m_rtl.v Line: 52
    Info (169178): Pin DRAM_DQ[6] uses I/O standard 3.3-V LVTTL at V1 File: D:/intelFPGA_lite/18.1/codigo/MNIST_Classification_FPGA-master/Project_FPGA/DE2_115_D8M_RTL/de2_115_d8m_rtl.v Line: 52
    Info (169178): Pin DRAM_DQ[7] uses I/O standard 3.3-V LVTTL at U3 File: D:/intelFPGA_lite/18.1/codigo/MNIST_Classification_FPGA-master/Project_FPGA/DE2_115_D8M_RTL/de2_115_d8m_rtl.v Line: 52
    Info (169178): Pin DRAM_DQ[8] uses I/O standard 3.3-V LVTTL at Y3 File: D:/intelFPGA_lite/18.1/codigo/MNIST_Classification_FPGA-master/Project_FPGA/DE2_115_D8M_RTL/de2_115_d8m_rtl.v Line: 52
    Info (169178): Pin DRAM_DQ[9] uses I/O standard 3.3-V LVTTL at Y4 File: D:/intelFPGA_lite/18.1/codigo/MNIST_Classification_FPGA-master/Project_FPGA/DE2_115_D8M_RTL/de2_115_d8m_rtl.v Line: 52
    Info (169178): Pin DRAM_DQ[10] uses I/O standard 3.3-V LVTTL at AB1 File: D:/intelFPGA_lite/18.1/codigo/MNIST_Classification_FPGA-master/Project_FPGA/DE2_115_D8M_RTL/de2_115_d8m_rtl.v Line: 52
    Info (169178): Pin DRAM_DQ[11] uses I/O standard 3.3-V LVTTL at AA3 File: D:/intelFPGA_lite/18.1/codigo/MNIST_Classification_FPGA-master/Project_FPGA/DE2_115_D8M_RTL/de2_115_d8m_rtl.v Line: 52
    Info (169178): Pin DRAM_DQ[12] uses I/O standard 3.3-V LVTTL at AB2 File: D:/intelFPGA_lite/18.1/codigo/MNIST_Classification_FPGA-master/Project_FPGA/DE2_115_D8M_RTL/de2_115_d8m_rtl.v Line: 52
    Info (169178): Pin DRAM_DQ[13] uses I/O standard 3.3-V LVTTL at AC1 File: D:/intelFPGA_lite/18.1/codigo/MNIST_Classification_FPGA-master/Project_FPGA/DE2_115_D8M_RTL/de2_115_d8m_rtl.v Line: 52
    Info (169178): Pin DRAM_DQ[14] uses I/O standard 3.3-V LVTTL at AB3 File: D:/intelFPGA_lite/18.1/codigo/MNIST_Classification_FPGA-master/Project_FPGA/DE2_115_D8M_RTL/de2_115_d8m_rtl.v Line: 52
    Info (169178): Pin DRAM_DQ[15] uses I/O standard 3.3-V LVTTL at AC2 File: D:/intelFPGA_lite/18.1/codigo/MNIST_Classification_FPGA-master/Project_FPGA/DE2_115_D8M_RTL/de2_115_d8m_rtl.v Line: 52
    Info (169178): Pin DRAM_DQ[16] uses I/O standard 3.3-V LVTTL at M8 File: D:/intelFPGA_lite/18.1/codigo/MNIST_Classification_FPGA-master/Project_FPGA/DE2_115_D8M_RTL/de2_115_d8m_rtl.v Line: 52
    Info (169178): Pin DRAM_DQ[17] uses I/O standard 3.3-V LVTTL at L8 File: D:/intelFPGA_lite/18.1/codigo/MNIST_Classification_FPGA-master/Project_FPGA/DE2_115_D8M_RTL/de2_115_d8m_rtl.v Line: 52
    Info (169178): Pin DRAM_DQ[18] uses I/O standard 3.3-V LVTTL at P2 File: D:/intelFPGA_lite/18.1/codigo/MNIST_Classification_FPGA-master/Project_FPGA/DE2_115_D8M_RTL/de2_115_d8m_rtl.v Line: 52
    Info (169178): Pin DRAM_DQ[19] uses I/O standard 3.3-V LVTTL at N3 File: D:/intelFPGA_lite/18.1/codigo/MNIST_Classification_FPGA-master/Project_FPGA/DE2_115_D8M_RTL/de2_115_d8m_rtl.v Line: 52
    Info (169178): Pin DRAM_DQ[20] uses I/O standard 3.3-V LVTTL at N4 File: D:/intelFPGA_lite/18.1/codigo/MNIST_Classification_FPGA-master/Project_FPGA/DE2_115_D8M_RTL/de2_115_d8m_rtl.v Line: 52
    Info (169178): Pin DRAM_DQ[21] uses I/O standard 3.3-V LVTTL at M4 File: D:/intelFPGA_lite/18.1/codigo/MNIST_Classification_FPGA-master/Project_FPGA/DE2_115_D8M_RTL/de2_115_d8m_rtl.v Line: 52
    Info (169178): Pin DRAM_DQ[22] uses I/O standard 3.3-V LVTTL at M7 File: D:/intelFPGA_lite/18.1/codigo/MNIST_Classification_FPGA-master/Project_FPGA/DE2_115_D8M_RTL/de2_115_d8m_rtl.v Line: 52
    Info (169178): Pin DRAM_DQ[23] uses I/O standard 3.3-V LVTTL at L7 File: D:/intelFPGA_lite/18.1/codigo/MNIST_Classification_FPGA-master/Project_FPGA/DE2_115_D8M_RTL/de2_115_d8m_rtl.v Line: 52
    Info (169178): Pin DRAM_DQ[24] uses I/O standard 3.3-V LVTTL at U5 File: D:/intelFPGA_lite/18.1/codigo/MNIST_Classification_FPGA-master/Project_FPGA/DE2_115_D8M_RTL/de2_115_d8m_rtl.v Line: 52
    Info (169178): Pin DRAM_DQ[25] uses I/O standard 3.3-V LVTTL at R7 File: D:/intelFPGA_lite/18.1/codigo/MNIST_Classification_FPGA-master/Project_FPGA/DE2_115_D8M_RTL/de2_115_d8m_rtl.v Line: 52
    Info (169178): Pin DRAM_DQ[26] uses I/O standard 3.3-V LVTTL at R1 File: D:/intelFPGA_lite/18.1/codigo/MNIST_Classification_FPGA-master/Project_FPGA/DE2_115_D8M_RTL/de2_115_d8m_rtl.v Line: 52
    Info (169178): Pin DRAM_DQ[27] uses I/O standard 3.3-V LVTTL at R2 File: D:/intelFPGA_lite/18.1/codigo/MNIST_Classification_FPGA-master/Project_FPGA/DE2_115_D8M_RTL/de2_115_d8m_rtl.v Line: 52
    Info (169178): Pin DRAM_DQ[28] uses I/O standard 3.3-V LVTTL at R3 File: D:/intelFPGA_lite/18.1/codigo/MNIST_Classification_FPGA-master/Project_FPGA/DE2_115_D8M_RTL/de2_115_d8m_rtl.v Line: 52
    Info (169178): Pin DRAM_DQ[29] uses I/O standard 3.3-V LVTTL at T3 File: D:/intelFPGA_lite/18.1/codigo/MNIST_Classification_FPGA-master/Project_FPGA/DE2_115_D8M_RTL/de2_115_d8m_rtl.v Line: 52
    Info (169178): Pin DRAM_DQ[30] uses I/O standard 3.3-V LVTTL at U4 File: D:/intelFPGA_lite/18.1/codigo/MNIST_Classification_FPGA-master/Project_FPGA/DE2_115_D8M_RTL/de2_115_d8m_rtl.v Line: 52
    Info (169178): Pin DRAM_DQ[31] uses I/O standard 3.3-V LVTTL at U1 File: D:/intelFPGA_lite/18.1/codigo/MNIST_Classification_FPGA-master/Project_FPGA/DE2_115_D8M_RTL/de2_115_d8m_rtl.v Line: 52
    Info (169178): Pin cmos_scl uses I/O standard 3.3-V LVTTL at AE21 File: D:/intelFPGA_lite/18.1/codigo/MNIST_Classification_FPGA-master/Project_FPGA/DE2_115_D8M_RTL/de2_115_d8m_rtl.v Line: 58
    Info (169178): Pin cmos_sda uses I/O standard 3.3-V LVTTL at AF24 File: D:/intelFPGA_lite/18.1/codigo/MNIST_Classification_FPGA-master/Project_FPGA/DE2_115_D8M_RTL/de2_115_d8m_rtl.v Line: 59
    Info (169178): Pin cmos_pclk uses I/O standard 3.3-V LVTTL at AD15 File: D:/intelFPGA_lite/18.1/codigo/MNIST_Classification_FPGA-master/Project_FPGA/DE2_115_D8M_RTL/de2_115_d8m_rtl.v Line: 63
    Info (169178): Pin CLOCK2_50 uses I/O standard 3.3-V LVTTL at AG14 File: D:/intelFPGA_lite/18.1/codigo/MNIST_Classification_FPGA-master/Project_FPGA/DE2_115_D8M_RTL/de2_115_d8m_rtl.v Line: 11
    Info (169178): Pin KEY[0] uses I/O standard 3.3-V LVTTL at M23 File: D:/intelFPGA_lite/18.1/codigo/MNIST_Classification_FPGA-master/Project_FPGA/DE2_115_D8M_RTL/de2_115_d8m_rtl.v Line: 20
    Info (169178): Pin CLOCK_50 uses I/O standard 3.3-V LVTTL at Y2 File: D:/intelFPGA_lite/18.1/codigo/MNIST_Classification_FPGA-master/Project_FPGA/DE2_115_D8M_RTL/de2_115_d8m_rtl.v Line: 13
    Info (169178): Pin CLOCK3_50 uses I/O standard 3.3-V LVTTL at AG15 File: D:/intelFPGA_lite/18.1/codigo/MNIST_Classification_FPGA-master/Project_FPGA/DE2_115_D8M_RTL/de2_115_d8m_rtl.v Line: 12
    Info (169178): Pin cmos_vsync uses I/O standard 3.3-V LVTTL at AC19 File: D:/intelFPGA_lite/18.1/codigo/MNIST_Classification_FPGA-master/Project_FPGA/DE2_115_D8M_RTL/de2_115_d8m_rtl.v Line: 65
    Info (169178): Pin cmos_href uses I/O standard 3.3-V LVTTL at AF16 File: D:/intelFPGA_lite/18.1/codigo/MNIST_Classification_FPGA-master/Project_FPGA/DE2_115_D8M_RTL/de2_115_d8m_rtl.v Line: 64
    Info (169178): Pin KEY[2] uses I/O standard 3.3-V LVTTL at N21 File: D:/intelFPGA_lite/18.1/codigo/MNIST_Classification_FPGA-master/Project_FPGA/DE2_115_D8M_RTL/de2_115_d8m_rtl.v Line: 20
    Info (169178): Pin KEY[1] uses I/O standard 3.3-V LVTTL at M21 File: D:/intelFPGA_lite/18.1/codigo/MNIST_Classification_FPGA-master/Project_FPGA/DE2_115_D8M_RTL/de2_115_d8m_rtl.v Line: 20
    Info (169178): Pin KEY[3] uses I/O standard 3.3-V LVTTL at R24 File: D:/intelFPGA_lite/18.1/codigo/MNIST_Classification_FPGA-master/Project_FPGA/DE2_115_D8M_RTL/de2_115_d8m_rtl.v Line: 20
    Info (169178): Pin cmos_db[3] uses I/O standard 3.3-V LVTTL at Y17 File: D:/intelFPGA_lite/18.1/codigo/MNIST_Classification_FPGA-master/Project_FPGA/DE2_115_D8M_RTL/de2_115_d8m_rtl.v Line: 66
    Info (169178): Pin cmos_db[4] uses I/O standard 3.3-V LVTTL at AC21 File: D:/intelFPGA_lite/18.1/codigo/MNIST_Classification_FPGA-master/Project_FPGA/DE2_115_D8M_RTL/de2_115_d8m_rtl.v Line: 66
    Info (169178): Pin cmos_db[1] uses I/O standard 3.3-V LVTTL at AC15 File: D:/intelFPGA_lite/18.1/codigo/MNIST_Classification_FPGA-master/Project_FPGA/DE2_115_D8M_RTL/de2_115_d8m_rtl.v Line: 66
    Info (169178): Pin cmos_db[2] uses I/O standard 3.3-V LVTTL at AB21 File: D:/intelFPGA_lite/18.1/codigo/MNIST_Classification_FPGA-master/Project_FPGA/DE2_115_D8M_RTL/de2_115_d8m_rtl.v Line: 66
    Info (169178): Pin cmos_db[0] uses I/O standard 3.3-V LVTTL at AB22 File: D:/intelFPGA_lite/18.1/codigo/MNIST_Classification_FPGA-master/Project_FPGA/DE2_115_D8M_RTL/de2_115_d8m_rtl.v Line: 66
    Info (169178): Pin cmos_db[6] uses I/O standard 3.3-V LVTTL at AD21 File: D:/intelFPGA_lite/18.1/codigo/MNIST_Classification_FPGA-master/Project_FPGA/DE2_115_D8M_RTL/de2_115_d8m_rtl.v Line: 66
    Info (169178): Pin cmos_db[5] uses I/O standard 3.3-V LVTTL at Y16 File: D:/intelFPGA_lite/18.1/codigo/MNIST_Classification_FPGA-master/Project_FPGA/DE2_115_D8M_RTL/de2_115_d8m_rtl.v Line: 66
    Info (169178): Pin cmos_db[7] uses I/O standard 3.3-V LVTTL at AE16 File: D:/intelFPGA_lite/18.1/codigo/MNIST_Classification_FPGA-master/Project_FPGA/DE2_115_D8M_RTL/de2_115_d8m_rtl.v Line: 66
Warning (169064): Following 1 pins have no output enable or a GND or VCC output enable - later changes to this connectivity may change fitting results
    Info (169065): Pin cmos_scl has a permanently enabled output enable File: D:/intelFPGA_lite/18.1/codigo/MNIST_Classification_FPGA-master/Project_FPGA/DE2_115_D8M_RTL/de2_115_d8m_rtl.v Line: 58
Info (144001): Generated suppressed messages file D:/intelFPGA_lite/18.1/codigo/MNIST_Classification_FPGA-master/Project_FPGA/DE2_115_D8M_RTL/output_files/DE2_115_D8M_RTL.fit.smsg
Info: Quartus Prime Fitter was successful. 0 errors, 70 warnings
    Info: Peak virtual memory: 5560 megabytes
    Info: Processing ended: Wed Sep 09 23:48:38 2026
    Info: Elapsed time: 00:01:04
    Info: Total CPU time (on all processors): 00:01:18


+----------------------------+
; Fitter Suppressed Messages ;
+----------------------------+
The suppressed messages can be found in D:/intelFPGA_lite/18.1/codigo/MNIST_Classification_FPGA-master/Project_FPGA/DE2_115_D8M_RTL/output_files/DE2_115_D8M_RTL.fit.smsg.


